Order_ID,Order_Date,Shipping_Date,Customer_Segment,Product_Category,Quantity,Sales_USD,Shipping_Cost_USD,Delivery_Time_Days,Estimated_Delivery_Days,Distance_KM,Warehouse_Code,Region,Shipping_Mode,Delivery_Status,Customer_Rating,Order_Processing_Days,Shipping_Delay_Days,Is_Delayed,Cost_Per_Unit,Cost_Per_KM,Speed_Index_KMPD,Enc_Shipping_Mode_Express Air,Enc_Shipping_Mode_Ground Freight,Enc_Shipping_Mode_Same-Day Courier,Enc_Shipping_Mode_Standard Delivery,Enc_Customer_Segment_Consumer,Enc_Customer_Segment_Corporate,Enc_Customer_Segment_Home Office,Enc_Customer_Segment_Small Business,Enc_Region_Central,Enc_Region_East,Enc_Region_North,Enc_Region_South,Enc_Region_West,Norm_Quantity,Norm_Sales_USD,Norm_Shipping_Cost_USD,Norm_Delivery_Time_Days,Norm_Distance_KM,Norm_Cost_Per_Unit,Norm_Cost_Per_KM
ORD-2024-2179,2024-03-12,2024-03-13,Corporate,Apparel,1,79.81,66.97,6.9,5,1275.4,WH-Central,South,Standard Delivery,Delivered,5.0,1,1.9,1,66.97,0.0525,184.84,0,0,0,1,0,1,0,0,0,0,0,1,0,0.0,0.0233,0.262,0.5792,0.6597,0.2802,0.0189
ORD-2024-1342,2024-02-06,2024-02-10,Consumer,Electronics,4,1192.24,46.28,5.7,5,508.9,WH-East,Central,Standard Delivery,Delivered,5.0,4,0.7,1,11.57,0.0909,89.28,0,0,0,1,1,0,0,0,1,0,0,0,0,0.038,0.5442,0.1701,0.4706,0.233,0.0401,0.0374
ORD-2024-1649,2024-03-13,2024-03-17,Corporate,Apparel,4,310.56,81.15,2.4,2,269.9,WH-North,East,Express Air,Delivered,4.0,4,0.4,1,20.29,0.3007,112.46,1,0,0,0,0,1,0,0,0,1,0,0,0,0.038,0.1314,0.325,0.1719,0.1,0.0779,0.1385
ORD-2024-1772,2024-03-20,2024-03-24,Consumer,Healthcare Supplies,8,953.17,103.39,8.0,5,1685.5,WH-Central,West,Standard Delivery,Delivered,4.0,4,3.0,1,12.92,0.0613,210.69,0,0,0,1,1,0,0,0,0,0,0,0,1,0.0886,0.4323,0.4238,0.6787,0.8879,0.046,0.0231
ORD-2024-1803,2024-05-08,2024-05-10,Corporate,Healthcare Supplies,2,250.5,75.37,3.7,7,737.2,WH-Central,South,Ground Freight,Delivered,5.0,2,-3.3,0,37.68,0.1022,199.24,0,1,0,0,0,1,0,0,0,0,0,1,0,0.0127,0.1033,0.2993,0.2896,0.3601,0.1533,0.0428
ORD-2024-1358,2024-05-20,2024-05-22,Small Business,Electronics,1,265.85,94.28,4.3,7,1112.7,WH-Central,North,Ground Freight,Delivered,4.0,2,-2.7,0,94.28,0.0847,258.77,0,1,0,0,0,0,0,1,0,0,1,0,0,0.0,0.1105,0.3833,0.3439,0.5691,0.3986,0.0344
ORD-2024-1044,2024-05-05,2024-05-09,Consumer,Apparel,3,237.87,100.87,2.9,2,1886.88,WH-North,North,Express Air,Delayed,3.0,4,0.9,1,33.62,0.0535,650.65,1,0,0,0,1,0,0,0,0,0,1,0,0,0.0253,0.0974,0.4126,0.2172,1.0,0.1357,0.0194
ORD-2024-1231,2024-04-05,2024-04-06,Corporate,Electronics,8,1918.02,79.83,7.7,5,1193.7,WH-West,East,Standard Delivery,Delivered,3.0,1,2.7,1,9.98,0.0669,155.03,0,0,0,1,0,1,0,0,0,1,0,0,0,0.0886,0.8841,0.3191,0.6516,0.6142,0.0332,0.0258
ORD-2024-1618,2024-06-04,2024-06-08,Home Office,Electronics,2,510.06,233.0,4.6,2,1886.88,WH-North,North,Express Air,Delivered,3.0,4,2.6,1,116.5,0.1235,410.19,1,0,0,0,0,0,1,0,0,0,1,0,0,0.0127,0.2248,0.9997,0.371,1.0,0.4948,0.0531
ORD-2024-1043,2024-01-17,2024-01-18,Small Business,Industrial Machinery,1,1432.57,72.94,3.4,2,227.6,WH-West,East,Express Air,Delivered,4.0,1,1.4,1,72.94,0.3205,66.94,1,0,0,0,0,0,0,1,0,1,0,0,0,0.0,0.6568,0.2885,0.2624,0.0765,0.3061,0.1481
ORD-2024-1588,2024-05-19,2024-05-20,Consumer,Healthcare Supplies,2,206.91,155.16,1.6,1,641.1,WH-South,East,Same-Day Courier,Delivered,5.0,1,0.6,1,77.58,0.242,400.69,0,0,1,0,1,0,0,0,0,1,0,0,0,0.0127,0.0829,0.6538,0.0995,0.3066,0.3262,0.1102
ORD-2024-1063,2024-01-08,2024-01-12,Consumer,Apparel,1,60.35,28.49,4.8,5,274.7,WH-East,North,Standard Delivery,Delivered,5.0,4,-0.2,0,28.49,0.1037,57.23,0,0,0,1,1,0,0,0,0,0,1,0,0,0.0,0.0142,0.091,0.3891,0.1027,0.1135,0.0436
ORD-2024-2015,2024-02-02,2024-02-04,Small Business,Industrial Machinery,1,1259.91,79.4,7.4,7,915.3,WH-Central,Central,Ground Freight,Delivered,4.0,2,0.4,1,79.4,0.0867,123.69,0,1,0,0,0,0,0,1,1,0,0,0,0,0.0,0.5759,0.3172,0.6244,0.4592,0.3341,0.0354
ORD-2024-1270,2024-03-15,2024-03-17,Home Office,Electronics,4,996.02,67.53,6.7,5,1886.88,WH-South,North,Standard Delivery,Delayed,1.0,2,1.7,1,16.88,0.0358,281.62,0,0,0,1,0,0,1,0,0,0,1,0,0,0.038,0.4523,0.2645,0.5611,1.0,0.0631,0.0108
ORD-2024-2140,2024-04-08,2024-04-10,Home Office,Office Supplies,3,107.21,59.94,6.7,5,805.6,WH-South,North,Standard Delivery,Delivered,3.0,2,1.7,1,19.98,0.0744,120.24,0,0,0,1,0,0,1,0,0,0,1,0,0,0.0253,0.0362,0.2308,0.5611,0.3982,0.0766,0.0294
ORD-2024-1076,2024-03-19,2024-03-23,Home Office,Electronics,2,514.51,115.54,4.0,2,607.5,WH-East,Central,Express Air,Delayed,2.0,4,2.0,1,57.77,0.1902,151.88,1,0,0,0,0,0,1,0,1,0,0,0,0,0.0127,0.2269,0.4778,0.3167,0.2879,0.2403,0.0853
ORD-2024-1081,2024-04-19,2024-04-21,Corporate,Apparel,10,553.47,85.13,5.8,5,1188.5,WH-West,Central,Standard Delivery,Delayed,3.0,2,0.8,1,8.51,0.0716,204.91,0,0,0,1,0,1,0,0,1,0,0,0,0,0.1139,0.2451,0.3427,0.4796,0.6113,0.0269,0.0281
ORD-2024-1643,2024-05-16,2024-05-17,Consumer,Electronics,3,702.82,71.12,7.0,5,1225.9,WH-North,East,Standard Delivery,Delayed,2.0,1,2.0,1,23.71,0.058,175.13,0,0,0,1,1,0,0,0,0,1,0,0,0,0.0253,0.3151,0.2804,0.5882,0.6321,0.0927,0.0215
ORD-2024-1670,2024-02-06,2024-02-09,Consumer,Industrial Machinery,1,1484.31,60.07,7.0,7,694.4,WH-North,West,Ground Freight,Delivered,5.0,3,0.0,0,60.07,0.0865,99.2,0,1,0,0,1,0,0,0,0,0,0,0,1,0.0,0.681,0.2314,0.5882,0.3363,0.2503,0.0353
ORD-2024-1486,2024-06-20,2024-06-21,Consumer,Office Supplies,2,80.66,38.51,5.0,5,468.5,WH-North,North,Standard Delivery,Delivered,4.0,1,0.0,0,19.26,0.0822,93.7,0,0,0,1,1,0,0,0,0,0,1,0,0,0.0127,0.0237,0.1356,0.4072,0.2106,0.0735,0.0332
ORD-2024-1155,2024-06-03,2024-06-06,Consumer,Office Supplies,3,110.66,53.41,5.7,5,1123.0,WH-East,South,Standard Delivery,Delivered,4.0,3,0.7,1,17.8,0.0476,197.02,0,0,0,1,1,0,0,0,0,0,0,1,0,0.0253,0.0378,0.2018,0.4706,0.5748,0.0671,0.0165
ORD-2024-1718,2024-02-29,2024-03-03,Consumer,Office Supplies,5,159.65,71.04,7.2,5,1293.7,WH-Central,West,Standard Delivery,Delivered,3.0,3,2.2,1,14.21,0.0549,179.68,0,0,0,1,1,0,0,0,0,0,0,0,1,0.0506,0.0607,0.2801,0.6063,0.6698,0.0516,0.0201
ORD-2024-1867,2024-03-15,2024-03-16,Consumer,Industrial Machinery,50,2165.61,142.31,6.9,5,401.7,WH-Central,South,Standard Delivery,Delivered,4.0,1,1.9,1,2.85,0.3543,58.22,0,0,0,1,1,0,0,0,0,0,0,1,0,0.6203,1.0,0.5967,0.5792,0.1734,0.0023,0.1644
ORD-2024-1771,2024-05-12,2024-05-13,Home Office,Industrial Machinery,10,2165.61,161.75,1.0,2,529.6,WH-East,North,Express Air,Delivered,3.0,1,-1.0,0,16.18,0.3054,529.6,1,0,0,0,0,0,1,0,0,0,1,0,0,0.1139,1.0,0.6831,0.0452,0.2446,0.0601,0.1408
ORD-2024-2181,2024-03-08,2024-03-09,Consumer,Apparel,3,178.98,8.0,5.7,5,600.6,WH-South,North,Standard Delivery,Delivered,5.0,1,0.7,1,2.67,0.0133,105.37,0,0,0,1,1,0,0,0,0,0,1,0,0,0.0253,0.0698,0.0,0.4706,0.2841,0.0016,0.0
ORD-2024-1781,2024-05-20,2024-05-24,Corporate,Industrial Machinery,2,2165.61,67.18,7.3,5,1334.0,WH-North,North,Standard Delivery,Delivered,3.0,4,2.3,1,33.59,0.0504,182.74,0,0,0,1,0,1,0,0,0,0,1,0,0,0.0127,1.0,0.2629,0.6154,0.6923,0.1356,0.0179
ORD-2024-2030,2024-03-15,2024-03-18,Consumer,Electronics,1,257.71,107.6,4.5,2,687.1,WH-North,South,Express Air,Delivered,3.0,3,2.5,1,107.6,0.1566,152.69,1,0,0,0,1,0,0,0,0,0,0,1,0,0.0,0.1066,0.4425,0.362,0.3322,0.4563,0.0691
ORD-2024-1858,2024-03-30,2024-04-02,Corporate,Electronics,1,233.83,67.43,6.5,5,1189.5,WH-Central,West,Standard Delivery,Delivered,4.0,3,1.5,1,67.43,0.0567,183.0,0,0,0,1,0,1,0,0,0,0,0,0,1,0.0,0.0955,0.2641,0.543,0.6119,0.2822,0.0209
ORD-2024-1732,2024-01-08,2024-01-09,Corporate,Office Supplies,3,91.95,232.31,2.2,2,1609.9,WH-East,North,Express Air,Delivered,5.0,1,0.2,1,77.44,0.1443,731.77,1,0,0,0,0,1,0,0,0,0,1,0,0,0.0253,0.029,0.9966,0.1538,0.8458,0.3256,0.0631
ORD-2024-1294,2024-06-06,2024-06-08,Consumer,Healthcare Supplies,15,1607.89,86.14,7.3,7,443.7,WH-South,South,Ground Freight,Delivered,5.0,2,0.3,1,5.74,0.1941,60.78,0,1,0,0,1,0,0,0,0,0,0,1,0,0.1772,0.7389,0.3472,0.6154,0.1968,0.0149,0.0871
ORD-2024-1221,2024-06-07,2024-06-08,Corporate,Apparel,1,67.05,33.05,5.7,5,448.4,WH-East,West,Standard Delivery,Delivered,4.0,1,0.7,1,33.05,0.0737,78.67,0,0,0,1,0,1,0,0,0,0,0,0,1,0.0,0.0174,0.1113,0.4706,0.1994,0.1332,0.0291
ORD-2024-2192,2024-03-21,2024-03-24,Consumer,Apparel,8,477.33,62.01,6.4,7,332.7,WH-West,West,Ground Freight,Delivered,5.0,3,-0.6,0,7.75,0.1864,51.98,0,1,0,0,1,0,0,0,0,0,0,0,1,0.0886,0.2095,0.24,0.5339,0.135,0.0236,0.0834
ORD-2024-1184,2024-03-07,2024-03-11,Consumer,Electronics,1,219.93,149.29,10.0,7,1886.88,WH-South,South,Ground Freight,Delivered,4.0,4,3.0,1,149.29,0.0791,188.69,0,1,0,0,1,0,0,0,0,0,0,1,0,0.0,0.089,0.6278,0.8597,1.0,0.6369,0.0317
ORD-2024-1101,2024-05-18,2024-05-21,Corporate,Industrial Machinery,5,2165.61,216.14,6.1,2,1627.5,WH-North,North,Express Air,Delayed,1.0,3,4.1,1,43.23,0.1328,266.8,1,0,0,0,0,1,0,0,0,0,1,0,0,0.0506,1.0,0.9248,0.5068,0.8556,0.1773,0.0576
ORD-2024-1275,2024-05-02,2024-05-04,Corporate,Electronics,2,561.23,42.11,5.0,5,504.7,WH-West,South,Standard Delivery,Delivered,5.0,2,0.0,0,21.06,0.0834,100.94,0,0,0,1,0,1,0,0,0,0,0,1,0,0.0127,0.2488,0.1516,0.4072,0.2307,0.0813,0.0338
ORD-2024-1023,2024-01-06,2024-01-10,Consumer,Electronics,1,310.44,132.29,2.7,2,759.5,WH-West,South,Express Air,Delivered,4.0,4,0.7,1,132.29,0.1742,281.3,1,0,0,0,1,0,0,0,0,0,0,1,0,0.0,0.1313,0.5522,0.1991,0.3725,0.5633,0.0775
ORD-2024-1485,2024-06-04,2024-06-07,Small Business,Apparel,1,60.6,155.03,1.9,1,729.7,WH-South,Central,Same-Day Courier,Delivered,4.0,3,0.9,1,155.03,0.2125,384.05,0,0,1,0,0,0,0,1,1,0,0,0,0,0.0,0.0143,0.6533,0.1267,0.3559,0.6618,0.096
ORD-2024-1078,2024-01-17,2024-01-18,Consumer,Industrial Machinery,4,2165.61,81.94,6.0,5,1427.1,WH-West,South,Standard Delivery,Delivered,5.0,1,1.0,1,20.48,0.0574,237.85,0,0,0,1,1,0,0,0,0,0,0,1,0,0.038,1.0,0.3285,0.4977,0.7441,0.0787,0.0213
ORD-2024-2043,2024-03-13,2024-03-14,Corporate,Office Supplies,1,40.33,33.45,5.6,5,447.9,WH-South,South,Standard Delivery,Delivered,4.0,1,0.6,1,33.45,0.0747,79.98,0,0,0,1,0,1,0,0,0,0,0,1,0,0.0,0.0049,0.1131,0.4615,0.1991,0.1349,0.0296
ORD-2024-2213,2024-06-20,2024-06-23,Home Office,Industrial Machinery,3,2165.61,43.71,6.2,5,563.3,WH-West,East,Standard Delivery,Delivered,5.0,3,1.2,1,14.57,0.0776,90.85,0,0,0,1,0,0,1,0,0,1,0,0,0,0.0253,1.0,0.1587,0.5158,0.2633,0.0531,0.031
ORD-2024-1128,2024-05-14,2024-05-16,Consumer,Office Supplies,8,288.16,101.65,7.6,5,1485.4,WH-East,East,Standard Delivery,Delayed,2.0,2,2.6,1,12.71,0.0684,195.45,0,0,0,1,1,0,0,0,0,1,0,0,0,0.0886,0.1209,0.4161,0.6425,0.7765,0.0451,0.0266
ORD-2024-1997,2024-06-06,2024-06-09,Consumer,Apparel,2,155.95,71.67,6.6,7,922.3,WH-North,Central,Ground Freight,Delivered,4.0,3,-0.4,0,35.84,0.0777,139.74,0,1,0,0,1,0,0,0,1,0,0,0,0,0.0127,0.059,0.2829,0.552,0.4631,0.1453,0.031
ORD-2024-1621,2024-05-10,2024-05-11,Consumer,Electronics,2,593.44,215.13,3.4,1,1159.7,WH-South,North,Same-Day Courier,Delayed,1.0,1,2.4,1,107.56,0.1855,341.09,0,0,1,0,1,0,0,0,0,0,1,0,0,0.0127,0.2638,0.9203,0.2624,0.5953,0.4561,0.083
ORD-2024-1668,2024-05-08,2024-05-09,Consumer,Office Supplies,2,75.78,59.84,7.1,5,1040.6,WH-South,West,Standard Delivery,Delivered,3.0,1,2.1,1,29.92,0.0575,146.56,0,0,0,1,1,0,0,0,0,0,0,0,1,0.0127,0.0215,0.2303,0.5973,0.529,0.1196,0.0213
ORD-2024-1051,2024-03-27,2024-03-30,Home Office,Healthcare Supplies,10,992.89,148.74,10.5,7,1886.88,WH-Central,North,Ground Freight,Returned,1.0,3,3.5,1,14.87,0.0788,179.7,0,1,0,0,0,0,1,0,0,0,1,0,0,0.1139,0.4509,0.6253,0.905,1.0,0.0544,0.0316
ORD-2024-1479,2024-04-24,2024-04-27,Corporate,Industrial Machinery,1,1452.42,49.98,6.1,5,754.4,WH-North,Central,Standard Delivery,Delayed,2.0,3,1.1,1,49.98,0.0663,123.67,0,0,0,1,0,1,0,0,1,0,0,0,0,0.0,0.6661,0.1865,0.5068,0.3697,0.2066,0.0255
ORD-2024-1963,2024-03-08,2024-03-10,Consumer,Healthcare Supplies,1,111.13,117.1,8.5,7,1436.1,WH-West,East,Ground Freight,Delivered,4.0,2,1.5,1,117.1,0.0815,168.95,0,1,0,0,1,0,0,0,0,1,0,0,0,0.0,0.038,0.4847,0.724,0.7491,0.4974,0.0329
ORD-2024-1582,2024-05-27,2024-05-30,Corporate,Industrial Machinery,8,2165.61,69.39,7.4,7,386.5,WH-South,North,Ground Freight,Delivered,4.0,3,0.4,1,8.67,0.1795,52.23,0,1,0,0,0,1,0,0,0,0,1,0,0,0.0886,1.0,0.2728,0.6244,0.1649,0.0276,0.0801
ORD-2024-1730,2024-06-12,2024-06-13,Consumer,Electronics,4,1046.05,49.23,6.4,7,239.4,WH-North,East,Ground Freight,Delivered,5.0,1,-0.6,0,12.31,0.2056,37.41,0,1,0,0,1,0,0,0,0,1,0,0,0,0.038,0.4758,0.1832,0.5339,0.083,0.0433,0.0927
ORD-2024-1265,2024-03-18,2024-03-20,Corporate,Electronics,5,1369.52,126.38,3.7,2,523.8,WH-South,Central,Express Air,Delivered,4.0,2,1.7,1,25.28,0.2413,141.57,1,0,0,0,0,1,0,0,1,0,0,0,0,0.0506,0.6272,0.526,0.2896,0.2413,0.0995,0.1099
ORD-2024-1239,2024-06-11,2024-06-13,Consumer,Office Supplies,2,83.36,28.76,5.5,5,203.0,WH-Central,North,Standard Delivery,Delivered,3.0,2,0.5,1,14.38,0.1417,36.91,0,0,0,1,1,0,0,0,0,0,1,0,0,0.0127,0.025,0.0922,0.4525,0.0628,0.0523,0.0619
ORD-2024-1346,2024-01-25,2024-01-26,Corporate,Electronics,2,431.63,80.24,6.6,5,1394.3,WH-North,West,Standard Delivery,Delivered,4.0,1,1.6,1,40.12,0.0575,211.26,0,0,0,1,0,1,0,0,0,0,0,0,1,0.0127,0.1881,0.321,0.552,0.7258,0.1638,0.0213
ORD-2024-1306,2024-06-08,2024-06-11,Corporate,Industrial Machinery,1,1451.15,27.88,6.1,5,738.0,WH-West,West,Standard Delivery,Delivered,4.0,3,1.1,1,27.88,0.0378,120.98,0,0,0,1,0,1,0,0,0,0,0,0,1,0.0,0.6655,0.0883,0.5068,0.3606,0.1108,0.0118
ORD-2024-1363,2024-03-20,2024-03-22,Corporate,Office Supplies,4,124.59,218.57,4.7,2,1379.8,WH-North,East,Express Air,Delivered,4.0,2,2.7,1,54.64,0.1584,293.57,1,0,0,0,0,1,0,0,0,1,0,0,0,0.038,0.0443,0.9356,0.3801,0.7178,0.2268,0.0699
ORD-2024-2072,2024-04-22,2024-04-26,Consumer,Industrial Machinery,2,2165.61,53.41,3.0,5,197.0,WH-South,West,Standard Delivery,Delivered,4.0,4,-2.0,0,26.7,0.2711,65.67,0,0,0,1,1,0,0,0,0,0,0,0,1,0.0127,1.0,0.2018,0.2262,0.0594,0.1057,0.1243
ORD-2024-2006,2024-01-12,2024-01-15,Corporate,Office Supplies,1,37.79,84.77,1.0,2,482.2,WH-North,Central,Express Air,Delivered,5.0,3,-1.0,0,84.77,0.1758,482.2,1,0,0,0,0,1,0,0,1,0,0,0,0,0.0,0.0037,0.3411,0.0452,0.2182,0.3573,0.0783
ORD-2024-1208,2024-04-23,2024-04-25,Consumer,Electronics,1,255.16,75.38,6.4,7,882.2,WH-North,North,Ground Freight,Delivered,4.0,2,-0.6,0,75.38,0.0854,137.84,0,1,0,0,1,0,0,0,0,0,1,0,0,0.0,0.1054,0.2994,0.5339,0.4408,0.3166,0.0348
ORD-2024-1425,2024-05-24,2024-05-27,Corporate,Office Supplies,5,204.06,131.51,3.0,2,702.4,WH-Central,Central,Express Air,Delivered,3.0,3,1.0,1,26.3,0.1872,234.13,1,0,0,0,0,1,0,0,1,0,0,0,0,0.0506,0.0815,0.5488,0.2262,0.3407,0.104,0.0838
ORD-2024-1843,2024-01-21,2024-01-24,Small Business,Office Supplies,2,64.72,32.39,4.1,5,347.3,WH-South,North,Standard Delivery,Delivered,4.0,3,-0.9,0,16.2,0.0933,84.71,0,0,0,1,0,0,0,1,0,0,1,0,0,0.0127,0.0163,0.1084,0.3258,0.1431,0.0602,0.0386
ORD-2024-1976,2024-02-08,2024-02-10,Corporate,Office Supplies,4,153.9,65.14,7.7,5,1036.3,WH-Central,Central,Standard Delivery,Delivered,5.0,2,2.7,1,16.28,0.0629,134.58,0,0,0,1,0,1,0,0,1,0,0,0,0,0.038,0.058,0.2539,0.6516,0.5266,0.0605,0.0239
ORD-2024-1220,2024-03-30,2024-04-03,Corporate,Industrial Machinery,1,1187.52,77.49,7.9,5,1604.7,WH-Central,Central,Standard Delivery,Delivered,4.0,4,2.9,1,77.49,0.0483,203.13,0,0,0,1,0,1,0,0,1,0,0,0,0,0.0,0.542,0.3087,0.6697,0.8429,0.3258,0.0169
ORD-2024-1905,2024-05-11,2024-05-12,Home Office,Electronics,1,294.99,118.62,2.2,2,605.3,WH-North,West,Express Air,Delivered,3.0,1,0.2,1,118.62,0.196,275.14,1,0,0,0,0,0,1,0,0,0,0,0,1,0.0,0.1241,0.4915,0.1538,0.2867,0.504,0.0881
ORD-2024-2235,2024-06-06,2024-06-09,Consumer,Healthcare Supplies,4,549.13,74.07,8.3,7,691.5,WH-North,East,Ground Freight,Delivered,4.0,3,1.3,1,18.52,0.1071,83.31,0,1,0,0,1,0,0,0,0,1,0,0,0,0.038,0.2431,0.2936,0.7059,0.3347,0.0702,0.0452
ORD-2024-1839,2024-04-26,2024-04-27,Corporate,Office Supplies,2,80.45,108.41,3.8,2,545.0,WH-West,West,Express Air,Delayed,2.0,1,1.8,1,54.2,0.1989,143.42,1,0,0,0,0,1,0,0,0,0,0,0,1,0.0127,0.0236,0.4461,0.2986,0.2531,0.2249,0.0895
ORD-2024-1032,2024-04-06,2024-04-07,Consumer,Industrial Machinery,5,2165.61,178.34,3.4,2,1113.7,WH-North,South,Express Air,Delayed,1.0,1,1.4,1,35.67,0.1601,327.56,1,0,0,0,1,0,0,0,0,0,0,1,0,0.0506,1.0,0.7568,0.2624,0.5697,0.1446,0.0708
ORD-2024-1240,2024-03-02,2024-03-06,Small Business,Electronics,4,1090.55,146.44,1.4,1,597.5,WH-North,South,Same-Day Courier,Delivered,5.0,4,0.4,1,36.61,0.2451,426.79,0,0,1,0,0,0,0,1,0,0,0,1,0,0.038,0.4966,0.6151,0.0814,0.2824,0.1486,0.1117
ORD-2024-1243,2024-03-29,2024-04-02,Consumer,Electronics,4,920.07,233.07,2.3,1,1435.0,WH-North,North,Same-Day Courier,Delivered,4.0,4,1.3,1,58.27,0.1624,623.91,0,0,1,0,1,0,0,0,0,0,1,0,0,0.038,0.4168,1.0,0.1629,0.7485,0.2425,0.0719
ORD-2024-2041,2024-01-25,2024-01-26,Home Office,Electronics,2,559.68,49.74,5.2,5,642.6,WH-Central,West,Standard Delivery,Delivered,4.0,1,0.2,1,24.87,0.0774,123.58,0,0,0,1,0,0,1,0,0,0,0,0,1,0.0127,0.248,0.1855,0.4253,0.3075,0.0978,0.0309
ORD-2024-1759,2024-02-03,2024-02-06,Home Office,Office Supplies,1,40.86,48.68,4.5,5,681.8,WH-Central,Central,Standard Delivery,Delivered,3.0,3,-0.5,0,48.68,0.0714,151.51,0,0,0,1,0,0,1,0,1,0,0,0,0,0.0,0.0051,0.1807,0.362,0.3293,0.2009,0.028
ORD-2024-1940,2024-04-03,2024-04-05,Consumer,Electronics,3,893.7,34.93,5.7,5,305.7,WH-South,South,Standard Delivery,Delivered,3.0,2,0.7,1,11.64,0.1143,53.63,0,0,0,1,1,0,0,0,0,0,0,1,0,0.0253,0.4044,0.1197,0.4706,0.1199,0.0404,0.0487
ORD-2024-1168,2024-03-25,2024-03-26,Consumer,Office Supplies,1,41.84,29.84,5.7,5,257.8,WH-West,West,Standard Delivery,Delivered,5.0,1,0.7,1,29.84,0.1157,45.23,0,0,0,1,1,0,0,0,0,0,0,0,1,0.0,0.0056,0.097,0.4706,0.0933,0.1193,0.0494
ORD-2024-1834,2024-04-23,2024-04-27,Corporate,Office Supplies,1,33.37,36.94,7.0,7,263.0,WH-West,Central,Ground Freight,Delivered,4.0,4,0.0,0,36.94,0.1405,37.57,0,1,0,0,0,1,0,0,1,0,0,0,0,0.0,0.0016,0.1286,0.5882,0.0962,0.1501,0.0613
ORD-2024-1198,2024-04-21,2024-04-24,Home Office,Healthcare Supplies,1,126.18,54.95,6.4,5,887.3,WH-North,West,Standard Delivery,Delayed,3.0,3,1.4,1,54.95,0.0619,138.64,0,0,0,1,0,0,1,0,0,0,0,0,1,0.0,0.0451,0.2086,0.5339,0.4437,0.2281,0.0234
ORD-2024-1367,2024-03-15,2024-03-16,Small Business,Industrial Machinery,15,2165.61,114.56,8.7,5,738.0,WH-South,West,Standard Delivery,Delayed,1.0,1,3.7,1,7.64,0.1552,84.83,0,0,0,1,0,0,0,1,0,0,0,0,1,0.1772,1.0,0.4735,0.7421,0.3606,0.0231,0.0684
ORD-2024-2002,2024-02-12,2024-02-13,Home Office,Industrial Machinery,1,1038.71,76.99,7.9,7,789.5,WH-West,Central,Ground Freight,Delayed,2.0,1,0.9,1,76.99,0.0975,99.94,0,1,0,0,0,0,1,0,1,0,0,0,0,0.0,0.4723,0.3065,0.6697,0.3892,0.3236,0.0406
ORD-2024-2047,2024-05-12,2024-05-13,Consumer,Electronics,1,234.09,112.87,1.4,2,782.9,WH-West,East,Express Air,Delivered,5.0,1,-0.6,0,112.87,0.1442,559.21,1,0,0,0,1,0,0,0,0,1,0,0,0,0.0,0.0956,0.4659,0.0814,0.3855,0.4791,0.0631
ORD-2024-1706,2024-05-29,2024-05-30,Consumer,Industrial Machinery,1,1309.75,53.41,7.4,7,928.6,WH-West,Central,Standard Delivery,Delivered,3.0,1,0.4,1,53.41,0.0575,125.49,0,0,0,1,1,0,0,0,1,0,0,0,0,0.0,0.5993,0.2018,0.6244,0.4666,0.2214,0.0213
ORD-2024-2210,2024-03-05,2024-03-09,Consumer,Healthcare Supplies,1,103.31,47.57,4.6,5,709.7,WH-East,North,Standard Delivery,Delivered,5.0,4,-0.4,0,47.57,0.067,154.28,0,0,0,1,1,0,0,0,0,0,1,0,0,0.0,0.0343,0.1758,0.371,0.3448,0.1961,0.0259
ORD-2024-1859,2024-04-20,2024-04-23,Consumer,Healthcare Supplies,2,215.63,142.88,1.3,2,833.2,WH-South,West,Express Air,Delivered,4.0,3,-0.7,0,71.44,0.1715,640.92,1,0,0,0,1,0,0,0,0,0,0,0,1,0.0127,0.0869,0.5993,0.0724,0.4135,0.2996,0.0762
ORD-2024-1707,2024-03-04,2024-03-08,Home Office,Office Supplies,3,126.86,121.02,9.4,5,1886.88,WH-North,West,Standard Delivery,Delayed,3.0,4,4.4,1,40.34,0.0641,200.73,0,0,0,1,0,0,1,0,0,0,0,0,1,0.0253,0.0454,0.5022,0.8054,1.0,0.1648,0.0245
ORD-2024-1374,2024-01-15,2024-01-16,Consumer,Electronics,2,490.94,31.2,6.4,5,250.7,WH-West,West,Standard Delivery,Delivered,4.0,1,1.4,1,15.6,0.1245,39.17,0,0,0,1,1,0,0,0,0,0,0,0,1,0.0127,0.2158,0.1031,0.5339,0.0893,0.0576,0.0536
ORD-2024-1561,2024-05-25,2024-05-26,Consumer,Apparel,1,75.07,92.99,1.0,1,374.4,WH-Central,North,Same-Day Courier,Delivered,4.0,1,0.0,0,92.99,0.2484,374.4,0,0,1,0,1,0,0,0,0,0,1,0,0,0.0,0.0211,0.3776,0.0452,0.1582,0.393,0.1133
ORD-2024-1549,2024-03-03,2024-03-04,Home Office,Electronics,4,973.36,78.69,5.5,5,1334.3,WH-East,South,Standard Delivery,Delivered,5.0,1,0.5,1,19.67,0.059,242.6,0,0,0,1,0,0,1,0,0,0,0,1,0,0.038,0.4417,0.3141,0.4525,0.6924,0.0752,0.022
ORD-2024-1777,2024-04-16,2024-04-17,Corporate,Healthcare Supplies,1,127.09,70.78,5.2,5,1290.3,WH-Central,East,Standard Delivery,Delivered,4.0,1,0.2,1,70.78,0.0549,248.13,0,0,0,1,0,1,0,0,0,1,0,0,0,0.0,0.0455,0.2789,0.4253,0.668,0.2967,0.0201
ORD-2024-1058,2024-05-31,2024-06-01,Consumer,Office Supplies,1,36.9,139.7,3.3,2,1019.6,WH-North,North,Express Air,Delivered,4.0,1,1.3,1,139.7,0.137,308.97,1,0,0,0,1,0,0,0,0,0,1,0,0,0.0,0.0032,0.5852,0.2534,0.5173,0.5954,0.0596
ORD-2024-2240,2024-02-21,2024-02-25,Home Office,Electronics,3,923.41,137.94,2.6,1,404.3,WH-Central,Central,Same-Day Courier,Delivered,4.0,4,1.6,1,45.98,0.3412,155.5,0,0,1,0,0,0,1,0,1,0,0,0,0,0.0253,0.4184,0.5773,0.19,0.1748,0.1892,0.158
ORD-2024-2135,2024-01-11,2024-01-15,Consumer,Industrial Machinery,3,2165.61,47.49,4.8,5,662.5,WH-Central,East,Standard Delivery,Delivered,4.0,4,-0.2,0,15.83,0.0717,138.02,0,0,0,1,1,0,0,0,0,1,0,0,0,0.0253,1.0,0.1755,0.3891,0.3185,0.0586,0.0281
ORD-2024-1679,2024-01-30,2024-02-01,Home Office,Electronics,1,222.61,96.57,5.9,5,1679.0,WH-West,West,Standard Delivery,Delivered,4.0,2,0.9,1,96.57,0.0575,284.58,0,0,0,1,0,0,1,0,0,0,0,0,1,0.0,0.0902,0.3935,0.4887,0.8843,0.4085,0.0213
ORD-2024-1590,2024-05-27,2024-05-29,Consumer,Office Supplies,2,82.02,36.82,4.2,5,465.7,WH-South,East,Standard Delivery,Delivered,3.0,2,-0.8,0,18.41,0.0791,110.88,0,0,0,1,1,0,0,0,0,1,0,0,0,0.0127,0.0244,0.128,0.3348,0.209,0.0698,0.0317
ORD-2024-1513,2024-05-04,2024-05-06,Home Office,Office Supplies,3,130.08,90.42,2.4,2,387.9,WH-South,South,Express Air,Delivered,4.0,2,0.4,1,30.14,0.2331,161.62,1,0,0,0,0,0,1,0,0,0,0,1,0,0.0253,0.0469,0.3662,0.1719,0.1657,0.1206,0.1059
ORD-2024-1575,2024-05-12,2024-05-16,Small Business,Office Supplies,1,34.64,27.61,6.2,5,302.6,WH-Central,Central,Standard Delivery,Delayed,1.0,4,1.2,1,27.61,0.0912,48.81,0,0,0,1,0,0,0,1,1,0,0,0,0,0.0,0.0022,0.0871,0.5158,0.1182,0.1096,0.0375
ORD-2024-1049,2024-05-16,2024-05-17,Consumer,Apparel,4,296.07,233.07,5.7,2,767.4,WH-East,North,Standard Delivery,Delivered,4.0,1,3.7,1,58.27,0.3037,134.63,0,0,0,1,1,0,0,0,0,0,1,0,0,0.038,0.1246,1.0,0.4706,0.3769,0.2425,0.14
ORD-2024-1328,2024-06-24,2024-06-27,Consumer,Industrial Machinery,3,2165.61,91.58,6.0,5,1604.7,WH-West,South,Standard Delivery,Delivered,4.0,3,1.0,1,30.53,0.0571,267.45,0,0,0,1,1,0,0,0,0,0,0,1,0,0.0253,1.0,0.3714,0.4977,0.8429,0.1223,0.0211
ORD-2024-1962,2024-03-24,2024-03-26,Consumer,Electronics,2,529.02,56.93,6.8,5,1096.3,WH-South,East,Standard Delivery,Delayed,2.0,2,1.8,1,28.46,0.0519,161.22,0,0,0,1,1,0,0,0,0,1,0,0,0,0.0127,0.2337,0.2174,0.5701,0.56,0.1133,0.0186
ORD-2024-1192,2024-05-15,2024-05-18,Small Business,Industrial Machinery,3,2165.61,52.44,9.3,7,462.1,WH-North,North,Ground Freight,Delayed,1.0,3,2.3,1,17.48,0.1135,49.69,0,1,0,0,0,0,0,1,0,0,1,0,0,0.0253,1.0,0.1974,0.7964,0.207,0.0657,0.0483
ORD-2024-1086,2024-04-22,2024-04-25,Corporate,Electronics,2,480.14,69.2,6.8,7,824.5,WH-Central,North,Ground Freight,Delivered,4.0,3,-0.2,0,34.6,0.0839,121.25,0,1,0,0,0,1,0,0,0,0,1,0,0,0.0127,0.2108,0.2719,0.5701,0.4087,0.1399,0.034
ORD-2024-1554,2024-05-17,2024-05-20,Home Office,Office Supplies,5,169.79,161.8,11.55,7,1886.88,WH-West,West,Ground Freight,Delayed,1.0,3,4.55,1,32.36,0.0858,163.37,0,1,0,0,0,0,1,0,0,0,0,0,1,0.0506,0.0655,0.6833,1.0,1.0,0.1302,0.0349
ORD-2024-1743,2024-05-06,2024-05-07,Corporate,Electronics,1,311.69,172.75,2.5,1,794.2,WH-West,West,Standard Delivery,Delivered,4.0,1,1.5,1,172.75,0.2175,317.68,0,0,0,1,0,1,0,0,0,0,0,0,1,0.0,0.1319,0.732,0.181,0.3918,0.7386,0.0984
ORD-2024-2182,2024-05-21,2024-05-23,Corporate,Healthcare Supplies,1,114.8,51.88,4.5,5,864.9,WH-Central,West,Standard Delivery,Delivered,5.0,2,-0.5,0,51.88,0.06,192.2,0,0,0,1,0,1,0,0,0,0,0,0,1,0.0,0.0397,0.195,0.362,0.4312,0.2148,0.0225
ORD-2024-1841,2024-01-20,2024-01-21,Corporate,Healthcare Supplies,5,595.7,55.97,6.4,5,663.8,WH-North,East,Standard Delivery,Delayed,1.0,1,1.4,1,11.19,0.0843,103.72,0,0,0,1,0,1,0,0,0,1,0,0,0,0.0506,0.2649,0.2131,0.5339,0.3193,0.0385,0.0342
ORD-2024-1813,2024-03-14,2024-03-16,Small Business,Office Supplies,4,149.82,74.75,6.3,5,1355.0,WH-North,North,Standard Delivery,Delivered,5.0,2,1.3,1,18.69,0.0552,215.08,0,0,0,1,0,0,0,1,0,0,1,0,0,0.038,0.0561,0.2966,0.5249,0.704,0.071,0.0202
ORD-2024-1977,2024-02-27,2024-02-28,Consumer,Industrial Machinery,1,1339.83,58.9,7.1,5,1113.1,WH-West,East,Standard Delivery,Delivered,3.0,1,2.1,1,58.9,0.0529,156.77,0,0,0,1,1,0,0,0,0,1,0,0,0,0.0,0.6133,0.2262,0.5973,0.5693,0.2452,0.0191
ORD-2024-2234,2024-06-04,2024-06-07,Corporate,Office Supplies,1,38.9,44.17,8.6,5,534.4,WH-East,North,Standard Delivery,Delayed,1.0,3,3.6,1,44.17,0.0827,62.14,0,0,0,1,0,1,0,0,0,0,1,0,0,0.0,0.0042,0.1607,0.733,0.2472,0.1814,0.0334
ORD-2024-2141,2024-04-25,2024-04-29,Consumer,Electronics,4,1106.45,55.2,6.7,5,723.1,WH-North,Central,Standard Delivery,Delivered,4.0,4,1.7,1,13.8,0.0763,107.93,0,0,0,1,1,0,0,0,1,0,0,0,0,0.038,0.5041,0.2097,0.5611,0.3523,0.0498,0.0304
ORD-2024-1422,2024-03-24,2024-03-25,Consumer,Apparel,3,176.7,233.07,5.8,1,1886.88,WH-South,West,Same-Day Courier,Delayed,2.0,1,4.8,1,77.69,0.1235,325.32,0,0,1,0,1,0,0,0,0,0,0,0,1,0.0253,0.0687,1.0,0.4796,1.0,0.3267,0.0531
ORD-2024-1453,2024-04-29,2024-05-01,Small Business,Office Supplies,3,102.99,34.97,6.9,5,333.9,WH-Central,East,Standard Delivery,Delayed,3.0,2,1.9,1,11.66,0.1047,48.39,0,0,0,1,0,0,0,1,0,1,0,0,0,0.0253,0.0342,0.1198,0.5792,0.1356,0.0405,0.0441
ORD-2024-1123,2024-06-07,2024-06-08,Consumer,Office Supplies,2,86.78,44.98,7.4,5,584.1,WH-West,Central,Standard Delivery,Delivered,5.0,1,2.4,1,22.49,0.077,78.93,0,0,0,1,1,0,0,0,1,0,0,0,0,0.0127,0.0266,0.1643,0.6244,0.2749,0.0875,0.0307
ORD-2024-1935,2024-01-03,2024-01-04,Consumer,Healthcare Supplies,1,122.39,74.57,1.2,2,372.3,WH-South,South,Express Air,Delivered,5.0,1,-0.8,0,74.57,0.2003,310.25,1,0,0,0,1,0,0,0,0,0,0,1,0,0.0,0.0433,0.2958,0.0633,0.157,0.3131,0.0901
ORD-2024-1898,2024-04-05,2024-04-07,Consumer,Office Supplies,1,39.19,178.78,3.3,1,1110.8,WH-Central,North,Same-Day Courier,Delivered,5.0,2,2.3,1,178.78,0.1609,336.61,0,0,1,0,1,0,0,0,0,0,1,0,0,0.0,0.0043,0.7588,0.2534,0.568,0.7647,0.0711
ORD-2024-2195,2024-04-25,2024-04-27,Home Office,Office Supplies,2,87.43,45.73,5.0,5,583.7,WH-Central,North,Standard Delivery,Delivered,4.0,2,0.0,0,22.86,0.0783,116.74,0,0,0,1,0,0,1,0,0,0,1,0,0,0.0127,0.0269,0.1676,0.4072,0.2747,0.0891,0.0313
ORD-2024-1705,2024-04-14,2024-04-17,Small Business,Healthcare Supplies,3,340.05,63.1,7.0,5,1202.1,WH-North,West,Standard Delivery,Delayed,3.0,3,2.0,1,21.03,0.0525,171.73,0,0,0,1,0,0,0,1,0,0,0,0,1,0.0253,0.1452,0.2448,0.5882,0.6189,0.0811,0.0189
ORD-2024-1308,2024-01-11,2024-01-15,Home Office,Apparel,3,193.19,46.03,6.2,7,369.1,WH-Central,East,Standard Delivery,Delivered,5.0,4,-0.8,0,15.34,0.1247,59.53,0,0,0,1,0,0,1,0,0,1,0,0,0,0.0253,0.0764,0.169,0.5158,0.1552,0.0565,0.0537
ORD-2024-1196,2024-03-21,2024-03-25,Corporate,Industrial Machinery,3,2165.61,187.33,3.9,2,1309.2,WH-East,West,Express Air,Delivered,4.0,4,1.9,1,62.44,0.1431,335.69,1,0,0,0,0,1,0,0,0,0,0,0,1,0.0253,1.0,0.7968,0.3077,0.6785,0.2606,0.0626
ORD-2024-1333,2024-05-19,2024-05-23,Consumer,Office Supplies,2,65.44,42.47,7.0,5,662.9,WH-West,South,Standard Delivery,Delayed,1.0,4,2.0,1,21.24,0.0641,94.7,0,0,0,1,1,0,0,0,0,0,0,1,0,0.0127,0.0166,0.1532,0.5882,0.3188,0.082,0.0245
ORD-2024-1420,2024-03-17,2024-03-21,Home Office,Office Supplies,2,71.59,34.59,4.6,5,310.3,WH-North,South,Standard Delivery,Delivered,5.0,4,-0.4,0,17.3,0.1115,67.46,0,0,0,1,0,0,1,0,0,0,0,1,0,0.0127,0.0195,0.1181,0.371,0.1225,0.065,0.0473
ORD-2024-2035,2024-03-23,2024-03-24,Corporate,Electronics,1,284.27,68.45,6.9,5,1309.8,WH-South,North,Standard Delivery,Delivered,5.0,1,1.9,1,68.45,0.0523,189.83,0,0,0,1,0,1,0,0,0,0,1,0,0,0.0,0.1191,0.2686,0.5792,0.6788,0.2866,0.0188
ORD-2024-1254,2024-05-27,2024-05-30,Consumer,Office Supplies,1,38.1,52.96,7.6,7,550.6,WH-North,Central,Ground Freight,Delayed,2.0,3,0.6,1,52.96,0.0962,72.45,0,1,0,0,1,0,0,0,1,0,0,0,0,0.0,0.0038,0.1998,0.6425,0.2563,0.2195,0.04
ORD-2024-1523,2024-06-14,2024-06-16,Home Office,Healthcare Supplies,3,342.01,63.53,5.0,5,1014.7,WH-East,South,Standard Delivery,Delivered,4.0,2,0.0,0,21.18,0.0626,202.94,0,0,0,1,0,0,1,0,0,0,0,1,0,0.0253,0.1461,0.2467,0.4072,0.5146,0.0818,0.0238
ORD-2024-1910,2024-03-15,2024-03-17,Corporate,Industrial Machinery,2,2165.61,58.17,4.3,5,937.3,WH-East,South,Standard Delivery,Delivered,5.0,2,-0.7,0,29.08,0.0621,217.98,0,0,0,1,0,1,0,0,0,0,0,1,0,0.0127,1.0,0.2229,0.3439,0.4715,0.116,0.0235
ORD-2024-1605,2024-03-20,2024-03-24,Corporate,Electronics,5,1553.74,186.47,2.6,2,1886.88,WH-East,South,Express Air,Delayed,2.0,4,0.6,1,37.29,0.0988,725.72,1,0,0,0,0,1,0,0,0,0,0,1,0,0.0506,0.7135,0.793,0.19,1.0,0.1516,0.0412
ORD-2024-1289,2024-06-10,2024-06-13,Corporate,Office Supplies,4,143.29,124.45,3.8,2,780.1,WH-East,Central,Express Air,Delivered,5.0,3,1.8,1,31.11,0.1595,205.29,1,0,0,0,0,1,0,0,1,0,0,0,0,0.038,0.0531,0.5174,0.2986,0.384,0.1248,0.0705
ORD-2024-1296,2024-02-28,2024-03-01,Home Office,Apparel,1,76.2,33.7,4.2,5,422.0,WH-South,North,Standard Delivery,Delivered,5.0,2,-0.8,0,33.7,0.0799,100.48,0,0,0,1,0,0,1,0,0,0,1,0,0,0.0,0.0217,0.1142,0.3348,0.1847,0.136,0.0321
ORD-2024-1987,2024-02-27,2024-02-29,Consumer,Electronics,1,243.58,116.01,1.3,1,470.0,WH-South,North,Same-Day Courier,Delivered,4.0,2,0.3,1,116.01,0.2468,361.54,0,0,1,0,1,0,0,0,0,0,1,0,0,0.0,0.1,0.4799,0.0724,0.2114,0.4927,0.1125
ORD-2024-1741,2024-04-10,2024-04-13,Consumer,Electronics,1,280.34,211.85,5.2,2,1684.6,WH-West,South,Express Air,Returned,1.0,3,3.2,1,211.85,0.1258,323.96,1,0,0,0,1,0,0,0,0,0,0,1,0,0.0,0.1172,0.9057,0.4253,0.8874,0.908,0.0542
ORD-2024-1712,2024-01-25,2024-01-27,Corporate,Apparel,2,124.08,70.73,8.1,5,1112.2,WH-Central,North,Standard Delivery,Returned,1.0,2,3.1,1,35.36,0.0636,137.31,0,0,0,1,0,1,0,0,0,0,1,0,0,0.0127,0.0441,0.2787,0.6878,0.5688,0.1432,0.0242
ORD-2024-2223,2024-03-14,2024-03-17,Small Business,Apparel,3,208.79,58.04,3.5,5,762.6,WH-West,North,Standard Delivery,Delivered,5.0,3,-1.5,0,19.35,0.0761,217.89,0,0,0,1,0,0,0,1,0,0,1,0,0,0.0253,0.0837,0.2223,0.2715,0.3742,0.0738,0.0303
ORD-2024-1029,2024-01-02,2024-01-04,Consumer,Office Supplies,1,33.09,49.08,5.8,5,647.3,WH-Central,Central,Standard Delivery,Delivered,4.0,2,0.8,1,49.08,0.0758,111.6,0,0,0,1,1,0,0,0,1,0,0,0,0,0.0,0.0015,0.1825,0.4796,0.3101,0.2027,0.0301
ORD-2024-1634,2024-02-25,2024-02-26,Consumer,Electronics,2,454.89,59.06,6.0,5,1056.4,WH-Central,North,Standard Delivery,Delayed,1.0,1,1.0,1,29.53,0.0559,176.07,0,0,0,1,1,0,0,0,0,0,1,0,0,0.0127,0.199,0.2269,0.4977,0.5378,0.118,0.0205
ORD-2024-1355,2024-03-13,2024-03-16,Corporate,Office Supplies,5,190.46,50.62,4.9,5,609.6,WH-East,East,Standard Delivery,Delivered,4.0,3,-0.1,0,10.12,0.083,124.41,0,0,0,1,0,1,0,0,0,1,0,0,0,0.0506,0.0752,0.1894,0.3982,0.2891,0.0338,0.0336
ORD-2024-1031,2024-04-10,2024-04-13,Consumer,Apparel,1,69.95,204.28,5.1,2,1524.8,WH-South,West,Express Air,Delayed,2.0,3,3.1,1,204.28,0.134,298.98,1,0,0,0,1,0,0,0,0,0,0,0,1,0.0,0.0187,0.8721,0.4163,0.7985,0.8752,0.0582
ORD-2024-1806,2024-02-23,2024-02-27,Small Business,Office Supplies,1,32.28,71.32,5.8,5,1147.9,WH-East,South,Standard Delivery,Delayed,1.0,4,0.8,1,71.32,0.0621,197.91,0,0,0,1,0,0,0,1,0,0,0,1,0,0.0,0.0011,0.2813,0.4796,0.5887,0.2991,0.0235
ORD-2024-1672,2024-05-04,2024-05-08,Consumer,Industrial Machinery,3,2165.61,102.87,4.9,2,367.3,WH-East,North,Express Air,Delivered,4.0,4,2.9,1,34.29,0.2801,74.96,1,0,0,0,1,0,0,0,0,0,1,0,0,0.0253,1.0,0.4215,0.3982,0.1542,0.1386,0.1286
ORD-2024-1851,2024-04-19,2024-04-20,Corporate,Office Supplies,2,63.34,156.61,1.5,1,627.0,WH-West,South,Same-Day Courier,Delivered,3.0,1,0.5,1,78.31,0.2498,418.0,0,0,1,0,0,1,0,0,0,0,0,1,0,0.0127,0.0156,0.6603,0.0905,0.2988,0.3293,0.114
ORD-2024-1070,2024-02-23,2024-02-25,Home Office,Electronics,2,444.0,147.2,1.8,2,1021.7,WH-South,South,Express Air,Delivered,4.0,2,-0.2,0,73.6,0.1441,567.61,1,0,0,0,0,0,1,0,0,0,0,1,0,0.0127,0.1939,0.6185,0.1176,0.5185,0.3089,0.063
ORD-2024-2131,2024-01-25,2024-01-27,Corporate,Apparel,1,64.61,88.51,9.8,7,1242.4,WH-East,North,Ground Freight,Delivered,4.0,2,2.8,1,88.51,0.0712,126.78,0,1,0,0,0,1,0,0,0,0,1,0,0,0.0,0.0162,0.3577,0.8416,0.6413,0.3735,0.0279
ORD-2024-1478,2024-03-07,2024-03-09,Small Business,Apparel,8,551.68,86.2,6.9,7,811.0,WH-East,West,Ground Freight,Delivered,4.0,2,-0.1,0,10.78,0.1063,117.54,0,1,0,0,0,0,0,1,0,0,0,0,1,0.0886,0.2443,0.3474,0.5792,0.4012,0.0367,0.0448
ORD-2024-2088,2024-03-13,2024-03-14,Small Business,Electronics,2,517.83,146.96,2.9,2,922.5,WH-North,North,Express Air,Delivered,4.0,1,0.9,1,73.48,0.1593,318.1,1,0,0,0,0,0,0,1,0,0,1,0,0,0.0127,0.2284,0.6174,0.2172,0.4632,0.3084,0.0704
ORD-2024-1598,2024-02-05,2024-02-07,Consumer,Apparel,2,150.31,171.78,3.9,2,1417.2,WH-West,North,Express Air,Delivered,5.0,2,1.9,1,85.89,0.1212,363.38,1,0,0,0,1,0,0,0,0,0,1,0,0,0.0127,0.0564,0.7277,0.3077,0.7386,0.3622,0.052
ORD-2024-1722,2024-03-10,2024-03-12,Consumer,Electronics,2,613.13,47.23,7.0,7,336.1,WH-North,North,Ground Freight,Delivered,4.0,2,0.0,0,23.62,0.1405,48.01,0,1,0,0,1,0,0,0,0,0,1,0,0,0.0127,0.2731,0.1743,0.5882,0.1369,0.0923,0.0613
ORD-2024-1581,2024-05-09,2024-05-13,Small Business,Industrial Machinery,1,1429.49,36.23,5.7,5,412.6,WH-North,Central,Standard Delivery,Delayed,2.0,4,0.7,1,36.23,0.0878,72.39,0,0,0,1,0,0,0,1,1,0,0,0,0,0.0,0.6553,0.1254,0.4706,0.1794,0.147,0.0359
ORD-2024-1923,2024-06-10,2024-06-12,Home Office,Apparel,1,71.14,148.08,3.2,2,912.2,WH-North,North,Express Air,Delayed,3.0,2,1.2,1,148.08,0.1623,285.06,1,0,0,0,0,0,1,0,0,0,1,0,0,0.0,0.0193,0.6224,0.2443,0.4575,0.6317,0.0718
ORD-2024-1527,2024-02-08,2024-02-10,Consumer,Office Supplies,1,38.06,43.31,5.3,5,519.0,WH-South,East,Standard Delivery,Delivered,5.0,2,0.3,1,43.31,0.0834,97.92,0,0,0,1,1,0,0,0,0,1,0,0,0,0.0,0.0038,0.1569,0.4344,0.2387,0.1777,0.0338
ORD-2024-2146,2024-01-25,2024-01-29,Home Office,Electronics,5,1151.04,103.29,1.3,2,484.7,WH-North,East,Express Air,Delivered,5.0,4,-0.7,0,20.66,0.2131,372.85,1,0,0,0,0,0,1,0,0,1,0,0,0,0.0506,0.5249,0.4234,0.0724,0.2196,0.0795,0.0963
ORD-2024-1113,2024-04-13,2024-04-15,Home Office,Industrial Machinery,1,1426.85,125.61,1.8,2,949.2,WH-South,West,Express Air,Delivered,3.0,2,-0.2,0,125.61,0.1323,527.33,1,0,0,0,0,0,1,0,0,0,0,0,1,0.0,0.6541,0.5225,0.1176,0.4781,0.5343,0.0574
ORD-2024-1998,2024-05-20,2024-05-21,Small Business,Industrial Machinery,1,1445.9,37.01,3.4,5,482.2,WH-South,North,Standard Delivery,Delivered,4.0,1,-1.6,0,37.01,0.0768,141.82,0,0,0,1,0,0,0,1,0,0,1,0,0,0.0,0.663,0.1289,0.2624,0.2182,0.1504,0.0306
ORD-2024-1435,2024-03-26,2024-03-30,Corporate,Apparel,1,57.99,114.72,2.5,2,686.3,WH-East,North,Express Air,Delivered,5.0,4,0.5,1,114.72,0.1672,274.52,1,0,0,0,0,1,0,0,0,0,1,0,0,0.0,0.0131,0.4742,0.181,0.3318,0.4871,0.0742
ORD-2024-2239,2024-02-12,2024-02-16,Consumer,Office Supplies,1,30.68,123.74,8.6,7,1783.3,WH-West,East,Ground Freight,Delivered,3.0,4,1.6,1,123.74,0.0694,207.36,0,1,0,0,1,0,0,0,0,1,0,0,0,0.0,0.0003,0.5142,0.733,0.9423,0.5262,0.027
ORD-2024-1497,2024-04-16,2024-04-20,Consumer,Electronics,1,228.13,62.02,9.4,7,714.3,WH-North,South,Ground Freight,Delayed,1.0,4,2.4,1,62.02,0.0868,75.99,0,1,0,0,1,0,0,0,0,0,0,1,0,0.0,0.0928,0.24,0.8054,0.3474,0.2588,0.0354
ORD-2024-1107,2024-01-11,2024-01-13,Home Office,Office Supplies,4,167.71,58.77,6.4,5,727.9,WH-East,South,Standard Delivery,Delivered,4.0,2,1.4,1,14.69,0.0807,113.73,0,0,0,1,0,0,1,0,0,0,0,1,0,0.038,0.0645,0.2256,0.5339,0.3549,0.0536,0.0325
ORD-2024-1988,2024-05-21,2024-05-24,Consumer,Electronics,2,615.73,162.37,4.0,2,1137.2,WH-South,North,Express Air,Delivered,4.0,3,2.0,1,81.18,0.1428,284.3,1,0,0,0,1,0,0,0,0,0,1,0,0,0.0127,0.2743,0.6859,0.3167,0.5827,0.3418,0.0624
ORD-2024-2018,2024-01-15,2024-01-18,Small Business,Electronics,8,1744.77,231.69,2.9,2,1518.8,WH-West,North,Express Air,Delivered,3.0,3,0.9,1,28.96,0.1525,523.72,1,0,0,0,0,0,0,1,0,0,1,0,0,0.0886,0.8029,0.9939,0.2172,0.7951,0.1155,0.0671
ORD-2024-1667,2024-01-16,2024-01-19,Consumer,Industrial Machinery,2,2097.15,108.35,8.6,7,1471.5,WH-North,North,Ground Freight,Delivered,5.0,3,1.6,1,54.18,0.0736,171.1,0,1,0,0,1,0,0,0,0,0,1,0,0,0.0127,0.9679,0.4459,0.733,0.7688,0.2248,0.0291
ORD-2024-2174,2024-06-10,2024-06-14,Corporate,Electronics,3,922.67,82.1,2.1,2,334.7,WH-North,East,Express Air,Delivered,4.0,4,0.1,1,27.37,0.2453,159.38,1,0,0,0,0,1,0,0,0,1,0,0,0,0.0253,0.418,0.3292,0.1448,0.1361,0.1086,0.1118
ORD-2024-2148,2024-03-09,2024-03-12,Home Office,Industrial Machinery,2,2165.61,142.68,3.4,2,969.0,WH-North,East,Express Air,Delivered,5.0,3,1.4,1,71.34,0.1472,285.0,1,0,0,0,0,0,1,0,0,1,0,0,0,0.0127,1.0,0.5984,0.2624,0.4891,0.2991,0.0645
ORD-2024-1746,2024-04-15,2024-04-17,Consumer,Healthcare Supplies,1,100.79,74.37,2.7,2,383.2,WH-East,East,Express Air,Delayed,2.0,2,0.7,1,74.37,0.1941,141.93,1,0,0,0,1,0,0,0,0,1,0,0,0,0.0,0.0332,0.2949,0.1991,0.1631,0.3123,0.0871
ORD-2024-1451,2024-05-23,2024-05-26,Corporate,Office Supplies,3,125.16,43.11,4.9,5,596.8,WH-North,West,Standard Delivery,Delivered,5.0,3,-0.1,0,14.37,0.0722,121.8,0,0,0,1,0,1,0,0,0,0,0,0,1,0.0253,0.0446,0.156,0.3982,0.282,0.0523,0.0284
ORD-2024-1934,2024-05-15,2024-05-17,Consumer,Industrial Machinery,1,1164.28,50.26,4.4,5,679.4,WH-West,West,Standard Delivery,Delivered,4.0,2,-0.6,0,50.26,0.074,154.41,0,0,0,1,1,0,0,0,0,0,0,0,1,0.0,0.5311,0.1878,0.3529,0.3279,0.2078,0.0293
ORD-2024-1429,2024-06-02,2024-06-03,Consumer,Industrial Machinery,3,2165.61,72.41,1.4,2,227.1,WH-South,South,Express Air,Delivered,5.0,1,-0.6,0,24.14,0.3188,162.21,1,0,0,0,1,0,0,0,0,0,0,1,0,0.0253,1.0,0.2862,0.0814,0.0762,0.0946,0.1472
ORD-2024-1261,2024-01-08,2024-01-09,Small Business,Apparel,4,286.33,51.04,6.6,7,301.1,WH-South,North,Ground Freight,Delivered,4.0,1,-0.4,0,12.76,0.1695,45.62,0,1,0,0,0,0,0,1,0,0,1,0,0,0.038,0.12,0.1912,0.552,0.1174,0.0453,0.0753
ORD-2024-1816,2024-03-10,2024-03-11,Corporate,Electronics,8,1757.85,39.44,4.4,5,235.6,WH-South,East,Standard Delivery,Delivered,5.0,1,-0.6,0,4.93,0.1674,53.55,0,0,0,1,0,1,0,0,0,1,0,0,0,0.0886,0.8091,0.1397,0.3529,0.0809,0.0114,0.0743
ORD-2024-1553,2024-04-01,2024-04-02,Corporate,Electronics,1,294.19,79.73,1.9,2,437.5,WH-East,South,Express Air,Delivered,4.0,1,-0.1,0,79.73,0.1822,230.26,1,0,0,0,0,1,0,0,0,0,0,1,0,0.0,0.1237,0.3187,0.1267,0.1933,0.3355,0.0814
ORD-2024-2133,2024-05-28,2024-05-31,Consumer,Office Supplies,2,62.27,33.09,6.5,5,384.9,WH-North,South,Standard Delivery,Delayed,2.0,3,1.5,1,16.55,0.086,59.22,0,0,0,1,1,0,0,0,0,0,0,1,0,0.0127,0.0151,0.1115,0.543,0.164,0.0617,0.035
ORD-2024-1174,2024-05-12,2024-05-15,Corporate,Healthcare Supplies,2,222.58,65.44,4.3,5,957.7,WH-Central,Central,Standard Delivery,Delivered,4.0,3,-0.7,0,32.72,0.0683,222.72,0,0,0,1,0,1,0,0,1,0,0,0,0,0.0127,0.0902,0.2552,0.3439,0.4828,0.1318,0.0265
ORD-2024-1862,2024-05-24,2024-05-26,Corporate,Electronics,1,254.49,75.45,6.5,5,1257.2,WH-East,West,Standard Delivery,Delivered,3.0,2,1.5,1,75.45,0.06,193.42,0,0,0,1,0,1,0,0,0,0,0,0,1,0.0,0.1051,0.2997,0.543,0.6495,0.317,0.0225
ORD-2024-1519,2024-04-15,2024-04-18,Consumer,Office Supplies,5,174.42,113.15,1.0,2,425.5,WH-Central,West,Express Air,Delivered,5.0,3,-1.0,0,22.63,0.2659,425.5,1,0,0,0,1,0,0,0,0,0,0,0,1,0.0506,0.0676,0.4672,0.0452,0.1866,0.0881,0.1217
ORD-2024-1297,2024-05-17,2024-05-21,Consumer,Industrial Machinery,1,1097.58,89.86,1.0,2,447.6,WH-East,East,Express Air,Delivered,4.0,4,-1.0,0,89.86,0.2008,447.6,1,0,0,0,1,0,0,0,0,1,0,0,0,0.0,0.4999,0.3637,0.0452,0.1989,0.3794,0.0904
ORD-2024-1377,2024-02-03,2024-02-04,Consumer,Office Supplies,1,38.17,25.81,4.4,5,224.6,WH-Central,North,Standard Delivery,Delivered,5.0,1,-0.6,0,25.81,0.1149,51.05,0,0,0,1,1,0,0,0,0,0,1,0,0,0.0,0.0038,0.0791,0.3529,0.0748,0.1018,0.049
ORD-2024-1739,2024-04-13,2024-04-16,Consumer,Apparel,4,298.63,36.12,5.8,5,357.8,WH-East,East,Standard Delivery,Delayed,3.0,3,0.8,1,9.03,0.101,61.69,0,0,0,1,1,0,0,0,0,1,0,0,0,0.038,0.1258,0.1249,0.4796,0.1489,0.0291,0.0423
ORD-2024-1423,2024-02-21,2024-02-24,Corporate,Apparel,2,141.04,58.01,5.2,5,859.6,WH-East,North,Standard Delivery,Delivered,4.0,3,0.2,1,29.0,0.0675,165.31,0,0,0,1,0,1,0,0,0,0,1,0,0,0.0127,0.052,0.2222,0.4253,0.4282,0.1157,0.0261
ORD-2024-1054,2024-03-24,2024-03-26,Corporate,Apparel,1,76.89,53.64,7.2,5,767.4,WH-South,North,Standard Delivery,Delivered,3.0,2,2.2,1,53.64,0.0699,106.58,0,0,0,1,0,1,0,0,0,0,1,0,0,0.0,0.022,0.2028,0.6063,0.3769,0.2224,0.0273
ORD-2024-1277,2024-06-20,2024-06-21,Corporate,Office Supplies,5,191.14,41.34,4.3,5,392.4,WH-North,North,Standard Delivery,Delivered,4.0,1,-0.7,0,8.27,0.1054,91.26,0,0,0,1,0,1,0,0,0,0,1,0,0,0.0506,0.0755,0.1481,0.3439,0.1682,0.0258,0.0444
ORD-2024-1892,2024-01-31,2024-02-04,Home Office,Apparel,2,151.66,61.39,7.7,5,1110.0,WH-Central,Central,Standard Delivery,Delayed,1.0,4,2.7,1,30.7,0.0553,144.16,0,0,0,1,0,0,1,0,1,0,0,0,0,0.0127,0.057,0.2372,0.6516,0.5676,0.123,0.0202
ORD-2024-1056,2024-03-07,2024-03-08,Consumer,Apparel,1,72.89,87.52,6.8,5,1618.7,WH-South,East,Standard Delivery,Delivered,3.0,1,1.8,1,87.52,0.0541,238.04,0,0,0,1,1,0,0,0,0,1,0,0,0,0.0,0.0201,0.3533,0.5701,0.8507,0.3693,0.0197
ORD-2024-1578,2024-02-03,2024-02-04,Corporate,Apparel,2,124.65,108.95,1.4,1,445.8,WH-North,North,Same-Day Courier,Delivered,3.0,1,0.4,1,54.48,0.2444,318.43,0,0,1,0,0,1,0,0,0,0,1,0,0,0.0127,0.0443,0.4485,0.0814,0.1979,0.2261,0.1114
ORD-2024-1109,2024-06-12,2024-06-16,Consumer,Industrial Machinery,2,2165.61,155.31,1.6,1,677.4,WH-West,North,Same-Day Courier,Delivered,3.0,4,0.6,1,77.66,0.2293,423.37,0,0,1,0,1,0,0,0,0,0,1,0,0,0.0127,1.0,0.6545,0.0995,0.3268,0.3265,0.1041
ORD-2024-1210,2024-01-16,2024-01-20,Corporate,Office Supplies,2,62.61,214.19,2.6,1,1009.9,WH-East,West,Standard Delivery,Delivered,4.0,4,1.6,1,107.1,0.2121,388.42,0,0,0,1,0,1,0,0,0,0,0,0,1,0.0127,0.0153,0.9161,0.19,0.5119,0.4541,0.0958
ORD-2024-1904,2024-03-14,2024-03-16,Consumer,Electronics,1,294.21,48.81,5.4,5,791.6,WH-South,West,Standard Delivery,Delivered,5.0,2,0.4,1,48.81,0.0617,146.59,0,0,0,1,1,0,0,0,0,0,0,0,1,0.0,0.1237,0.1813,0.4434,0.3904,0.2015,0.0233
ORD-2024-1312,2024-06-23,2024-06-25,Consumer,Apparel,1,81.03,170.84,1.7,1,1012.9,WH-West,West,Same-Day Courier,Delivered,5.0,2,0.7,1,170.84,0.1687,595.82,0,0,1,0,1,0,0,0,0,0,0,0,1,0.0,0.0239,0.7235,0.1086,0.5136,0.7303,0.0749
ORD-2024-1209,2024-01-20,2024-01-24,Consumer,Industrial Machinery,8,2165.61,62.03,6.5,5,604.9,WH-North,South,Standard Delivery,Delivered,3.0,4,1.5,1,7.75,0.1025,93.06,0,0,0,1,1,0,0,0,0,0,0,1,0,0.0886,1.0,0.2401,0.543,0.2865,0.0236,0.043
ORD-2024-2080,2024-04-20,2024-04-23,Home Office,Electronics,1,230.87,53.04,6.9,5,878.8,WH-West,East,Standard Delivery,Delivered,4.0,3,1.9,1,53.04,0.0604,127.36,0,0,0,1,0,0,1,0,0,1,0,0,0,0.0,0.0941,0.2001,0.5792,0.4389,0.2198,0.0227
ORD-2024-2202,2024-01-15,2024-01-18,Consumer,Industrial Machinery,10,2165.61,233.07,1.7,1,1222.9,WH-South,South,Same-Day Courier,Delivered,5.0,3,0.7,1,23.31,0.1906,719.35,0,0,1,0,1,0,0,0,0,0,0,1,0,0.1139,1.0,1.0,0.1086,0.6304,0.091,0.0855
ORD-2024-1218,2024-04-14,2024-04-16,Corporate,Apparel,2,151.53,54.63,6.3,5,702.6,WH-East,West,Standard Delivery,Delayed,2.0,2,1.3,1,27.32,0.0778,111.52,0,0,0,1,0,1,0,0,0,0,0,0,1,0.0127,0.0569,0.2072,0.5249,0.3409,0.1084,0.0311
ORD-2024-1942,2024-06-13,2024-06-16,Corporate,Industrial Machinery,1,1238.41,46.79,4.8,5,774.3,WH-South,North,Standard Delivery,Delivered,5.0,3,-0.2,0,46.79,0.0604,161.31,0,0,0,1,0,1,0,0,0,0,1,0,0,0.0,0.5658,0.1723,0.3891,0.3808,0.1928,0.0227
ORD-2024-1361,2024-06-15,2024-06-16,Corporate,Industrial Machinery,1,1217.3,55.12,0.5,5,1097.6,WH-East,South,Standard Delivery,Delivered,4.0,1,-4.5,0,55.12,0.0502,2195.2,0,0,0,1,0,1,0,0,0,0,0,1,0,0.0,0.556,0.2094,0.0,0.5607,0.2289,0.0178
ORD-2024-1762,2024-06-24,2024-06-26,Consumer,Healthcare Supplies,3,368.79,233.07,3.2,1,1886.88,WH-North,South,Same-Day Courier,Delayed,1.0,2,2.2,1,77.69,0.1235,589.65,0,0,1,0,1,0,0,0,0,0,0,1,0,0.0253,0.1587,1.0,0.2443,1.0,0.3267,0.0531
ORD-2024-1493,2024-03-27,2024-03-28,Consumer,Electronics,3,898.88,33.25,6.8,5,337.5,WH-East,South,Standard Delivery,Delivered,3.0,1,1.8,1,11.08,0.0985,49.63,0,0,0,1,1,0,0,0,0,0,0,1,0,0.0253,0.4069,0.1122,0.5701,0.1376,0.038,0.0411
ORD-2024-1303,2024-03-02,2024-03-06,Corporate,Apparel,5,375.4,89.76,6.8,7,825.9,WH-East,Central,Ground Freight,Delivered,4.0,4,-0.2,0,17.95,0.1087,121.46,0,1,0,0,0,1,0,0,1,0,0,0,0,0.0506,0.1617,0.3633,0.5701,0.4095,0.0678,0.046
ORD-2024-1494,2024-03-24,2024-03-25,Corporate,Office Supplies,1,41.33,68.99,6.6,5,1135.0,WH-South,North,Standard Delivery,Delivered,5.0,1,1.6,1,68.99,0.0608,171.97,0,0,0,1,0,1,0,0,0,0,1,0,0,0.0,0.0053,0.271,0.552,0.5815,0.289,0.0229
ORD-2024-1427,2024-04-02,2024-04-03,Home Office,Office Supplies,2,62.65,29.48,6.3,5,316.4,WH-West,Central,Standard Delivery,Delivered,3.0,1,1.3,1,14.74,0.0932,50.22,0,0,0,1,0,0,1,0,1,0,0,0,0,0.0127,0.0153,0.0954,0.5249,0.1259,0.0539,0.0385
ORD-2024-2185,2024-04-02,2024-04-04,Small Business,Office Supplies,2,59.61,43.68,5.8,7,342.0,WH-South,East,Ground Freight,Delivered,5.0,2,-1.2,0,21.84,0.1277,58.97,0,1,0,0,0,0,0,1,0,1,0,0,0,0.0127,0.0139,0.1585,0.4796,0.1401,0.0846,0.0551
ORD-2024-1528,2024-05-18,2024-05-20,Consumer,Electronics,3,717.7,62.08,3.8,5,828.5,WH-North,West,Standard Delivery,Delivered,4.0,2,-1.2,0,20.69,0.0749,218.03,0,0,0,1,1,0,0,0,0,0,0,0,1,0.0253,0.322,0.2403,0.2986,0.4109,0.0796,0.0297
ORD-2024-1534,2024-05-25,2024-05-29,Home Office,Industrial Machinery,1,1141.01,92.06,7.4,5,1712.9,WH-East,South,Standard Delivery,Delivered,3.0,4,2.4,1,92.06,0.0537,231.47,0,0,0,1,0,0,1,0,0,0,0,1,0,0.0,0.5202,0.3735,0.6244,0.9032,0.3889,0.0195
ORD-2024-1886,2024-05-23,2024-05-24,Corporate,Electronics,1,216.13,76.44,1.0,2,259.5,WH-South,North,Express Air,Delivered,4.0,1,-1.0,0,76.44,0.2946,259.5,1,0,0,0,0,1,0,0,0,0,1,0,0,0.0,0.0872,0.3041,0.0452,0.0942,0.3212,0.1356
ORD-2024-1754,2024-03-01,2024-03-02,Consumer,Electronics,1,241.57,130.24,2.1,1,502.2,WH-East,South,Same-Day Courier,Delivered,4.0,1,1.1,1,130.24,0.2593,239.14,0,0,1,0,1,0,0,0,0,0,0,1,0,0.0,0.0991,0.5431,0.1448,0.2293,0.5544,0.1186
ORD-2024-1889,2024-03-17,2024-03-18,Consumer,Apparel,1,64.59,67.93,6.7,5,1255.9,WH-West,West,Standard Delivery,Delivered,4.0,1,1.7,1,67.93,0.0541,187.45,0,0,0,1,1,0,0,0,0,0,0,0,1,0.0,0.0162,0.2663,0.5611,0.6488,0.2844,0.0197
ORD-2024-1918,2024-06-17,2024-06-21,Home Office,Industrial Machinery,2,2165.61,54.67,4.3,5,811.6,WH-West,North,Standard Delivery,Delivered,5.0,4,-0.7,0,27.34,0.0674,188.74,0,0,0,1,0,0,1,0,0,0,1,0,0,0.0127,1.0,0.2074,0.3439,0.4015,0.1085,0.0261
ORD-2024-1968,2024-03-16,2024-03-18,Corporate,Apparel,2,140.92,220.27,2.0,1,1235.1,WH-South,West,Same-Day Courier,Delivered,4.0,2,1.0,1,110.14,0.1783,617.55,0,0,1,0,0,1,0,0,0,0,0,0,1,0.0127,0.052,0.9431,0.1357,0.6372,0.4673,0.0795
ORD-2024-1828,2024-02-22,2024-02-26,Corporate,Healthcare Supplies,1,118.57,60.94,5.9,5,911.7,WH-Central,North,Standard Delivery,Delivered,4.0,4,0.9,1,60.94,0.0668,154.53,0,0,0,1,0,1,0,0,0,0,1,0,0,0.0,0.0415,0.2352,0.4887,0.4572,0.2541,0.0258
ORD-2024-1170,2024-01-31,2024-02-02,Corporate,Office Supplies,1,36.24,31.18,6.2,5,259.6,WH-Central,East,Standard Delivery,Delayed,1.0,2,1.2,1,31.18,0.1201,41.87,0,0,0,1,0,1,0,0,0,1,0,0,0,0.0,0.0029,0.103,0.5158,0.0943,0.1251,0.0515
ORD-2024-1298,2024-04-08,2024-04-11,Corporate,Electronics,4,967.13,95.13,6.1,5,1533.1,WH-Central,Central,Standard Delivery,Delivered,4.0,3,1.1,1,23.78,0.0621,251.33,0,0,0,1,0,1,0,0,1,0,0,0,0,0.038,0.4388,0.3871,0.5068,0.8031,0.093,0.0235
ORD-2024-2219,2024-04-13,2024-04-17,Consumer,Office Supplies,3,97.9,34.66,3.4,5,421.3,WH-South,South,Standard Delivery,Delivered,5.0,4,-1.6,0,11.55,0.0823,123.91,0,0,0,1,1,0,0,0,0,0,0,1,0,0.0253,0.0318,0.1185,0.2624,0.1843,0.04,0.0333
ORD-2024-1394,2024-03-01,2024-03-03,Consumer,Electronics,1,238.14,172.22,5.2,2,1168.3,WH-Central,North,Express Air,Delayed,1.0,2,3.2,1,172.22,0.1474,224.67,1,0,0,0,1,0,0,0,0,0,1,0,0,0.0,0.0975,0.7296,0.4253,0.6001,0.7363,0.0646
ORD-2024-1651,2024-02-22,2024-02-25,Corporate,Electronics,3,677.84,167.12,3.8,2,1221.1,WH-East,North,Express Air,Delayed,1.0,3,1.8,1,55.71,0.1369,321.34,1,0,0,0,0,1,0,0,0,0,1,0,0,0.0253,0.3034,0.707,0.2986,0.6294,0.2314,0.0596
ORD-2024-1583,2024-03-01,2024-03-02,Consumer,Apparel,5,284.67,132.29,1.0,2,819.3,WH-East,East,Express Air,Delivered,4.0,1,-1.0,0,26.46,0.1615,819.3,1,0,0,0,1,0,0,0,0,1,0,0,0,0.0506,0.1193,0.5522,0.0452,0.4058,0.1047,0.0714
ORD-2024-1382,2024-06-15,2024-06-18,Corporate,Industrial Machinery,10,2165.61,60.45,4.3,5,458.1,WH-East,North,Standard Delivery,Delivered,4.0,3,-0.7,0,6.04,0.132,106.53,0,0,0,1,0,1,0,0,0,0,1,0,0,0.1139,1.0,0.233,0.3439,0.2048,0.0162,0.0572
ORD-2024-1332,2024-04-22,2024-04-23,Consumer,Industrial Machinery,3,2165.61,64.79,5.6,5,1145.0,WH-East,North,Standard Delivery,Delivered,4.0,1,0.6,1,21.6,0.0566,204.46,0,0,0,1,1,0,0,0,0,0,1,0,0,0.0253,1.0,0.2523,0.4615,0.5871,0.0836,0.0209
ORD-2024-1461,2024-03-06,2024-03-08,Corporate,Electronics,1,246.23,37.1,4.9,5,584.3,WH-East,South,Standard Delivery,Delivered,4.0,2,-0.1,0,37.1,0.0635,119.24,0,0,0,1,0,1,0,0,0,0,0,1,0,0.0,0.1013,0.1293,0.3982,0.275,0.1508,0.0242
ORD-2024-1477,2024-05-31,2024-06-03,Corporate,Healthcare Supplies,1,124.95,76.35,1.1,2,249.8,WH-East,North,Express Air,Delivered,5.0,3,-0.9,0,76.35,0.3056,227.09,1,0,0,0,0,1,0,0,0,0,1,0,0,0.0,0.0445,0.3037,0.0543,0.0888,0.3209,0.1409
ORD-2024-1522,2024-02-05,2024-02-09,Small Business,Apparel,2,118.32,97.04,2.0,2,491.5,WH-North,West,Express Air,Delivered,3.0,4,0.0,0,48.52,0.1974,245.75,1,0,0,0,0,0,0,1,0,0,0,0,1,0.0127,0.0414,0.3956,0.1357,0.2234,0.2003,0.0887
ORD-2024-1233,2024-04-12,2024-04-14,Corporate,Electronics,4,895.42,51.12,5.4,5,767.6,WH-North,Central,Standard Delivery,Delivered,4.0,2,0.4,1,12.78,0.0666,142.15,0,0,0,1,0,1,0,0,1,0,0,0,0,0.038,0.4052,0.1916,0.4434,0.377,0.0454,0.0257
ORD-2024-1872,2024-05-07,2024-05-08,Corporate,Healthcare Supplies,1,101.36,105.09,2.2,2,604.5,WH-North,South,Express Air,Delivered,4.0,1,0.2,1,105.09,0.1738,274.77,1,0,0,0,0,1,0,0,0,0,0,1,0,0.0,0.0334,0.4314,0.1538,0.2863,0.4454,0.0774
ORD-2024-1199,2024-05-05,2024-05-08,Home Office,Industrial Machinery,2,2165.61,36.94,5.2,5,500.2,WH-North,West,Standard Delivery,Delivered,3.0,3,0.2,1,18.47,0.0739,96.19,0,0,0,1,0,0,1,0,0,0,0,0,1,0.0127,1.0,0.1286,0.4253,0.2282,0.07,0.0292
ORD-2024-2169,2024-05-31,2024-06-03,Consumer,Office Supplies,1,39.19,52.63,6.0,5,732.3,WH-South,South,Standard Delivery,Delivered,3.0,3,1.0,1,52.63,0.0719,122.05,0,0,0,1,1,0,0,0,0,0,0,1,0,0.0,0.0043,0.1983,0.4977,0.3574,0.2181,0.0282
ORD-2024-1247,2024-03-26,2024-03-30,Small Business,Office Supplies,2,29.96,67.47,9.3,7,821.5,WH-South,North,Ground Freight,Delivered,5.0,4,2.3,1,33.74,0.0821,88.33,0,1,0,0,0,0,0,1,0,0,1,0,0,0.0127,0.0,0.2642,0.7964,0.407,0.1362,0.0332
ORD-2024-2087,2024-05-10,2024-05-12,Consumer,Office Supplies,4,119.34,93.02,10.6,5,1475.8,WH-South,West,Standard Delivery,Returned,1.0,2,5.6,1,23.26,0.063,139.23,0,0,0,1,1,0,0,0,0,0,0,0,1,0.038,0.0419,0.3777,0.914,0.7712,0.0908,0.024
ORD-2024-1594,2024-05-05,2024-05-06,Home Office,Healthcare Supplies,4,387.05,34.74,4.9,5,274.7,WH-East,North,Standard Delivery,Delivered,4.0,1,-0.1,0,8.68,0.1265,56.06,0,0,0,1,0,0,1,0,0,0,1,0,0,0.038,0.1672,0.1188,0.3982,0.1027,0.0276,0.0546
ORD-2024-1010,2024-01-28,2024-01-30,Consumer,Electronics,4,1220.62,50.74,5.3,5,807.6,WH-North,North,Standard Delivery,Delivered,5.0,2,0.3,1,12.68,0.0628,152.38,0,0,0,1,1,0,0,0,0,0,1,0,0,0.038,0.5575,0.1899,0.4344,0.3993,0.0449,0.0239
ORD-2024-1147,2024-06-20,2024-06-24,Corporate,Electronics,5,1554.12,71.13,7.8,7,612.9,WH-West,East,Ground Freight,Delayed,3.0,4,0.8,1,14.23,0.1161,78.58,0,1,0,0,0,1,0,0,0,1,0,0,0,0.0506,0.7137,0.2805,0.6606,0.2909,0.0517,0.0495
ORD-2024-1538,2024-05-07,2024-05-11,Corporate,Electronics,1,230.65,185.97,2.9,2,1454.0,WH-South,North,Express Air,Delivered,5.0,4,0.9,1,185.97,0.1279,501.38,1,0,0,0,0,1,0,0,0,0,1,0,0,0.0,0.094,0.7907,0.2172,0.7591,0.7959,0.0552
ORD-2024-2033,2024-03-28,2024-03-30,Consumer,Electronics,4,985.39,62.48,5.2,5,953.0,WH-South,South,Standard Delivery,Delivered,4.0,2,0.2,1,15.62,0.0656,183.27,0,0,0,1,1,0,0,0,0,0,0,1,0,0.038,0.4474,0.2421,0.4253,0.4802,0.0577,0.0252
ORD-2024-1818,2024-04-03,2024-04-06,Consumer,Electronics,8,99.9,233.07,3.3,1,1010.3,WH-North,West,Same-Day Courier,Delivered,5.0,3,2.3,1,29.13,0.2307,306.15,0,0,1,0,1,0,0,0,0,0,0,0,1,0.0886,0.0327,1.0,0.2534,0.5121,0.1162,0.1048
ORD-2024-1344,2024-01-24,2024-01-25,Consumer,Apparel,8,460.84,177.19,1.0,1,603.5,WH-South,East,Same-Day Courier,Delivered,4.0,1,0.0,0,22.15,0.2936,603.5,0,0,1,0,1,0,0,0,0,1,0,0,0,0.0886,0.2018,0.7517,0.0452,0.2857,0.086,0.1351
ORD-2024-1506,2024-03-05,2024-03-07,Small Business,Healthcare Supplies,15,1431.25,233.07,3.4,2,1076.1,WH-Central,Central,Express Air,Delivered,3.0,2,1.4,1,15.54,0.2166,316.5,1,0,0,0,0,0,0,1,1,0,0,0,0,0.1772,0.6561,1.0,0.2624,0.5487,0.0573,0.098
ORD-2024-1163,2024-04-21,2024-04-24,Corporate,Electronics,2,554.36,54.6,4.4,5,983.3,WH-Central,West,Standard Delivery,Delivered,5.0,3,-0.6,0,27.3,0.0555,223.48,0,0,0,1,0,1,0,0,0,0,0,0,1,0.0127,0.2455,0.207,0.3529,0.4971,0.1083,0.0203
ORD-2024-1780,2024-04-07,2024-04-11,Corporate,Electronics,1,285.38,123.99,2.4,2,669.4,WH-South,East,Express Air,Delivered,5.0,4,0.4,1,123.99,0.1852,278.92,1,0,0,0,0,1,0,0,0,1,0,0,0,0.0,0.1196,0.5154,0.1719,0.3224,0.5273,0.0829
ORD-2024-1533,2024-05-20,2024-05-22,Corporate,Industrial Machinery,2,2165.61,43.03,7.0,7,222.8,WH-North,North,Ground Freight,Delivered,4.0,2,0.0,0,21.52,0.1931,31.83,0,1,0,0,0,1,0,0,0,0,1,0,0,0.0127,1.0,0.1556,0.5882,0.0738,0.0832,0.0867
ORD-2024-1680,2024-01-20,2024-01-21,Home Office,Industrial Machinery,1,1404.92,74.0,5.7,5,1333.9,WH-West,North,Standard Delivery,Delivered,4.0,1,0.7,1,74.0,0.0555,234.02,0,0,0,1,0,0,1,0,0,0,1,0,0,0.0,0.6438,0.2932,0.4706,0.6922,0.3107,0.0203
ORD-2024-1731,2024-03-19,2024-03-21,Home Office,Apparel,1,56.0,43.67,5.3,5,580.2,WH-East,East,Standard Delivery,Delivered,3.0,2,0.3,1,43.67,0.0753,109.47,0,0,0,1,0,0,1,0,0,1,0,0,0,0.0,0.0122,0.1585,0.4344,0.2727,0.1792,0.0299
ORD-2024-2170,2024-04-20,2024-04-24,Corporate,Electronics,2,505.75,54.75,4.2,5,941.6,WH-Central,North,Standard Delivery,Delivered,5.0,4,-0.8,0,27.38,0.0581,224.19,0,0,0,1,0,1,0,0,0,0,1,0,0,0.0127,0.2228,0.2077,0.3348,0.4739,0.1086,0.0216
ORD-2024-1447,2024-02-25,2024-02-26,Home Office,Electronics,1,291.49,133.66,1.5,2,860.5,WH-South,East,Express Air,Delivered,5.0,1,-0.5,0,133.66,0.1553,573.67,1,0,0,0,0,0,1,0,0,1,0,0,0,0.0,0.1225,0.5583,0.0905,0.4287,0.5692,0.0684
ORD-2024-1405,2024-03-10,2024-03-14,Home Office,Healthcare Supplies,2,211.11,88.6,7.2,7,1021.6,WH-North,North,Ground Freight,Delivered,5.0,4,0.2,1,44.3,0.0867,141.89,0,1,0,0,0,0,1,0,0,0,1,0,0,0.0127,0.0848,0.3581,0.6063,0.5184,0.182,0.0354
ORD-2024-1244,2024-04-05,2024-04-08,Consumer,Industrial Machinery,5,2165.61,192.59,4.1,2,1389.2,WH-East,East,Express Air,Delivered,4.0,3,2.1,1,38.52,0.1386,338.83,1,0,0,0,1,0,0,0,0,1,0,0,0,0.0506,1.0,0.8201,0.3258,0.723,0.1569,0.0604
ORD-2024-1428,2024-06-12,2024-06-14,Consumer,Electronics,1,303.71,168.24,2.7,2,1380.2,WH-South,West,Express Air,Delivered,4.0,2,0.7,1,168.24,0.1219,511.19,1,0,0,0,1,0,0,0,0,0,0,0,1,0.0,0.1282,0.712,0.1991,0.718,0.7191,0.0523
ORD-2024-1814,2024-04-03,2024-04-07,Home Office,Electronics,5,1123.54,97.08,6.6,5,1709.2,WH-North,North,Standard Delivery,Delivered,3.0,4,1.6,1,19.42,0.0568,258.97,0,0,0,1,0,0,1,0,0,0,1,0,0,0.0506,0.5121,0.3958,0.552,0.9011,0.0741,0.021
ORD-2024-1135,2024-01-07,2024-01-08,Consumer,Office Supplies,1,37.36,75.31,6.7,5,1619.0,WH-Central,West,Standard Delivery,Delivered,4.0,1,1.7,1,75.31,0.0465,241.64,0,0,0,1,1,0,0,0,0,0,0,0,1,0.0,0.0035,0.2991,0.5611,0.8509,0.3163,0.016
ORD-2024-1327,2024-06-28,2024-06-29,Corporate,Industrial Machinery,4,2165.61,50.13,6.3,5,660.5,WH-South,North,Standard Delivery,Delayed,2.0,1,1.3,1,12.53,0.0759,104.84,0,0,0,1,0,1,0,0,0,0,1,0,0,0.038,1.0,0.1872,0.5249,0.3174,0.0443,0.0302
ORD-2024-1745,2024-01-10,2024-01-13,Home Office,Industrial Machinery,5,2165.61,157.58,3.9,2,1088.1,WH-East,North,Express Air,Delivered,5.0,3,1.9,1,31.52,0.1448,279.0,1,0,0,0,0,0,1,0,0,0,1,0,0,0.0506,1.0,0.6646,0.3077,0.5554,0.1266,0.0634
ORD-2024-1650,2024-03-24,2024-03-27,Consumer,Industrial Machinery,4,2165.61,184.61,1.4,2,1066.4,WH-North,East,Express Air,Delivered,5.0,3,-0.6,0,46.15,0.1731,761.71,1,0,0,0,1,0,0,0,0,1,0,0,0,0.038,1.0,0.7847,0.0814,0.5433,0.19,0.077
ORD-2024-2138,2024-02-19,2024-02-20,Corporate,Apparel,1,71.75,173.43,5.5,2,1477.2,WH-North,South,Express Air,Delayed,2.0,1,3.5,1,173.43,0.1174,268.58,1,0,0,0,0,1,0,0,0,0,0,1,0,0.0,0.0196,0.735,0.4525,0.772,0.7415,0.0502
ORD-2024-1919,2024-01-29,2024-01-30,Consumer,Office Supplies,3,110.78,116.64,1.5,2,548.8,WH-West,North,Express Air,Delivered,5.0,1,-0.5,0,38.88,0.2125,365.87,1,0,0,0,1,0,0,0,0,0,1,0,0,0.0253,0.0378,0.4827,0.0905,0.2552,0.1585,0.096
ORD-2024-2214,2024-05-17,2024-05-20,Corporate,Industrial Machinery,5,2165.61,67.71,6.1,7,516.9,WH-East,Central,Ground Freight,Delivered,5.0,3,-0.9,0,13.54,0.131,84.74,0,1,0,0,0,1,0,0,1,0,0,0,0,0.0506,1.0,0.2653,0.5068,0.2375,0.0487,0.0567
ORD-2024-1398,2024-03-10,2024-03-14,Home Office,Apparel,2,115.47,46.81,5.8,5,602.5,WH-West,South,Standard Delivery,Delivered,4.0,4,0.8,1,23.4,0.0777,103.88,0,0,0,1,0,0,1,0,0,0,0,1,0,0.0127,0.04,0.1724,0.4796,0.2851,0.0914,0.031
ORD-2024-1331,2024-06-25,2024-06-26,Home Office,Office Supplies,3,130.29,34.25,5.1,5,381.0,WH-North,West,Standard Delivery,Delivered,5.0,1,0.1,1,11.42,0.0899,74.71,0,0,0,1,0,0,1,0,0,0,0,0,1,0.0253,0.047,0.1166,0.4163,0.1619,0.0395,0.0369
ORD-2024-1158,2024-01-20,2024-01-22,Consumer,Industrial Machinery,5,2165.61,60.99,4.5,5,931.1,WH-East,North,Standard Delivery,Delivered,4.0,2,-0.5,0,12.2,0.0655,206.91,0,0,0,1,1,0,0,0,0,0,1,0,0,0.0506,1.0,0.2354,0.362,0.468,0.0429,0.0252
ORD-2024-1140,2024-03-30,2024-04-02,Small Business,Electronics,5,1374.25,99.32,3.9,2,425.8,WH-West,South,Express Air,Delayed,3.0,3,1.9,1,19.86,0.2333,109.18,1,0,0,0,0,0,0,1,0,0,0,1,0,0.0506,0.6295,0.4057,0.3077,0.1868,0.0761,0.106
ORD-2024-1259,2024-02-15,2024-02-19,Consumer,Apparel,3,177.76,68.49,6.8,7,757.1,WH-North,North,Ground Freight,Delivered,4.0,4,-0.2,0,22.83,0.0905,111.34,0,1,0,0,1,0,0,0,0,0,1,0,0,0.0253,0.0692,0.2688,0.5701,0.3712,0.0889,0.0372
ORD-2024-1339,2024-02-18,2024-02-22,Consumer,Apparel,3,243.13,64.77,6.1,5,987.9,WH-North,South,Standard Delivery,Delayed,2.0,4,1.1,1,21.59,0.0656,161.95,0,0,0,1,1,0,0,0,0,0,0,1,0,0.0253,0.0998,0.2522,0.5068,0.4996,0.0836,0.0252
ORD-2024-1994,2024-02-02,2024-02-03,Consumer,Apparel,3,195.0,49.81,3.4,5,634.6,WH-North,West,Standard Delivery,Delivered,4.0,1,-1.6,0,16.6,0.0785,186.65,0,0,0,1,1,0,0,0,0,0,0,0,1,0.0253,0.0773,0.1858,0.2624,0.303,0.0619,0.0314
ORD-2024-1701,2024-05-16,2024-05-17,Consumer,Electronics,3,780.27,66.82,4.7,5,1089.4,WH-East,East,Standard Delivery,Delivered,4.0,1,-0.3,0,22.27,0.0613,231.79,0,0,0,1,1,0,0,0,0,1,0,0,0,0.0253,0.3513,0.2613,0.3801,0.5561,0.0865,0.0231
ORD-2024-2105,2024-04-09,2024-04-13,Consumer,Electronics,8,2165.61,66.22,5.4,5,816.6,WH-North,North,Standard Delivery,Delivered,4.0,4,0.4,1,8.28,0.0811,151.22,0,0,0,1,1,0,0,0,0,0,1,0,0,0.0886,1.0,0.2587,0.4434,0.4043,0.0259,0.0327
ORD-2024-1424,2024-01-31,2024-02-01,Consumer,Apparel,1,60.48,39.27,6.1,5,570.1,WH-Central,South,Standard Delivery,Delivered,4.0,1,1.1,1,39.27,0.0689,93.46,0,0,0,1,1,0,0,0,0,0,0,1,0,0.0,0.0143,0.1389,0.5068,0.2671,0.1602,0.0268
ORD-2024-1944,2024-01-20,2024-01-23,Consumer,Electronics,1,257.47,222.56,3.2,1,1132.1,WH-South,Central,Same-Day Courier,Delayed,2.0,3,2.2,1,222.56,0.1966,353.78,0,0,1,0,1,0,0,0,1,0,0,0,0,0.0,0.1065,0.9533,0.2443,0.5799,0.9545,0.0883
ORD-2024-1065,2024-06-11,2024-06-12,Corporate,Industrial Machinery,1,1237.45,32.24,5.2,5,383.5,WH-East,South,Standard Delivery,Delivered,4.0,1,0.2,1,32.24,0.0841,73.75,0,0,0,1,0,1,0,0,0,0,0,1,0,0.0,0.5654,0.1077,0.4253,0.1632,0.1297,0.0341
ORD-2024-1413,2024-05-06,2024-05-07,Corporate,Office Supplies,2,68.29,47.23,5.5,5,771.4,WH-South,Central,Standard Delivery,Delivered,3.0,1,0.5,1,23.62,0.0612,140.25,0,0,0,1,0,1,0,0,1,0,0,0,0,0.0127,0.0179,0.1743,0.4525,0.3791,0.0923,0.0231
ORD-2024-1778,2024-05-24,2024-05-25,Corporate,Electronics,2,574.09,51.88,8.8,7,520.0,WH-East,South,Standard Delivery,Delivered,4.0,1,1.8,1,25.94,0.0998,59.09,0,0,0,1,0,1,0,0,0,0,0,1,0,0.0127,0.2548,0.195,0.7511,0.2392,0.1024,0.0417
ORD-2024-2107,2024-02-20,2024-02-22,Home Office,Electronics,1,309.06,69.7,5.7,5,1272.2,WH-Central,South,Standard Delivery,Delayed,1.0,2,0.7,1,69.7,0.0548,223.19,0,0,0,1,0,0,1,0,0,0,0,1,0,0.0,0.1307,0.2741,0.4706,0.6579,0.292,0.02
ORD-2024-1096,2024-02-26,2024-03-01,Corporate,Office Supplies,2,420.0,156.68,8.4,7,1886.88,WH-Central,South,Ground Freight,Delivered,4.0,4,1.4,1,78.34,0.083,224.63,0,1,0,0,0,1,0,0,0,0,0,1,0,0.0127,0.1826,0.6606,0.7149,1.0,0.3295,0.0336
ORD-2024-1309,2024-04-11,2024-04-13,Consumer,Healthcare Supplies,5,518.67,49.6,5.2,7,294.4,WH-Central,West,Ground Freight,Delivered,5.0,2,-1.8,0,9.92,0.1685,56.62,0,1,0,0,1,0,0,0,0,0,0,0,1,0.0506,0.2288,0.1848,0.4253,0.1137,0.033,0.0748
ORD-2024-2078,2024-04-02,2024-04-05,Consumer,Industrial Machinery,1,1100.84,206.3,4.4,2,1475.4,WH-South,West,Express Air,Delivered,5.0,3,2.4,1,206.3,0.1398,335.32,1,0,0,0,1,0,0,0,0,0,0,0,1,0.0,0.5014,0.8811,0.3529,0.771,0.884,0.061
ORD-2024-1626,2024-04-03,2024-04-06,Corporate,Industrial Machinery,2,2052.15,25.48,5.8,5,90.2,WH-South,West,Standard Delivery,Delivered,4.0,3,0.8,1,12.74,0.2825,15.55,0,0,0,1,0,1,0,0,0,0,0,0,1,0.0127,0.9469,0.0777,0.4796,0.0,0.0452,0.1297
ORD-2024-1156,2024-05-22,2024-05-26,Corporate,Apparel,1,76.33,37.82,6.5,5,611.1,WH-East,West,Standard Delivery,Delivered,3.0,4,1.5,1,37.82,0.0619,94.02,0,0,0,1,0,1,0,0,0,0,0,0,1,0.0,0.0217,0.1325,0.543,0.2899,0.1539,0.0234
ORD-2024-1724,2024-01-31,2024-02-04,Corporate,Electronics,1,243.48,36.4,4.1,5,409.5,WH-East,North,Standard Delivery,Delivered,4.0,4,-0.9,0,36.4,0.0889,99.88,0,0,0,1,0,1,0,0,0,0,1,0,0,0.0,0.1,0.1262,0.3258,0.1777,0.1477,0.0364
ORD-2024-1609,2024-06-27,2024-06-28,Corporate,Apparel,1,77.71,42.12,7.7,5,724.1,WH-North,East,Standard Delivery,Delivered,3.0,1,2.7,1,42.12,0.0582,94.04,0,0,0,1,0,1,0,0,0,1,0,0,0,0.0,0.0224,0.1516,0.6516,0.3528,0.1725,0.0216
ORD-2024-2132,2024-01-12,2024-01-15,Consumer,Healthcare Supplies,1,112.0,133.91,4.1,2,801.3,WH-West,East,Express Air,Delayed,1.0,3,2.1,1,133.91,0.1671,195.44,1,0,0,0,1,0,0,0,0,1,0,0,0,0.0,0.0384,0.5594,0.3258,0.3958,0.5703,0.0741
ORD-2024-1503,2024-06-03,2024-06-07,Home Office,Electronics,8,1915.04,63.0,4.5,5,577.8,WH-East,East,Standard Delivery,Delivered,4.0,4,-0.5,0,7.88,0.109,128.4,0,0,0,1,0,0,1,0,0,1,0,0,0,0.0886,0.8827,0.2444,0.362,0.2714,0.0241,0.0461
ORD-2024-2063,2024-04-14,2024-04-17,Consumer,Apparel,1,60.44,190.45,3.5,2,1350.0,WH-East,South,Express Air,Delivered,5.0,3,1.5,1,190.45,0.1411,385.71,1,0,0,0,1,0,0,0,0,0,0,1,0,0.0,0.0143,0.8106,0.2715,0.7012,0.8153,0.0616
ORD-2024-2050,2024-03-29,2024-04-02,Home Office,Apparel,2,133.61,196.23,2.8,2,1397.9,WH-North,West,Express Air,Delivered,3.0,4,0.8,1,98.12,0.1404,499.25,1,0,0,0,0,0,1,0,0,0,0,0,1,0.0127,0.0485,0.8363,0.2081,0.7278,0.4152,0.0613
ORD-2024-1380,2024-01-29,2024-01-31,Consumer,Apparel,1,67.93,53.3,5.6,5,751.5,WH-South,South,Standard Delivery,Delivered,4.0,2,0.6,1,53.3,0.0709,134.2,0,0,0,1,1,0,0,0,0,0,0,1,0,0.0,0.0178,0.2013,0.4615,0.3681,0.221,0.0278
ORD-2024-1933,2024-01-19,2024-01-23,Corporate,Office Supplies,2,71.19,192.15,2.0,1,883.1,WH-South,South,Same-Day Courier,Delivered,4.0,4,1.0,1,96.08,0.2176,441.55,0,0,1,0,0,1,0,0,0,0,0,1,0,0.0127,0.0193,0.8182,0.1357,0.4413,0.4064,0.0985
ORD-2024-1535,2024-06-17,2024-06-20,Small Business,Apparel,1,80.08,59.95,4.2,5,905.0,WH-East,South,Standard Delivery,Delivered,5.0,3,-0.8,0,59.95,0.0662,215.48,0,0,0,1,0,0,0,1,0,0,0,1,0,0.0,0.0235,0.2308,0.3348,0.4535,0.2498,0.0255
ORD-2024-1282,2024-01-23,2024-01-25,Consumer,Apparel,1,69.55,43.85,4.2,5,611.7,WH-North,Central,Standard Delivery,Delivered,5.0,2,-0.8,0,43.85,0.0717,145.64,0,0,0,1,1,0,0,0,1,0,0,0,0,0.0,0.0185,0.1593,0.3348,0.2903,0.18,0.0281
ORD-2024-2217,2024-02-07,2024-02-10,Corporate,Electronics,2,533.49,41.37,5.4,5,472.8,WH-West,North,Standard Delivery,Delivered,3.0,3,0.4,1,20.68,0.0875,87.56,0,0,0,1,0,1,0,0,0,0,1,0,0,0.0127,0.2358,0.1483,0.4434,0.2129,0.0796,0.0358
ORD-2024-1409,2024-03-01,2024-03-04,Consumer,Office Supplies,4,159.3,134.75,4.0,2,710.3,WH-East,South,Express Air,Delivered,4.0,3,2.0,1,33.69,0.1897,177.58,1,0,0,0,1,0,0,0,0,0,0,1,0,0.038,0.0606,0.5632,0.3167,0.3451,0.136,0.085
ORD-2024-2054,2024-04-25,2024-04-29,Small Business,Healthcare Supplies,2,224.03,50.0,7.8,7,469.6,WH-West,North,Ground Freight,Delivered,4.0,4,0.8,1,25.0,0.1065,60.21,0,1,0,0,0,0,0,1,0,0,1,0,0,0.0127,0.0909,0.1866,0.6606,0.2112,0.0983,0.0449
ORD-2024-2068,2024-04-20,2024-04-23,Consumer,Office Supplies,1,38.49,35.37,6.2,5,534.2,WH-Central,West,Standard Delivery,Delivered,3.0,3,1.2,1,35.37,0.0662,86.16,0,0,0,1,1,0,0,0,0,0,0,0,1,0.0,0.004,0.1216,0.5158,0.2471,0.1433,0.0255
ORD-2024-1584,2024-05-28,2024-06-01,Corporate,Apparel,2,148.92,37.81,4.0,5,555.8,WH-South,West,Standard Delivery,Delivered,4.0,4,-1.0,0,18.9,0.068,138.95,0,0,0,1,0,1,0,0,0,0,0,0,1,0.0127,0.0557,0.1324,0.3167,0.2591,0.0719,0.0264
ORD-2024-1573,2024-04-03,2024-04-06,Corporate,Apparel,5,319.19,111.03,1.5,2,419.3,WH-East,South,Express Air,Delivered,5.0,3,-0.5,0,22.21,0.2648,279.53,1,0,0,0,0,1,0,0,0,0,0,1,0,0.0506,0.1354,0.4578,0.0905,0.1832,0.0862,0.1212
ORD-2024-1925,2024-02-23,2024-02-24,Consumer,Apparel,10,603.38,204.23,2.2,2,1026.3,WH-Central,East,Express Air,Delivered,4.0,1,0.2,1,20.42,0.199,466.5,1,0,0,0,1,0,0,0,0,1,0,0,0,0.1139,0.2685,0.8719,0.1538,0.521,0.0785,0.0895
ORD-2024-1178,2024-03-29,2024-03-31,Small Business,Industrial Machinery,1,1031.5,233.07,1.0,2,357.8,WH-West,North,Express Air,Delivered,4.0,2,-1.0,0,233.07,0.6514,357.8,1,0,0,0,0,0,0,1,0,0,1,0,0,0.0,0.469,1.0,0.0452,0.1489,1.0,0.3075
ORD-2024-1993,2024-04-05,2024-04-09,Corporate,Healthcare Supplies,1,136.55,50.69,4.8,5,727.5,WH-Central,Central,Standard Delivery,Delivered,5.0,4,-0.2,0,50.69,0.0697,151.56,0,0,0,1,0,1,0,0,1,0,0,0,0,0.0,0.0499,0.1897,0.3891,0.3547,0.2097,0.0272
ORD-2024-1967,2024-01-04,2024-01-07,Consumer,Electronics,3,691.11,53.64,5.8,5,696.4,WH-Central,West,Standard Delivery,Delivered,5.0,3,0.8,1,17.88,0.077,120.07,0,0,0,1,1,0,0,0,0,0,0,0,1,0.0253,0.3096,0.2028,0.4796,0.3374,0.0675,0.0307
ORD-2024-1286,2024-04-27,2024-04-28,Corporate,Electronics,3,848.36,224.94,1.0,1,1033.0,WH-Central,Central,Same-Day Courier,Delivered,5.0,1,0.0,0,74.98,0.2178,1033.0,0,0,1,0,0,1,0,0,1,0,0,0,0,0.0253,0.3832,0.9639,0.0452,0.5247,0.3149,0.0986
ORD-2024-1390,2024-04-11,2024-04-12,Small Business,Office Supplies,1,35.73,56.02,7.8,5,869.4,WH-South,South,Standard Delivery,Delivered,4.0,1,2.8,1,56.02,0.0644,111.46,0,0,0,1,0,0,0,1,0,0,0,1,0,0.0,0.0027,0.2134,0.6606,0.4337,0.2328,0.0246
ORD-2024-1864,2024-06-27,2024-07-01,Consumer,Industrial Machinery,5,2165.61,108.78,3.7,2,399.4,WH-North,Central,Express Air,Delayed,1.0,4,1.7,1,21.76,0.2724,107.95,1,0,0,0,1,0,0,0,1,0,0,0,0,0.0506,1.0,0.4478,0.2896,0.1721,0.0843,0.1249
ORD-2024-1088,2024-03-25,2024-03-26,Home Office,Electronics,5,1449.86,96.78,1.4,2,362.3,WH-Central,North,Express Air,Delivered,5.0,1,-0.6,0,19.36,0.2671,258.79,1,0,0,0,0,0,1,0,0,0,1,0,0,0.0506,0.6649,0.3945,0.0814,0.1514,0.0739,0.1223
ORD-2024-1807,2024-05-01,2024-05-03,Small Business,Office Supplies,3,122.73,198.93,1.5,1,839.1,WH-West,North,Same-Day Courier,Delivered,4.0,2,0.5,1,66.31,0.2371,559.4,0,0,1,0,0,0,0,1,0,0,1,0,0,0.0253,0.0434,0.8483,0.0905,0.4168,0.2773,0.1079
ORD-2024-2005,2024-05-04,2024-05-07,Corporate,Industrial Machinery,3,2165.61,95.71,1.0,1,233.5,WH-Central,East,Same-Day Courier,Delivered,4.0,3,0.0,0,31.9,0.4099,233.5,0,0,1,0,0,1,0,0,0,1,0,0,0,0.0253,1.0,0.3897,0.0452,0.0798,0.1282,0.1912
ORD-2024-1899,2024-06-16,2024-06-18,Consumer,Apparel,2,133.12,84.53,2.9,2,396.2,WH-North,East,Express Air,Delivered,5.0,2,0.9,1,42.26,0.2134,136.62,1,0,0,0,1,0,0,0,0,1,0,0,0,0.0127,0.0483,0.34,0.2172,0.1703,0.1731,0.0964
ORD-2024-1490,2024-06-25,2024-06-27,Corporate,Apparel,2,146.0,49.31,4.8,5,725.4,WH-West,North,Standard Delivery,Delivered,5.0,2,-0.2,0,24.66,0.068,151.12,0,0,0,1,0,1,0,0,0,0,1,0,0,0.0127,0.0543,0.1835,0.3891,0.3535,0.0969,0.0264
ORD-2024-2042,2024-02-15,2024-02-19,Consumer,Electronics,4,857.34,47.43,6.6,5,667.5,WH-North,North,Standard Delivery,Delivered,5.0,4,1.6,1,11.86,0.0711,101.14,0,0,0,1,1,0,0,0,0,0,1,0,0,0.038,0.3874,0.1752,0.552,0.3213,0.0414,0.0279
ORD-2024-2127,2024-05-25,2024-05-28,Consumer,Apparel,3,181.42,71.11,8.7,5,1320.0,WH-West,Central,Standard Delivery,Returned,1.0,3,3.7,1,23.7,0.0539,151.72,0,0,0,1,1,0,0,0,1,0,0,0,0,0.0253,0.0709,0.2804,0.7421,0.6845,0.0927,0.0196
ORD-2024-1290,2024-04-22,2024-04-24,Consumer,Apparel,1,70.68,27.11,6.3,5,291.2,WH-Central,West,Standard Delivery,Delayed,2.0,2,1.3,1,27.11,0.0931,46.22,0,0,0,1,1,0,0,0,0,0,0,0,1,0.0,0.0191,0.0849,0.5249,0.1119,0.1075,0.0385
ORD-2024-1285,2024-05-14,2024-05-16,Consumer,Electronics,2,310.0,177.71,4.5,2,1260.7,WH-Central,North,Express Air,Delivered,4.0,2,2.5,1,88.86,0.141,280.16,1,0,0,0,1,0,0,0,0,0,1,0,0,0.0127,0.1311,0.754,0.362,0.6515,0.3751,0.0615
ORD-2024-2207,2024-02-21,2024-02-25,Consumer,Industrial Machinery,1,1456.34,40.94,6.3,5,688.7,WH-East,South,Standard Delivery,Delayed,2.0,4,1.3,1,40.94,0.0594,109.32,0,0,0,1,1,0,0,0,0,0,0,1,0,0.0,0.6679,0.1464,0.5249,0.3331,0.1674,0.0222
ORD-2024-2112,2024-04-18,2024-04-21,Consumer,Electronics,1,286.44,117.96,3.0,1,455.3,WH-North,South,Standard Delivery,Delivered,4.0,3,2.0,1,117.96,0.2591,151.77,0,0,0,1,1,0,0,0,0,0,0,1,0,0.0,0.1201,0.4886,0.2262,0.2032,0.5012,0.1185
ORD-2024-1266,2024-02-08,2024-02-10,Corporate,Industrial Machinery,2,2165.61,54.58,5.7,5,954.1,WH-Central,East,Standard Delivery,Delivered,5.0,2,0.7,1,27.29,0.0572,167.39,0,0,0,1,0,1,0,0,0,1,0,0,0,0.0127,1.0,0.207,0.4706,0.4808,0.1083,0.0212
ORD-2024-1059,2024-02-15,2024-02-19,Consumer,Apparel,1,79.01,30.83,3.4,5,324.6,WH-North,East,Standard Delivery,Delivered,5.0,4,-1.6,0,30.83,0.095,95.47,0,0,0,1,1,0,0,0,0,1,0,0,0,0.0,0.023,0.1014,0.2624,0.1305,0.1236,0.0394
ORD-2024-2203,2024-01-10,2024-01-11,Consumer,Office Supplies,1,40.59,173.89,3.1,2,1147.1,WH-West,West,Express Air,Delivered,3.0,1,1.1,1,173.89,0.1516,370.03,1,0,0,0,1,0,0,0,0,0,0,0,1,0.0,0.005,0.7371,0.2353,0.5883,0.7435,0.0667
ORD-2024-1371,2024-01-31,2024-02-02,Consumer,Electronics,4,881.07,46.76,3.2,5,515.9,WH-East,Central,Standard Delivery,Delivered,3.0,2,-1.8,0,11.69,0.0906,161.22,0,0,0,1,1,0,0,0,1,0,0,0,0,0.038,0.3985,0.1722,0.2443,0.2369,0.0406,0.0373
ORD-2024-1787,2024-03-01,2024-03-03,Consumer,Electronics,3,689.38,88.15,10.7,7,960.4,WH-East,West,Ground Freight,Returned,1.0,2,3.7,1,29.38,0.0918,89.76,0,1,0,0,1,0,0,0,0,0,0,0,1,0.0253,0.3088,0.3561,0.9231,0.4843,0.1173,0.0378
ORD-2024-1755,2024-05-27,2024-05-28,Home Office,Apparel,2,122.65,41.96,5.9,5,569.6,WH-South,North,Standard Delivery,Delayed,3.0,1,0.9,1,20.98,0.0737,96.54,0,0,0,1,0,0,1,0,0,0,1,0,0,0.0127,0.0434,0.1509,0.4887,0.2668,0.0809,0.0291
ORD-2024-1365,2024-05-19,2024-05-20,Consumer,Industrial Machinery,2,2165.61,174.11,1.0,1,725.6,WH-South,East,Same-Day Courier,Delivered,4.0,1,0.0,0,87.06,0.24,725.6,0,0,1,0,1,0,0,0,0,1,0,0,0,0.0127,1.0,0.738,0.0452,0.3537,0.3673,0.1093
ORD-2024-1714,2024-05-13,2024-05-15,Consumer,Industrial Machinery,1,1456.49,182.06,3.7,2,1188.9,WH-West,North,Express Air,Delivered,5.0,2,1.7,1,182.06,0.1531,321.32,1,0,0,0,1,0,0,0,0,0,1,0,0,0.0,0.668,0.7734,0.2896,0.6115,0.7789,0.0674
ORD-2024-2188,2024-05-07,2024-05-11,Consumer,Office Supplies,3,118.44,43.28,5.5,5,532.4,WH-West,North,Standard Delivery,Delivered,4.0,4,0.5,1,14.43,0.0813,96.8,0,0,0,1,1,0,0,0,0,0,1,0,0,0.0253,0.0414,0.1568,0.4525,0.2461,0.0525,0.0328
ORD-2024-1629,2024-06-18,2024-06-19,Consumer,Industrial Machinery,3,2165.61,57.23,5.4,5,919.2,WH-East,West,Standard Delivery,Delivered,5.0,1,0.4,1,19.08,0.0623,170.22,0,0,0,1,1,0,0,0,0,0,0,0,1,0.0253,1.0,0.2187,0.4434,0.4614,0.0727,0.0236
ORD-2024-2144,2024-01-14,2024-01-17,Consumer,Apparel,1,66.33,64.72,4.1,7,650.1,WH-South,West,Ground Freight,Delivered,4.0,3,-2.9,0,64.72,0.0996,158.56,0,1,0,0,1,0,0,0,0,0,0,0,1,0.0,0.017,0.252,0.3258,0.3116,0.2705,0.0416
ORD-2024-1895,2024-02-28,2024-02-29,Consumer,Apparel,5,400.06,53.41,4.7,5,649.4,WH-West,Central,Standard Delivery,Delivered,4.0,1,-0.3,0,10.68,0.0822,138.17,0,0,0,1,1,0,0,0,1,0,0,0,0,0.0506,0.1733,0.2018,0.3801,0.3112,0.0363,0.0332
ORD-2024-1677,2024-06-09,2024-06-11,Consumer,Office Supplies,1,37.33,59.17,7.2,5,1092.9,WH-North,Central,Standard Delivery,Delivered,5.0,2,2.2,1,59.17,0.0541,151.79,0,0,0,1,1,0,0,0,1,0,0,0,0,0.0,0.0035,0.2274,0.6063,0.5581,0.2464,0.0197
ORD-2024-1985,2024-01-10,2024-01-14,Corporate,Industrial Machinery,1,1060.3,35.97,5.7,5,396.7,WH-North,East,Standard Delivery,Delivered,4.0,4,0.7,1,35.97,0.0907,69.6,0,0,0,1,0,1,0,0,0,1,0,0,0,0.0,0.4824,0.1243,0.4706,0.1706,0.1459,0.0373
ORD-2024-1415,2024-01-06,2024-01-09,Consumer,Apparel,15,912.81,60.98,5.4,5,406.4,WH-South,West,Standard Delivery,Delivered,4.0,3,0.4,1,4.07,0.15,75.26,0,0,0,1,1,0,0,0,0,0,0,0,1,0.1772,0.4134,0.2354,0.4434,0.176,0.0076,0.0659
ORD-2024-1900,2024-05-01,2024-05-04,Consumer,Office Supplies,2,75.14,84.85,2.2,2,290.9,WH-North,North,Express Air,Delivered,4.0,3,0.2,1,42.42,0.2917,132.23,1,0,0,0,1,0,0,0,0,0,1,0,0,0.0127,0.0212,0.3414,0.1538,0.1117,0.1738,0.1342
ORD-2024-1083,2024-04-27,2024-04-29,Consumer,Healthcare Supplies,3,294.64,58.99,4.4,5,922.0,WH-South,South,Standard Delivery,Delivered,3.0,2,-0.6,0,19.66,0.064,209.55,0,0,0,1,1,0,0,0,0,0,0,1,0,0.0253,0.1239,0.2266,0.3529,0.463,0.0752,0.0244
ORD-2024-1129,2024-01-22,2024-01-23,Corporate,Industrial Machinery,2,2165.61,66.39,7.3,7,762.8,WH-North,South,Ground Freight,Delivered,5.0,1,0.3,1,33.2,0.087,104.49,0,1,0,0,0,1,0,0,0,0,0,1,0,0.0127,1.0,0.2594,0.6154,0.3744,0.1339,0.0355
ORD-2024-1752,2024-01-15,2024-01-18,Corporate,Healthcare Supplies,3,318.13,65.58,7.2,5,691.5,WH-South,East,Standard Delivery,Delivered,5.0,3,2.2,1,21.86,0.0948,96.04,0,0,0,1,0,1,0,0,0,1,0,0,0,0.0253,0.1349,0.2558,0.6063,0.3347,0.0847,0.0393
ORD-2024-2236,2024-02-06,2024-02-10,Home Office,Office Supplies,3,128.64,131.66,1.5,2,672.3,WH-West,West,Express Air,Delivered,5.0,4,-0.5,0,43.89,0.1958,448.2,1,0,0,0,0,0,1,0,0,0,0,0,1,0.0253,0.0462,0.5494,0.0905,0.324,0.1802,0.088
ORD-2024-2177,2024-03-14,2024-03-16,Consumer,Healthcare Supplies,3,366.77,65.92,6.7,5,1121.3,WH-North,South,Standard Delivery,Delayed,1.0,2,1.7,1,21.97,0.0588,167.36,0,0,0,1,1,0,0,0,0,0,0,1,0,0.0253,0.1577,0.2573,0.5611,0.5739,0.0852,0.0219
ORD-2024-1628,2024-02-01,2024-02-05,Consumer,Electronics,4,1096.44,178.1,2.8,2,992.0,WH-North,Central,Express Air,Delivered,3.0,4,0.8,1,44.52,0.1795,354.29,1,0,0,0,1,0,0,0,1,0,0,0,0,0.038,0.4994,0.7558,0.2081,0.5019,0.1829,0.0801
ORD-2024-1260,2024-01-22,2024-01-23,Corporate,Apparel,2,130.09,90.31,5.2,5,1485.0,WH-North,North,Standard Delivery,Delivered,3.0,1,0.2,1,45.16,0.0608,285.58,0,0,0,1,0,1,0,0,0,0,1,0,0,0.0127,0.0469,0.3657,0.4253,0.7763,0.1857,0.0229
ORD-2024-1596,2024-01-24,2024-01-28,Corporate,Electronics,3,834.18,50.38,6.4,5,776.3,WH-West,Central,Standard Delivery,Delivered,4.0,4,1.4,1,16.79,0.0649,121.3,0,0,0,1,0,1,0,0,1,0,0,0,0,0.0253,0.3766,0.1883,0.5339,0.3819,0.0627,0.0249
ORD-2024-1610,2024-06-11,2024-06-15,Consumer,Apparel,1,63.61,37.27,5.3,5,567.4,WH-North,East,Standard Delivery,Delivered,3.0,4,0.3,1,37.27,0.0657,107.06,0,0,0,1,1,0,0,0,0,1,0,0,0,0.0,0.0158,0.13,0.4344,0.2656,0.1515,0.0253
ORD-2024-1991,2024-03-24,2024-03-25,Corporate,Electronics,2,528.53,156.14,1.5,2,978.8,WH-North,East,Express Air,Delivered,4.0,1,-0.5,0,78.07,0.1595,652.53,1,0,0,0,0,1,0,0,0,1,0,0,0,0.0127,0.2335,0.6582,0.0905,0.4946,0.3283,0.0705
ORD-2024-1622,2024-05-17,2024-05-20,Consumer,Office Supplies,4,155.3,63.02,7.3,7,641.4,WH-North,North,Ground Freight,Delivered,5.0,3,0.3,1,15.76,0.0983,87.86,0,1,0,0,1,0,0,0,0,0,1,0,0,0.038,0.0587,0.2445,0.6154,0.3068,0.0583,0.041
ORD-2024-1138,2024-04-15,2024-04-17,Consumer,Healthcare Supplies,8,944.14,189.91,4.2,2,958.0,WH-East,Central,Express Air,Delivered,5.0,2,2.2,1,23.74,0.1982,228.1,1,0,0,0,1,0,0,0,1,0,0,0,0,0.0886,0.4281,0.8082,0.3348,0.483,0.0929,0.0891
ORD-2024-1292,2024-05-07,2024-05-10,Home Office,Industrial Machinery,5,2165.61,44.37,4.6,5,377.9,WH-East,East,Standard Delivery,Delivered,4.0,3,-0.4,0,8.87,0.1174,82.15,0,0,0,1,0,0,1,0,0,1,0,0,0,0.0506,1.0,0.1616,0.371,0.1601,0.0284,0.0502
ORD-2024-2037,2024-05-29,2024-06-01,Corporate,Office Supplies,1,30.54,71.38,7.7,7,688.2,WH-Central,South,Ground Freight,Delivered,3.0,3,0.7,1,71.38,0.1037,89.38,0,1,0,0,0,1,0,0,0,0,0,1,0,0.0,0.0003,0.2816,0.6516,0.3328,0.2993,0.0436
ORD-2024-1439,2024-01-06,2024-01-09,Consumer,Apparel,1,59.15,91.68,8.6,7,1352.6,WH-West,North,Ground Freight,Delivered,3.0,3,1.6,1,91.68,0.0678,157.28,0,1,0,0,1,0,0,0,0,0,1,0,0,0.0,0.0137,0.3718,0.733,0.7026,0.3873,0.0263
ORD-2024-1141,2024-04-07,2024-04-10,Consumer,Electronics,1,248.27,83.53,4.8,5,1472.5,WH-East,North,Standard Delivery,Delivered,5.0,3,-0.2,0,83.53,0.0567,306.77,0,0,0,1,1,0,0,0,0,0,1,0,0,0.0,0.1022,0.3356,0.3891,0.7694,0.352,0.0209
ORD-2024-1802,2024-02-06,2024-02-07,Corporate,Electronics,2,575.9,68.66,6.6,5,1253.7,WH-North,East,Standard Delivery,Delayed,1.0,1,1.6,1,34.33,0.0548,189.95,0,0,0,1,0,1,0,0,0,1,0,0,0,0.0127,0.2556,0.2695,0.552,0.6476,0.1388,0.02
ORD-2024-1482,2024-04-03,2024-04-04,Corporate,Office Supplies,1,36.76,53.41,4.8,5,551.4,WH-South,West,Standard Delivery,Delivered,5.0,1,-0.2,0,53.41,0.0969,114.88,0,0,0,1,0,1,0,0,0,0,0,0,1,0.0,0.0032,0.2018,0.3891,0.2567,0.2214,0.0403
ORD-2024-1467,2024-04-22,2024-04-23,Home Office,Industrial Machinery,1,1190.62,52.77,7.0,7,510.8,WH-East,East,Ground Freight,Delivered,4.0,1,0.0,0,52.77,0.1033,72.97,0,1,0,0,0,0,1,0,0,1,0,0,0,0.0,0.5435,0.1989,0.5882,0.2341,0.2187,0.0434
ORD-2024-1139,2024-03-02,2024-03-06,Small Business,Office Supplies,1,32.65,233.07,1.4,1,1394.5,WH-South,West,Same-Day Courier,Delivered,5.0,4,0.4,1,233.07,0.1671,996.07,0,0,1,0,0,0,0,1,0,0,0,0,1,0.0,0.0013,1.0,0.0814,0.726,1.0,0.0741
ORD-2024-1844,2024-03-22,2024-03-24,Consumer,Electronics,3,905.91,53.84,7.1,7,491.1,WH-South,East,Ground Freight,Delivered,3.0,2,0.1,1,17.95,0.1096,69.17,0,1,0,0,1,0,0,0,0,1,0,0,0,0.0253,0.4102,0.2037,0.5973,0.2231,0.0678,0.0464
ORD-2024-1945,2024-02-04,2024-02-08,Consumer,Office Supplies,2,67.3,36.3,5.4,5,357.8,WH-Central,East,Standard Delivery,Delivered,5.0,4,0.4,1,18.15,0.1015,66.26,0,0,0,1,1,0,0,0,0,1,0,0,0,0.0127,0.0175,0.1257,0.4434,0.1489,0.0686,0.0425
ORD-2024-1224,2024-05-24,2024-05-28,Consumer,Office Supplies,8,274.69,48.7,4.5,5,360.0,WH-South,South,Standard Delivery,Delivered,4.0,4,-0.5,0,6.09,0.1353,80.0,0,0,0,1,1,0,0,0,0,0,0,1,0,0.0886,0.1146,0.1808,0.362,0.1502,0.0164,0.0588
ORD-2024-1617,2024-02-11,2024-02-13,Consumer,Electronics,1,311.14,36.08,3.8,5,471.7,WH-South,North,Standard Delivery,Delivered,4.0,2,-1.2,0,36.08,0.0765,124.13,0,0,0,1,1,0,0,0,0,0,1,0,0,0.0,0.1317,0.1248,0.2986,0.2123,0.1463,0.0305
ORD-2024-1274,2024-01-31,2024-02-03,Corporate,Office Supplies,8,312.41,44.84,5.5,5,333.4,WH-West,East,Standard Delivery,Delivered,5.0,3,0.5,1,5.6,0.1345,60.62,0,0,0,1,0,1,0,0,0,1,0,0,0,0.0886,0.1323,0.1637,0.4525,0.1354,0.0143,0.0584
ORD-2024-1323,2024-02-16,2024-02-17,Consumer,Apparel,2,135.73,131.88,1.0,1,514.6,WH-East,North,Same-Day Courier,Delivered,5.0,1,0.0,0,65.94,0.2563,514.6,0,0,1,0,1,0,0,0,0,0,1,0,0,0.0127,0.0495,0.5504,0.0452,0.2362,0.2757,0.1171
ORD-2024-1350,2024-04-03,2024-04-05,Corporate,Electronics,8,2165.61,105.8,1.0,2,302.7,WH-East,West,Express Air,Delivered,4.0,2,-1.0,0,13.22,0.3495,302.7,1,0,0,0,0,1,0,0,0,0,0,0,1,0.0886,1.0,0.4345,0.0452,0.1183,0.0473,0.162
ORD-2024-1721,2024-02-20,2024-02-24,Consumer,Apparel,2,155.2,88.96,7.9,5,1886.88,WH-Central,North,Standard Delivery,Delayed,2.0,4,2.9,1,44.48,0.0471,238.85,0,0,0,1,1,0,0,0,0,0,1,0,0,0.0127,0.0586,0.3597,0.6697,1.0,0.1827,0.0163
ORD-2024-1481,2024-04-22,2024-04-26,Corporate,Industrial Machinery,2,2165.61,38.2,6.6,5,455.0,WH-East,North,Standard Delivery,Delivered,4.0,4,1.6,1,19.1,0.084,68.94,0,0,0,1,0,1,0,0,0,0,1,0,0,0.0127,1.0,0.1342,0.552,0.203,0.0728,0.0341
ORD-2024-1411,2024-01-30,2024-02-01,Small Business,Office Supplies,4,157.06,38.67,3.1,5,349.8,WH-North,North,Standard Delivery,Delivered,3.0,2,-1.9,0,9.67,0.1105,112.84,0,0,0,1,0,0,0,1,0,0,1,0,0,0.038,0.0595,0.1363,0.2353,0.1445,0.0319,0.0468
ORD-2024-2114,2024-02-13,2024-02-14,Corporate,Industrial Machinery,3,2165.61,63.81,6.2,5,910.3,WH-South,South,Standard Delivery,Delivered,4.0,1,1.2,1,21.27,0.0701,146.82,0,0,0,1,0,1,0,0,0,0,0,1,0,0.0253,1.0,0.248,0.5158,0.4565,0.0822,0.0274
ORD-2024-1566,2024-01-02,2024-01-04,Consumer,Electronics,1,234.27,118.78,2.2,2,660.4,WH-West,North,Express Air,Delivered,5.0,2,0.2,1,118.78,0.1799,300.18,1,0,0,0,1,0,0,0,0,0,1,0,0,0.0,0.0957,0.4922,0.1538,0.3174,0.5047,0.0803
ORD-2024-2092,2024-06-02,2024-06-06,Corporate,Electronics,3,659.98,49.49,6.0,5,817.5,WH-South,East,Standard Delivery,Delayed,2.0,4,1.0,1,16.5,0.0605,136.25,0,0,0,1,0,1,0,0,0,1,0,0,0,0.0253,0.295,0.1843,0.4977,0.4048,0.0615,0.0227
ORD-2024-1352,2024-05-01,2024-05-02,Corporate,Electronics,1,290.11,52.32,4.4,5,741.5,WH-East,North,Standard Delivery,Delivered,4.0,1,-0.6,0,52.32,0.0706,168.52,0,0,0,1,0,1,0,0,0,0,1,0,0,0.0,0.1218,0.1969,0.3529,0.3625,0.2167,0.0276
ORD-2024-2166,2024-06-23,2024-06-25,Home Office,Office Supplies,4,153.16,53.41,6.8,5,684.2,WH-South,West,Standard Delivery,Delayed,2.0,2,1.8,1,13.35,0.0781,100.62,0,0,0,1,0,0,1,0,0,0,0,0,1,0.038,0.0577,0.2018,0.5701,0.3306,0.0478,0.0312
ORD-2024-1846,2024-06-26,2024-06-28,Consumer,Industrial Machinery,1,1063.83,46.15,3.6,5,631.7,WH-West,South,Standard Delivery,Delivered,4.0,2,-1.4,0,46.15,0.0731,175.47,0,0,0,1,1,0,0,0,0,0,0,1,0,0.0,0.4841,0.1695,0.2805,0.3014,0.19,0.0288
ORD-2024-1552,2024-04-25,2024-04-28,Corporate,Office Supplies,3,89.9,98.84,1.0,1,186.1,WH-West,South,Same-Day Courier,Delivered,3.0,3,0.0,0,32.95,0.5311,186.1,0,0,1,0,0,1,0,0,0,0,0,1,0,0.0253,0.0281,0.4036,0.0452,0.0534,0.1328,0.2496
ORD-2024-1644,2024-01-22,2024-01-24,Consumer,Industrial Machinery,1,1143.24,148.94,1.5,2,1072.5,WH-Central,South,Express Air,Delivered,4.0,2,-0.5,0,148.94,0.1389,715.0,1,0,0,0,1,0,0,0,0,0,0,1,0,0.0,0.5213,0.6262,0.0905,0.5467,0.6354,0.0605
ORD-2024-1529,2024-02-05,2024-02-07,Home Office,Apparel,2,144.09,55.42,4.7,5,760.9,WH-South,East,Standard Delivery,Delivered,5.0,2,-0.3,0,27.71,0.0728,161.89,0,0,0,1,0,0,1,0,0,1,0,0,0,0.0127,0.0534,0.2107,0.3801,0.3733,0.1101,0.0287
ORD-2024-1579,2024-04-29,2024-05-02,Consumer,Electronics,1,221.33,62.92,3.4,5,1886.88,WH-West,Central,Standard Delivery,Delivered,4.0,3,-1.6,0,62.92,0.0333,554.96,0,0,0,1,1,0,0,0,1,0,0,0,0,0.0,0.0896,0.244,0.2624,1.0,0.2627,0.0096
ORD-2024-1542,2024-05-09,2024-05-10,Consumer,Office Supplies,1,42.54,61.45,7.3,7,688.1,WH-East,North,Ground Freight,Delivered,5.0,1,0.3,1,61.45,0.0893,94.26,0,1,0,0,1,0,0,0,0,0,1,0,0,0.0,0.0059,0.2375,0.6154,0.3328,0.2563,0.0366
ORD-2024-1660,2024-04-15,2024-04-16,Consumer,Office Supplies,1,40.65,97.13,7.5,5,1736.6,WH-North,South,Standard Delivery,Delayed,2.0,1,2.5,1,97.13,0.0559,231.55,0,0,0,1,1,0,0,0,0,0,0,1,0,0.0,0.005,0.396,0.6335,0.9164,0.4109,0.0205
ORD-2024-1321,2024-03-04,2024-03-05,Corporate,Electronics,2,439.67,60.13,6.9,5,1172.4,WH-West,North,Standard Delivery,Delayed,1.0,1,1.9,1,30.06,0.0513,169.91,0,0,0,1,0,1,0,0,0,0,1,0,0,0.0127,0.1918,0.2316,0.5792,0.6023,0.1203,0.0183
ORD-2024-1820,2024-04-15,2024-04-18,Home Office,Apparel,2,139.63,171.46,11.55,7,1886.88,WH-East,East,Ground Freight,Delayed,3.0,3,4.55,1,85.73,0.0909,163.37,0,1,0,0,0,0,1,0,0,1,0,0,0,0.0127,0.0514,0.7263,1.0,1.0,0.3615,0.0374
ORD-2024-1710,2024-02-25,2024-02-26,Home Office,Electronics,1,239.5,53.41,5.2,5,325.9,WH-South,North,Standard Delivery,Delivered,4.0,1,0.2,1,53.41,0.1639,62.67,0,0,0,1,0,0,1,0,0,0,1,0,0,0.0,0.0981,0.2018,0.4253,0.1312,0.2214,0.0726
ORD-2024-1947,2024-06-23,2024-06-24,Small Business,Apparel,1,78.24,41.82,6.1,5,591.0,WH-East,West,Standard Delivery,Delivered,4.0,1,1.1,1,41.82,0.0708,96.89,0,0,0,1,0,0,0,1,0,0,0,0,1,0.0,0.0226,0.1503,0.5068,0.2787,0.1712,0.0277
ORD-2024-1381,2024-01-16,2024-01-18,Corporate,Office Supplies,1,43.61,88.28,3.0,2,543.0,WH-North,Central,Express Air,Delivered,4.0,2,1.0,1,88.28,0.1626,181.0,1,0,0,0,0,1,0,0,1,0,0,0,0,0.0,0.0064,0.3567,0.2262,0.252,0.3726,0.072
ORD-2024-1039,2024-01-01,2024-01-03,Consumer,Electronics,10,2165.61,172.16,4.8,1,1841.4,WH-Central,West,Same-Day Courier,Returned,2.0,2,3.8,1,17.22,0.0935,383.63,0,0,1,0,1,0,0,0,0,0,0,0,1,0.1139,1.0,0.7294,0.3891,0.9747,0.0646,0.0387
ORD-2024-1030,2024-04-02,2024-04-04,Corporate,Industrial Machinery,1,1351.12,44.73,4.6,5,568.6,WH-South,West,Standard Delivery,Delivered,4.0,2,-0.4,0,44.73,0.0787,123.61,0,0,0,1,0,1,0,0,0,0,0,0,1,0.0,0.6186,0.1632,0.371,0.2663,0.1838,0.0315
ORD-2024-1242,2024-05-15,2024-05-19,Small Business,Electronics,2,559.04,113.11,1.0,2,553.1,WH-West,North,Express Air,Delivered,4.0,4,-1.0,0,56.56,0.2045,553.1,1,0,0,0,0,0,0,1,0,0,1,0,0,0.0127,0.2477,0.467,0.0452,0.2576,0.2351,0.0922
ORD-2024-1857,2024-03-18,2024-03-22,Corporate,Healthcare Supplies,5,659.91,53.41,6.7,5,1626.6,WH-North,South,Standard Delivery,Delivered,3.0,4,1.7,1,10.68,0.0328,242.78,0,0,0,1,0,1,0,0,0,0,0,1,0,0.0506,0.295,0.2018,0.5611,0.8551,0.0363,0.0094
ORD-2024-1136,2024-05-07,2024-05-08,Corporate,Apparel,2,122.89,132.29,1.0,2,750.4,WH-Central,Central,Express Air,Delivered,5.0,1,-1.0,0,66.14,0.1763,750.4,1,0,0,0,0,1,0,0,1,0,0,0,0,0.0127,0.0435,0.5522,0.0452,0.3675,0.2766,0.0786
ORD-2024-1310,2024-03-10,2024-03-12,Consumer,Office Supplies,2,76.77,49.6,5.6,5,858.4,WH-South,North,Standard Delivery,Delivered,4.0,2,0.6,1,24.8,0.0578,153.29,0,0,0,1,1,0,0,0,0,0,1,0,0,0.0127,0.0219,0.1848,0.4615,0.4276,0.0975,0.0214
ORD-2024-2062,2024-02-05,2024-02-06,Home Office,Office Supplies,4,165.14,61.66,6.0,5,957.1,WH-North,North,Standard Delivery,Delayed,3.0,1,1.0,1,15.42,0.0644,159.52,0,0,0,1,0,0,1,0,0,0,1,0,0,0.038,0.0633,0.2384,0.4977,0.4825,0.0568,0.0246
ORD-2024-2227,2024-01-31,2024-02-02,Consumer,Apparel,1,69.94,172.16,1.8,1,1167.3,WH-North,North,Same-Day Courier,Delivered,4.0,2,0.8,1,172.16,0.1475,648.5,0,0,1,0,1,0,0,0,0,0,1,0,0,0.0,0.0187,0.7294,0.1176,0.5995,0.736,0.0647
ORD-2024-2172,2024-03-23,2024-03-26,Corporate,Apparel,5,299.79,68.27,5.2,5,1238.6,WH-East,West,Standard Delivery,Delivered,3.0,3,0.2,1,13.65,0.0551,238.19,0,0,0,1,0,1,0,0,0,0,0,0,1,0.0506,0.1263,0.2678,0.4253,0.6392,0.0491,0.0201
ORD-2024-2124,2024-04-18,2024-04-21,Corporate,Industrial Machinery,2,2165.61,58.18,8.1,7,618.0,WH-South,North,Ground Freight,Delivered,5.0,3,1.1,1,29.09,0.0941,76.3,0,1,0,0,0,1,0,0,0,0,1,0,0,0.0127,1.0,0.223,0.6878,0.2938,0.1161,0.0389
ORD-2024-1462,2024-03-19,2024-03-20,Corporate,Apparel,1,71.71,48.52,5.0,5,745.9,WH-East,South,Standard Delivery,Delivered,4.0,1,0.0,0,48.52,0.065,149.18,0,0,0,1,0,1,0,0,0,0,0,1,0,0.0,0.0195,0.18,0.4072,0.365,0.2003,0.0249
ORD-2024-1003,2024-03-19,2024-03-23,Corporate,Electronics,1,254.25,54.55,8.6,5,817.7,WH-West,Central,Standard Delivery,Delayed,2.0,4,3.6,1,54.55,0.0667,95.08,0,0,0,1,0,1,0,0,1,0,0,0,0,0.0,0.105,0.2068,0.733,0.4049,0.2264,0.0257
ORD-2024-1111,2024-02-22,2024-02-23,Consumer,Electronics,2,490.83,102.52,7.1,7,1221.9,WH-East,North,Ground Freight,Delivered,3.0,1,0.1,1,51.26,0.0839,172.1,0,1,0,0,1,0,0,0,0,0,1,0,0,0.0127,0.2158,0.42,0.5973,0.6299,0.2121,0.034
ORD-2024-1673,2024-03-21,2024-03-24,Corporate,Office Supplies,4,125.82,87.94,8.4,5,1516.2,WH-West,North,Standard Delivery,Delayed,2.0,3,3.4,1,21.98,0.058,180.5,0,0,0,1,0,1,0,0,0,0,1,0,0,0.038,0.0449,0.3552,0.7149,0.7937,0.0852,0.0215
ORD-2024-2099,2024-06-04,2024-06-05,Consumer,Electronics,1,216.82,64.52,9.0,7,651.3,WH-North,West,Ground Freight,Delayed,3.0,1,2.0,1,64.52,0.0991,72.37,0,1,0,0,1,0,0,0,0,0,0,0,1,0.0,0.0875,0.2511,0.7692,0.3123,0.2696,0.0414
ORD-2024-1700,2024-03-25,2024-03-26,Corporate,Electronics,3,720.71,66.58,4.7,5,910.9,WH-South,East,Standard Delivery,Delivered,4.0,1,-0.3,0,22.19,0.0731,193.81,0,0,0,1,0,1,0,0,0,1,0,0,0,0.0253,0.3234,0.2603,0.3801,0.4568,0.0862,0.0288
ORD-2024-1924,2024-06-25,2024-06-26,Consumer,Electronics,5,1529.13,63.07,6.0,5,965.0,WH-South,West,Standard Delivery,Delivered,3.0,1,1.0,1,12.61,0.0654,160.83,0,0,0,1,1,0,0,0,0,0,0,0,1,0.0506,0.702,0.2447,0.4977,0.4869,0.0446,0.0251
ORD-2024-1836,2024-06-14,2024-06-16,Small Business,Electronics,4,943.22,71.37,8.7,7,973.1,WH-South,Central,Ground Freight,Delivered,4.0,2,1.7,1,17.84,0.0733,111.85,0,1,0,0,0,0,0,1,1,0,0,0,0,0.038,0.4276,0.2816,0.7421,0.4914,0.0673,0.0289
ORD-2024-1376,2024-03-15,2024-03-19,Home Office,Electronics,3,859.74,152.22,1.5,2,825.8,WH-West,East,Express Air,Delivered,5.0,4,-0.5,0,50.74,0.1843,550.53,1,0,0,0,0,0,1,0,0,1,0,0,0,0.0253,0.3885,0.6408,0.0905,0.4094,0.2099,0.0824
ORD-2024-1543,2024-01-15,2024-01-19,Corporate,Industrial Machinery,1,1131.34,44.95,9.1,7,302.1,WH-Central,South,Ground Freight,Delivered,3.0,4,2.1,1,44.95,0.1488,33.2,0,1,0,0,0,1,0,0,0,0,0,1,0,0.0,0.5157,0.1642,0.7783,0.1179,0.1848,0.0653
ORD-2024-1438,2024-06-12,2024-06-15,Corporate,Industrial Machinery,80,2165.61,233.07,5.1,5,553.6,WH-West,Central,Standard Delivery,Delivered,3.0,3,0.1,1,2.91,0.421,108.55,0,0,0,1,0,1,0,0,1,0,0,0,0,1.0,1.0,1.0,0.4163,0.2579,0.0026,0.1965
ORD-2024-1314,2024-04-10,2024-04-14,Home Office,Apparel,3,215.28,164.38,4.4,2,1271.8,WH-Central,East,Express Air,Delivered,4.0,4,2.4,1,54.79,0.1292,289.05,1,0,0,0,0,0,1,0,0,1,0,0,0,0.0253,0.0868,0.6948,0.3529,0.6577,0.2274,0.0559
ORD-2024-2032,2024-02-21,2024-02-23,Consumer,Office Supplies,1,37.22,107.32,10.4,7,1375.5,WH-East,South,Ground Freight,Delayed,3.0,2,3.4,1,107.32,0.078,132.26,0,1,0,0,1,0,0,0,0,0,0,1,0,0.0,0.0034,0.4413,0.8959,0.7154,0.4551,0.0312
ORD-2024-1319,2024-03-07,2024-03-08,Consumer,Office Supplies,15,515.2,143.36,3.8,2,299.0,WH-West,South,Express Air,Delayed,3.0,1,1.8,1,9.56,0.4795,78.68,1,0,0,0,1,0,0,0,0,0,0,1,0,0.1772,0.2272,0.6014,0.2986,0.1162,0.0314,0.2247
ORD-2024-2039,2024-02-02,2024-02-04,Consumer,Electronics,3,723.09,81.46,7.9,7,893.7,WH-South,North,Ground Freight,Delivered,4.0,2,0.9,1,27.15,0.0911,113.13,0,1,0,0,1,0,0,0,0,0,1,0,0,0.0253,0.3246,0.3264,0.6697,0.4472,0.1076,0.0375
ORD-2024-1966,2024-03-13,2024-03-14,Corporate,Apparel,1,64.09,173.47,2.2,1,938.3,WH-East,East,Same-Day Courier,Delayed,1.0,1,1.2,1,173.47,0.1849,426.5,0,0,1,0,0,1,0,0,0,1,0,0,0,0.0,0.016,0.7352,0.1538,0.472,0.7417,0.0827
ORD-2024-1005,2024-01-27,2024-01-29,Consumer,Office Supplies,1,40.34,35.24,4.2,5,407.0,WH-North,North,Standard Delivery,Delivered,3.0,2,-0.8,0,35.24,0.0866,96.9,0,0,0,1,1,0,0,0,0,0,1,0,0,0.0,0.0049,0.121,0.3348,0.1763,0.1427,0.0353
ORD-2024-1100,2024-04-22,2024-04-23,Consumer,Apparel,3,216.79,53.41,8.2,5,1646.3,WH-South,East,Standard Delivery,Delayed,2.0,1,3.2,1,17.8,0.0324,200.77,0,0,0,1,1,0,0,0,0,1,0,0,0,0.0253,0.0875,0.2018,0.6968,0.8661,0.0671,0.0092
ORD-2024-1713,2024-04-14,2024-04-18,Consumer,Office Supplies,10,336.52,222.18,2.5,1,713.1,WH-North,West,Same-Day Courier,Delayed,2.0,4,1.5,1,22.22,0.3116,285.24,0,0,1,0,1,0,0,0,0,0,0,0,1,0.1139,0.1435,0.9516,0.181,0.3467,0.0863,0.1438
ORD-2024-1570,2024-06-02,2024-06-06,Corporate,Electronics,1,283.05,140.97,2.9,1,776.7,WH-East,West,Same-Day Courier,Delayed,2.0,4,1.9,1,140.97,0.1815,267.83,0,0,1,0,0,1,0,0,0,0,0,0,1,0.0,0.1185,0.5908,0.2172,0.3821,0.6009,0.0811
ORD-2024-1548,2024-02-25,2024-02-29,Corporate,Electronics,1,282.0,78.96,5.1,5,1290.5,WH-South,South,Standard Delivery,Delivered,5.0,4,0.1,1,78.96,0.0612,253.04,0,0,0,1,0,1,0,0,0,0,0,1,0,0.0,0.118,0.3153,0.4163,0.6681,0.3322,0.0231
ORD-2024-1946,2024-02-22,2024-02-24,Consumer,Office Supplies,3,128.86,72.54,8.2,5,1178.1,WH-East,West,Standard Delivery,Delayed,2.0,2,3.2,1,24.18,0.0616,143.67,0,0,0,1,1,0,0,0,0,0,0,0,1,0.0253,0.0463,0.2868,0.6968,0.6055,0.0948,0.0233
ORD-2024-1912,2024-02-07,2024-02-10,Corporate,Office Supplies,1,33.92,116.2,5.0,2,652.2,WH-East,North,Express Air,Delivered,4.0,3,3.0,1,116.2,0.1782,130.44,1,0,0,0,0,1,0,0,0,0,1,0,0,0.0,0.0019,0.4807,0.4072,0.3128,0.4935,0.0795
ORD-2024-1711,2024-05-30,2024-06-03,Corporate,Office Supplies,3,150.0,204.97,1.0,1,1105.0,WH-East,West,Same-Day Courier,Delivered,4.0,4,0.0,0,68.32,0.1855,1105.0,0,0,1,0,0,1,0,0,0,0,0,0,1,0.0253,0.0562,0.8751,0.0452,0.5648,0.2861,0.083
ORD-2024-1227,2024-06-15,2024-06-18,Consumer,Apparel,1,80.97,76.84,8.1,7,834.3,WH-East,North,Ground Freight,Delayed,1.0,3,1.1,1,76.84,0.0921,103.0,0,1,0,0,1,0,0,0,0,0,1,0,0,0.0,0.0239,0.3059,0.6878,0.4142,0.323,0.038
ORD-2024-1430,2024-02-22,2024-02-24,Consumer,Office Supplies,1,38.33,157.86,3.1,2,1013.4,WH-South,East,Standard Delivery,Delayed,2.0,2,1.1,1,157.86,0.1558,326.9,0,0,0,1,1,0,0,0,0,1,0,0,0,0.0,0.0039,0.6658,0.2353,0.5138,0.6741,0.0687
ORD-2024-1589,2024-01-22,2024-01-26,Consumer,Electronics,4,1167.16,195.66,4.3,2,1364.7,WH-North,South,Express Air,Delayed,1.0,4,2.3,1,48.92,0.1434,317.37,1,0,0,0,1,0,0,0,0,0,0,1,0,0.038,0.5325,0.8338,0.3439,0.7094,0.202,0.0627
ORD-2024-1715,2024-04-28,2024-04-29,Small Business,Industrial Machinery,15,2165.61,89.89,5.9,5,925.0,WH-South,North,Standard Delivery,Delivered,4.0,1,0.9,1,5.99,0.0972,156.78,0,0,0,1,0,0,0,1,0,0,1,0,0,0.1772,1.0,0.3638,0.4887,0.4646,0.0159,0.0404
ORD-2024-1666,2024-01-07,2024-01-11,Consumer,Apparel,25,1852.36,224.79,3.7,2,452.3,WH-South,Central,Express Air,Delayed,1.0,4,1.7,1,8.99,0.497,122.24,1,0,0,0,1,0,0,0,1,0,0,0,0,0.3038,0.8533,0.9632,0.2896,0.2015,0.0289,0.2331
ORD-2024-1066,2024-02-18,2024-02-20,Consumer,Office Supplies,1,42.04,42.08,5.0,5,733.3,WH-South,North,Standard Delivery,Delivered,5.0,2,0.0,0,42.08,0.0574,146.66,0,0,0,1,1,0,0,0,0,0,1,0,0,0.0,0.0057,0.1514,0.4072,0.3579,0.1723,0.0213
ORD-2024-2103,2024-02-21,2024-02-24,Small Business,Apparel,2,129.67,184.68,2.3,1,998.1,WH-South,South,Same-Day Courier,Delayed,2.0,3,1.3,1,92.34,0.185,433.96,0,0,1,0,0,0,0,1,0,0,0,1,0,0.0127,0.0467,0.785,0.1629,0.5053,0.3901,0.0828
ORD-2024-1067,2024-02-15,2024-02-17,Home Office,Apparel,1,57.85,83.5,7.4,5,1595.7,WH-West,South,Standard Delivery,Delivered,4.0,2,2.4,1,83.5,0.0523,215.64,0,0,0,1,0,0,1,0,0,0,0,1,0,0.0,0.0131,0.3355,0.6244,0.8379,0.3518,0.0188
ORD-2024-1471,2024-05-12,2024-05-15,Small Business,Electronics,3,756.48,58.15,5.4,5,735.4,WH-East,North,Standard Delivery,Delivered,5.0,3,0.4,1,19.38,0.0791,136.19,0,0,0,1,0,0,0,1,0,0,1,0,0,0.0253,0.3402,0.2228,0.4434,0.3591,0.074,0.0317
ORD-2024-1211,2024-05-24,2024-05-25,Corporate,Industrial Machinery,3,2165.61,61.23,6.7,5,1113.1,WH-South,East,Standard Delivery,Delivered,3.0,1,1.7,1,20.41,0.055,166.13,0,0,0,1,0,1,0,0,0,1,0,0,0,0.0253,1.0,0.2365,0.5611,0.5693,0.0784,0.0201
ORD-2024-1012,2024-06-09,2024-06-13,Home Office,Office Supplies,8,260.75,118.37,2.8,2,231.1,WH-East,South,Express Air,Delivered,5.0,4,0.8,1,14.8,0.5122,82.54,1,0,0,0,0,0,1,0,0,0,0,1,0,0.0886,0.1081,0.4904,0.2081,0.0784,0.0541,0.2405
ORD-2024-1922,2024-01-14,2024-01-15,Home Office,Electronics,1,226.97,62.62,5.5,5,958.1,WH-West,West,Standard Delivery,Delivered,5.0,1,0.5,1,62.62,0.0654,174.2,0,0,0,1,0,0,1,0,0,0,0,0,1,0.0,0.0922,0.2427,0.4525,0.4831,0.2614,0.0251
ORD-2024-1723,2024-02-06,2024-02-07,Corporate,Office Supplies,1,32.57,56.64,6.6,5,1108.0,WH-South,North,Standard Delivery,Delayed,1.0,1,1.6,1,56.64,0.0511,167.88,0,0,0,1,0,1,0,0,0,0,1,0,0,0.0,0.0012,0.2161,0.552,0.5665,0.2354,0.0182
ORD-2024-1299,2024-03-24,2024-03-26,Consumer,Industrial Machinery,2,2165.61,65.01,7.4,5,1000.7,WH-North,North,Standard Delivery,Delivered,3.0,2,2.4,1,32.51,0.065,135.23,0,0,0,1,1,0,0,0,0,0,1,0,0,0.0127,1.0,0.2533,0.6244,0.5068,0.1309,0.0249
ORD-2024-1808,2024-01-25,2024-01-27,Corporate,Industrial Machinery,2,2165.61,114.93,1.3,2,628.9,WH-Central,South,Express Air,Delivered,4.0,2,-0.7,0,57.46,0.1827,483.77,1,0,0,0,0,1,0,0,0,0,0,1,0,0.0127,1.0,0.4751,0.0724,0.2998,0.239,0.0816
ORD-2024-1852,2024-04-24,2024-04-28,Consumer,Electronics,1,229.82,117.07,9.0,7,1733.8,WH-Central,Central,Ground Freight,Delayed,1.0,4,2.0,1,117.07,0.0675,192.64,0,1,0,0,1,0,0,0,1,0,0,0,0,0.0,0.0936,0.4846,0.7692,0.9148,0.4973,0.0261
ORD-2024-2143,2024-06-25,2024-06-28,Corporate,Electronics,1,296.46,89.31,9.8,7,1165.8,WH-North,East,Ground Freight,Delivered,4.0,3,2.8,1,89.31,0.0766,118.96,0,1,0,0,0,1,0,0,0,1,0,0,0,0.0,0.1248,0.3613,0.8416,0.5987,0.377,0.0305
ORD-2024-2142,2024-04-05,2024-04-06,Corporate,Office Supplies,3,129.3,37.6,5.0,5,429.9,WH-East,East,Standard Delivery,Delivered,4.0,1,0.0,0,12.53,0.0875,85.98,0,0,0,1,0,1,0,0,0,1,0,0,0,0.0253,0.0465,0.1315,0.4072,0.1891,0.0443,0.0358
ORD-2024-1665,2024-05-05,2024-05-07,Consumer,Apparel,2,151.01,71.37,7.5,7,789.2,WH-East,East,Ground Freight,Delivered,5.0,2,0.5,1,35.68,0.0904,105.23,0,1,0,0,1,0,0,0,0,1,0,0,0,0.0127,0.0567,0.2816,0.6335,0.3891,0.1446,0.0372
ORD-2024-2209,2024-01-28,2024-01-30,Small Business,Office Supplies,1,32.18,35.9,4.6,5,387.6,WH-West,Central,Standard Delivery,Delivered,5.0,2,-0.4,0,35.9,0.0926,84.26,0,0,0,1,0,0,0,1,1,0,0,0,0,0.0,0.001,0.124,0.371,0.1655,0.1456,0.0382
ORD-2024-1442,2024-03-29,2024-04-02,Consumer,Office Supplies,10,345.27,66.49,7.8,5,802.6,WH-East,South,Standard Delivery,Delivered,3.0,4,2.8,1,6.65,0.0828,102.9,0,0,0,1,1,0,0,0,0,0,0,1,0,0.1139,0.1476,0.2599,0.6606,0.3965,0.0188,0.0335
ORD-2024-2183,2024-04-26,2024-04-29,Small Business,Electronics,1,282.69,111.84,1.9,1,532.4,WH-South,North,Same-Day Courier,Delivered,3.0,3,0.9,1,111.84,0.2101,280.21,0,0,1,0,0,0,0,1,0,0,1,0,0,0.0,0.1183,0.4614,0.1267,0.2461,0.4746,0.0949
ORD-2024-1764,2024-04-07,2024-04-08,Consumer,Office Supplies,1,35.99,70.76,9.8,7,952.1,WH-East,West,Ground Freight,Delivered,4.0,1,2.8,1,70.76,0.0743,97.15,0,1,0,0,1,0,0,0,0,0,0,0,1,0.0,0.0028,0.2788,0.8416,0.4797,0.2966,0.0294
ORD-2024-2190,2024-04-22,2024-04-23,Consumer,Industrial Machinery,3,2165.61,132.29,2.0,2,411.9,WH-South,West,Express Air,Delivered,3.0,1,0.0,0,44.1,0.3212,205.95,1,0,0,0,1,0,0,0,0,0,0,0,1,0.0253,1.0,0.5522,0.1357,0.1791,0.1811,0.1484
ORD-2024-1812,2024-02-12,2024-02-13,Consumer,Apparel,3,217.38,115.45,6.7,7,1592.4,WH-Central,West,Ground Freight,Delivered,4.0,1,-0.3,0,38.48,0.0725,237.67,0,1,0,0,1,0,0,0,0,0,0,0,1,0.0253,0.0878,0.4774,0.5611,0.8361,0.1567,0.0285
ORD-2024-1894,2024-06-08,2024-06-12,Corporate,Office Supplies,3,106.62,32.43,4.4,5,195.6,WH-West,Central,Standard Delivery,Delivered,5.0,4,-0.6,0,10.81,0.1658,44.45,0,0,0,1,0,1,0,0,1,0,0,0,0,0.0253,0.0359,0.1085,0.3529,0.0587,0.0368,0.0735
ORD-2024-2102,2024-03-04,2024-03-05,Home Office,Industrial Machinery,3,2165.61,63.45,4.7,5,1116.5,WH-West,North,Standard Delivery,Delivered,4.0,1,-0.3,0,21.15,0.0568,237.55,0,0,0,1,0,0,1,0,0,0,1,0,0,0.0253,1.0,0.2464,0.3801,0.5712,0.0816,0.021
ORD-2024-1273,2024-06-09,2024-06-13,Small Business,Electronics,2,622.6,70.79,7.3,7,643.4,WH-West,East,Ground Freight,Delivered,4.0,4,0.3,1,35.4,0.11,88.14,0,1,0,0,0,0,0,1,0,1,0,0,0,0.0127,0.2775,0.279,0.6154,0.3079,0.1434,0.0466
ORD-2024-1464,2024-05-03,2024-05-07,Small Business,Electronics,1,273.37,61.81,4.6,5,955.6,WH-East,Central,Standard Delivery,Delivered,4.0,4,-0.4,0,61.81,0.0647,207.74,0,0,0,1,0,0,0,1,1,0,0,0,0,0.0,0.114,0.2391,0.371,0.4817,0.2578,0.0248
ORD-2024-1362,2024-03-28,2024-04-01,Corporate,Office Supplies,2,80.87,198.14,2.0,2,1591.6,WH-North,Central,Express Air,Delivered,5.0,4,0.0,0,99.07,0.1245,795.8,1,0,0,0,0,1,0,0,1,0,0,0,0,0.0127,0.0238,0.8448,0.1357,0.8357,0.4193,0.0536
ORD-2024-1237,2024-06-19,2024-06-20,Consumer,Industrial Machinery,3,2165.61,99.44,2.5,2,352.9,WH-East,East,Express Air,Delivered,5.0,1,0.5,1,33.15,0.2818,141.16,1,0,0,0,1,0,0,0,0,1,0,0,0,0.0253,1.0,0.4063,0.181,0.1462,0.1336,0.1294
ORD-2024-2167,2024-06-20,2024-06-24,Corporate,Electronics,5,1342.74,208.44,2.3,1,837.6,WH-South,North,Same-Day Courier,Delivered,5.0,4,1.3,1,41.69,0.2489,364.17,0,0,1,0,0,1,0,0,0,0,1,0,0,0.0506,0.6147,0.8906,0.1629,0.416,0.1707,0.1136
ORD-2024-1514,2024-03-19,2024-03-23,Consumer,Electronics,4,907.11,28.69,5.6,5,163.6,WH-East,East,Standard Delivery,Delivered,3.0,4,0.6,1,7.17,0.1754,29.21,0,0,0,1,1,0,0,0,0,1,0,0,0,0.038,0.4107,0.0919,0.4615,0.0409,0.0211,0.0781
ORD-2024-1002,2024-04-28,2024-04-29,Corporate,Electronics,4,1122.47,128.91,8.7,7,1684.3,WH-South,East,Ground Freight,Delayed,2.0,1,1.7,1,32.23,0.0765,193.6,0,1,0,0,0,1,0,0,0,1,0,0,0,0.038,0.5116,0.5372,0.7421,0.8872,0.1297,0.0305
ORD-2024-1006,2024-04-13,2024-04-17,Consumer,Electronics,3,871.49,48.88,7.3,7,267.5,WH-North,Central,Ground Freight,Delivered,5.0,4,0.3,1,16.29,0.1827,36.64,0,1,0,0,1,0,0,0,1,0,0,0,0,0.0253,0.394,0.1816,0.6154,0.0987,0.0606,0.0816
ORD-2024-1370,2024-05-20,2024-05-24,Consumer,Office Supplies,1,42.69,35.68,4.2,5,437.3,WH-South,Central,Standard Delivery,Delivered,5.0,4,-0.8,0,35.68,0.0816,104.12,0,0,0,1,1,0,0,0,1,0,0,0,0,0.0,0.006,0.123,0.3348,0.1932,0.1446,0.0329
ORD-2024-1311,2024-05-02,2024-05-03,Consumer,Electronics,1,263.4,135.83,4.5,2,985.0,WH-North,East,Express Air,Delivered,3.0,1,2.5,1,135.83,0.1379,218.89,1,0,0,0,1,0,0,0,0,1,0,0,0,0.0,0.1093,0.568,0.362,0.498,0.5786,0.0601
ORD-2024-2094,2024-01-23,2024-01-25,Consumer,Healthcare Supplies,1,110.37,45.99,5.7,5,634.1,WH-North,East,Standard Delivery,Delivered,5.0,2,0.7,1,45.99,0.0725,111.25,0,0,0,1,1,0,0,0,0,1,0,0,0,0.0,0.0377,0.1688,0.4706,0.3027,0.1893,0.0285
ORD-2024-1914,2024-02-14,2024-02-15,Corporate,Office Supplies,8,238.28,232.21,4.7,2,1426.3,WH-West,West,Express Air,Delivered,5.0,1,2.7,1,29.03,0.1628,303.47,1,0,0,0,0,1,0,0,0,0,0,0,1,0.0886,0.0975,0.9962,0.3801,0.7436,0.1158,0.0721
ORD-2024-2160,2024-01-14,2024-01-15,Home Office,Industrial Machinery,3,2165.61,47.45,5.7,5,540.9,WH-Central,East,Standard Delivery,Delivered,5.0,1,0.7,1,15.82,0.0877,94.89,0,0,0,1,0,0,1,0,0,1,0,0,0,0.0253,1.0,0.1753,0.4706,0.2509,0.0585,0.0359
ORD-2024-1682,2024-04-16,2024-04-18,Consumer,Industrial Machinery,25,2165.61,233.07,2.8,1,639.8,WH-East,South,Same-Day Courier,Delivered,5.0,2,1.8,1,9.32,0.3643,228.5,0,0,1,0,1,0,0,0,0,0,0,1,0,0.3038,1.0,1.0,0.2081,0.3059,0.0304,0.1692
ORD-2024-1969,2024-03-13,2024-03-14,Corporate,Electronics,8,2165.61,78.21,7.4,7,706.9,WH-Central,North,Ground Freight,Delivered,4.0,1,0.4,1,9.78,0.1106,95.53,0,1,0,0,0,1,0,0,0,0,1,0,0,0.0886,1.0,0.3119,0.6244,0.3432,0.0324,0.0469
ORD-2024-1215,2024-06-14,2024-06-15,Consumer,Electronics,5,1100.81,157.04,2.9,2,947.5,WH-West,South,Express Air,Delayed,1.0,1,0.9,1,31.41,0.1657,326.72,1,0,0,0,1,0,0,0,0,0,0,1,0,0.0506,0.5014,0.6622,0.2172,0.4772,0.1261,0.0735
ORD-2024-1964,2024-05-18,2024-05-19,Consumer,Apparel,4,275.23,44.42,5.0,5,632.2,WH-East,North,Standard Delivery,Delivered,5.0,1,0.0,0,11.1,0.0703,126.44,0,0,0,1,1,0,0,0,0,0,1,0,0,0.038,0.1148,0.1618,0.4072,0.3017,0.0381,0.0275
ORD-2024-1027,2024-01-02,2024-01-05,Corporate,Healthcare Supplies,1,94.43,62.17,5.5,5,964.2,WH-East,Central,Standard Delivery,Delivered,3.0,3,0.5,1,62.17,0.0645,175.31,0,0,0,1,0,1,0,0,1,0,0,0,0,0.0,0.0302,0.2407,0.4525,0.4865,0.2594,0.0247
ORD-2024-2229,2024-02-27,2024-03-01,Consumer,Apparel,2,121.03,45.64,5.7,5,536.0,WH-North,East,Standard Delivery,Delivered,3.0,3,0.7,1,22.82,0.0851,94.04,0,0,0,1,1,0,0,0,0,1,0,0,0,0.0127,0.0426,0.1672,0.4706,0.2481,0.0889,0.0346
ORD-2024-1970,2024-03-17,2024-03-18,Corporate,Apparel,5,368.9,86.92,9.4,7,771.6,WH-South,North,Ground Freight,Delivered,5.0,1,2.4,1,17.38,0.1126,82.09,0,1,0,0,0,1,0,0,0,0,1,0,0,0.0506,0.1587,0.3506,0.8054,0.3793,0.0653,0.0479
ORD-2024-2093,2024-05-09,2024-05-10,Corporate,Office Supplies,8,250.35,18.5,5.0,2,1327.2,WH-North,East,Express Air,Delayed,3.0,1,3.0,1,2.31,0.0139,265.44,1,0,0,0,0,1,0,0,0,1,0,0,0,0.0886,0.1032,0.0467,0.4072,0.6885,0.0,0.0003
ORD-2024-2029,2024-06-20,2024-06-23,Home Office,Electronics,10,2165.61,90.62,5.4,5,1191.1,WH-North,South,Standard Delivery,Delivered,3.0,3,0.4,1,9.06,0.0761,220.57,0,0,0,1,0,0,1,0,0,0,0,1,0,0.1139,1.0,0.3671,0.4434,0.6127,0.0293,0.0303
ORD-2024-1545,2024-02-12,2024-02-14,Consumer,Electronics,15,2165.61,71.81,7.7,5,680.6,WH-South,West,Standard Delivery,Delivered,4.0,2,2.7,1,4.79,0.1055,88.39,0,0,0,1,1,0,0,0,0,0,0,0,1,0.1772,1.0,0.2835,0.6516,0.3286,0.0107,0.0444
ORD-2024-1826,2024-05-20,2024-05-23,Consumer,Electronics,2,587.29,132.29,2.4,2,621.8,WH-South,West,Express Air,Delivered,3.0,3,0.4,1,66.14,0.2128,259.08,1,0,0,0,1,0,0,0,0,0,0,0,1,0.0127,0.261,0.5522,0.1719,0.2959,0.2766,0.0962
ORD-2024-1916,2024-06-11,2024-06-15,Consumer,Industrial Machinery,2,2165.61,98.88,3.5,1,247.4,WH-North,South,Same-Day Courier,Delayed,1.0,4,2.5,1,49.44,0.3997,70.69,0,0,1,0,1,0,0,0,0,0,0,1,0,0.0127,1.0,0.4038,0.2715,0.0875,0.2042,0.1862
ORD-2024-1354,2024-01-11,2024-01-15,Consumer,Electronics,3,876.75,121.9,3.2,2,788.6,WH-South,North,Express Air,Delivered,3.0,4,1.2,1,40.63,0.1546,246.44,1,0,0,0,1,0,0,0,0,0,1,0,0,0.0253,0.3965,0.5061,0.2443,0.3887,0.1661,0.0681
ORD-2024-2116,2024-06-09,2024-06-10,Consumer,Electronics,5,1486.02,153.28,4.3,2,720.3,WH-South,East,Express Air,Delivered,4.0,1,2.3,1,30.66,0.2128,167.51,1,0,0,0,1,0,0,0,0,1,0,0,0,0.0506,0.6818,0.6455,0.3439,0.3507,0.1229,0.0962
ORD-2024-2222,2024-04-28,2024-05-02,Consumer,Healthcare Supplies,4,385.69,48.62,5.3,5,535.4,WH-East,Central,Standard Delivery,Delivered,5.0,4,0.3,1,12.16,0.0908,101.02,0,0,0,1,1,0,0,0,1,0,0,0,0,0.038,0.1666,0.1805,0.4344,0.2478,0.0427,0.0374
ORD-2024-1256,2024-01-23,2024-01-25,Small Business,Industrial Machinery,3,2165.61,40.28,3.5,5,441.6,WH-South,East,Standard Delivery,Delivered,4.0,2,-1.5,0,13.43,0.0912,126.17,0,0,0,1,0,0,0,1,0,1,0,0,0,0.0253,1.0,0.1434,0.2715,0.1956,0.0482,0.0375
ORD-2024-1291,2024-02-13,2024-02-14,Consumer,Electronics,1,235.84,59.24,6.1,5,966.6,WH-South,Central,Standard Delivery,Delayed,3.0,1,1.1,1,59.24,0.0613,158.46,0,0,0,1,1,0,0,0,1,0,0,0,0,0.0,0.0964,0.2277,0.5068,0.4878,0.2467,0.0231
ORD-2024-1025,2024-06-16,2024-06-18,Home Office,Electronics,2,599.18,132.29,3.9,2,498.7,WH-Central,South,Express Air,Delayed,2.0,2,1.9,1,66.14,0.2653,127.87,1,0,0,0,0,0,1,0,0,0,0,1,0,0.0127,0.2665,0.5522,0.3077,0.2274,0.2766,0.1215
ORD-2024-1336,2024-04-19,2024-04-22,Home Office,Industrial Machinery,1,1390.47,62.1,3.8,5,1050.1,WH-North,Central,Standard Delivery,Delivered,4.0,3,-1.2,0,62.1,0.0591,276.34,0,0,0,1,0,0,1,0,1,0,0,0,0,0.0,0.637,0.2404,0.2986,0.5343,0.2591,0.0221
ORD-2024-1047,2024-02-11,2024-02-13,Corporate,Electronics,2,479.49,162.59,1.9,2,1016.8,WH-North,South,Express Air,Delivered,5.0,2,-0.1,0,81.3,0.1599,535.16,1,0,0,0,0,1,0,0,0,0,0,1,0,0.0127,0.2105,0.6869,0.1267,0.5157,0.3423,0.0707
ORD-2024-1318,2024-01-19,2024-01-22,Consumer,Industrial Machinery,1,1068.76,65.35,4.8,5,1011.6,WH-West,North,Standard Delivery,Delivered,5.0,3,-0.2,0,65.35,0.0646,210.75,0,0,0,1,1,0,0,0,0,0,1,0,0,0.0,0.4864,0.2548,0.3891,0.5128,0.2732,0.0247
ORD-2024-1106,2024-06-25,2024-06-28,Consumer,Healthcare Supplies,3,337.1,74.82,7.1,5,1246.6,WH-South,North,Standard Delivery,Delivered,5.0,3,2.1,1,24.94,0.06,175.58,0,0,0,1,1,0,0,0,0,0,1,0,0,0.0253,0.1438,0.2969,0.5973,0.6436,0.0981,0.0225
ORD-2024-1949,2024-06-28,2024-06-29,Corporate,Office Supplies,2,73.97,80.7,8.3,7,1064.8,WH-Central,North,Ground Freight,Delivered,4.0,1,1.3,1,40.35,0.0758,128.29,0,1,0,0,0,1,0,0,0,0,1,0,0,0.0127,0.0206,0.323,0.7059,0.5424,0.1648,0.0301
ORD-2024-1055,2024-01-25,2024-01-27,Small Business,Apparel,1,77.26,135.45,3.2,2,793.6,WH-Central,Central,Express Air,Delayed,2.0,2,1.2,1,135.45,0.1707,248.0,1,0,0,0,0,0,0,1,1,0,0,0,0,0.0,0.0221,0.5663,0.2443,0.3915,0.577,0.0759
ORD-2024-1861,2024-04-12,2024-04-14,Corporate,Electronics,3,823.67,188.12,3.7,2,1363.7,WH-North,South,Standard Delivery,Delivered,4.0,2,1.7,1,62.71,0.1379,368.57,0,0,0,1,0,1,0,0,0,0,0,1,0,0.0253,0.3716,0.8003,0.2896,0.7088,0.2617,0.0601
ORD-2024-1213,2024-04-29,2024-05-01,Consumer,Industrial Machinery,1,1413.63,72.02,7.4,7,745.5,WH-East,South,Ground Freight,Delivered,4.0,2,0.4,1,72.02,0.0966,100.74,0,1,0,0,1,0,0,0,0,0,0,1,0,0.0,0.6479,0.2844,0.6244,0.3647,0.3021,0.0401
ORD-2024-1120,2024-02-04,2024-02-05,Home Office,Healthcare Supplies,15,1666.64,63.13,5.4,5,384.5,WH-South,West,Standard Delivery,Delivered,3.0,1,0.4,1,4.21,0.1642,71.2,0,0,0,1,0,0,1,0,0,0,0,0,1,0.1772,0.7664,0.2449,0.4434,0.1638,0.0082,0.0727
ORD-2024-1631,2024-01-26,2024-01-29,Home Office,Apparel,1,72.24,217.5,3.6,2,1528.0,WH-North,West,Express Air,Delivered,4.0,3,1.6,1,217.5,0.1423,424.44,1,0,0,0,0,0,1,0,0,0,0,0,1,0.0,0.0198,0.9308,0.2805,0.8003,0.9325,0.0622
ORD-2024-1532,2024-02-02,2024-02-03,Small Business,Office Supplies,2,84.32,145.42,2.1,2,921.2,WH-North,West,Express Air,Delivered,3.0,1,0.1,1,72.71,0.1579,438.67,1,0,0,0,0,0,0,1,0,0,0,0,1,0.0127,0.0255,0.6106,0.1448,0.4625,0.3051,0.0697
ORD-2024-1585,2024-03-28,2024-03-29,Consumer,Industrial Machinery,4,2165.61,27.48,4.0,5,115.3,WH-North,West,Standard Delivery,Delivered,4.0,1,-1.0,0,6.87,0.2383,28.82,0,0,0,1,1,0,0,0,0,0,0,0,1,0.038,1.0,0.0866,0.3167,0.014,0.0198,0.1084
ORD-2024-1072,2024-04-01,2024-04-04,Consumer,Apparel,10,653.16,71.11,5.6,5,855.7,WH-West,South,Standard Delivery,Delayed,2.0,3,0.6,1,7.11,0.0831,152.8,0,0,0,1,1,0,0,0,0,0,0,1,0,0.1139,0.2918,0.2804,0.4615,0.4261,0.0208,0.0336
ORD-2024-1410,2024-04-01,2024-04-04,Consumer,Industrial Machinery,1,1314.95,85.9,2.2,2,418.5,WH-East,North,Express Air,Delivered,5.0,3,0.2,1,85.9,0.2053,190.23,1,0,0,0,1,0,0,0,0,0,1,0,0,0.0,0.6017,0.3461,0.1538,0.1827,0.3622,0.0925
ORD-2024-1767,2024-03-24,2024-03-26,Home Office,Apparel,4,299.88,68.84,7.5,5,1040.6,WH-Central,East,Standard Delivery,Delivered,3.0,2,2.5,1,17.21,0.0662,138.75,0,0,0,1,0,0,1,0,0,1,0,0,0,0.038,0.1264,0.2703,0.6335,0.529,0.0646,0.0255
ORD-2024-1842,2024-05-27,2024-05-29,Consumer,Electronics,4,1045.18,36.2,4.8,5,379.7,WH-East,East,Standard Delivery,Delivered,4.0,2,-0.2,0,9.05,0.0953,79.1,0,0,0,1,1,0,0,0,0,1,0,0,0,0.038,0.4754,0.1253,0.3891,0.1611,0.0292,0.0395
ORD-2024-1567,2024-04-13,2024-04-15,Consumer,Apparel,1,58.8,129.49,3.9,2,807.3,WH-North,Central,Express Air,Delivered,3.0,2,1.9,1,129.49,0.1604,207.0,1,0,0,0,1,0,0,0,1,0,0,0,0,0.0,0.0135,0.5398,0.3077,0.3991,0.5511,0.0709
ORD-2024-1432,2024-03-26,2024-03-29,Corporate,Industrial Machinery,4,2165.61,179.4,4.2,2,1392.5,WH-West,North,Express Air,Delivered,4.0,3,2.2,1,44.85,0.1288,331.55,1,0,0,0,0,1,0,0,0,0,1,0,0,0.038,1.0,0.7615,0.3348,0.7248,0.1843,0.0557
ORD-2024-1560,2024-05-22,2024-05-24,Corporate,Industrial Machinery,1,1102.66,44.98,5.3,5,765.5,WH-South,South,Standard Delivery,Delivered,3.0,2,0.3,1,44.98,0.0588,144.43,0,0,0,1,0,1,0,0,0,0,0,1,0,0.0,0.5023,0.1643,0.4344,0.3759,0.1849,0.0219
ORD-2024-2013,2024-02-18,2024-02-19,Consumer,Office Supplies,1,31.38,99.77,1.0,2,625.5,WH-North,West,Standard Delivery,Delivered,5.0,1,-1.0,0,99.77,0.1595,625.5,0,0,0,1,1,0,0,0,0,0,0,0,1,0.0,0.0007,0.4077,0.0452,0.2979,0.4223,0.0705
ORD-2024-1884,2024-01-13,2024-01-17,Home Office,Apparel,3,208.08,56.88,5.1,5,825.5,WH-North,North,Standard Delivery,Delivered,5.0,4,0.1,1,18.96,0.0689,161.86,0,0,0,1,0,0,1,0,0,0,1,0,0,0.0253,0.0834,0.2172,0.4163,0.4093,0.0722,0.0268
ORD-2024-1620,2024-06-19,2024-06-21,Consumer,Apparel,4,226.67,49.73,11.55,5,567.1,WH-North,South,Standard Delivery,Delivered,5.0,2,6.55,1,12.43,0.0877,49.1,0,0,0,1,1,0,0,0,0,0,0,1,0,0.038,0.0921,0.1854,1.0,0.2654,0.0439,0.0359
ORD-2024-1630,2024-06-08,2024-06-11,Corporate,Industrial Machinery,2,2165.61,48.91,6.5,7,481.8,WH-North,West,Ground Freight,Delivered,4.0,3,-0.5,0,24.46,0.1015,74.12,0,1,0,0,0,1,0,0,0,0,0,0,1,0.0127,1.0,0.1818,0.543,0.218,0.096,0.0425
ORD-2024-1526,2024-06-18,2024-06-21,Consumer,Industrial Machinery,1,1240.21,141.98,3.7,2,1005.5,WH-South,Central,Express Air,Delivered,4.0,3,1.7,1,141.98,0.1412,271.76,1,0,0,0,1,0,0,0,1,0,0,0,0,0.0,0.5667,0.5953,0.2896,0.5094,0.6053,0.0616
ORD-2024-2075,2024-03-23,2024-03-26,Consumer,Healthcare Supplies,1,124.68,61.72,5.7,5,1053.4,WH-North,South,Standard Delivery,Delivered,4.0,3,0.7,1,61.72,0.0586,184.81,0,0,0,1,1,0,0,0,0,0,0,1,0,0.0,0.0444,0.2387,0.4706,0.5361,0.2575,0.0218
ORD-2024-1325,2024-01-16,2024-01-20,Corporate,Electronics,2,522.1,100.97,2.0,2,539.4,WH-East,West,Express Air,Delivered,4.0,4,0.0,0,50.48,0.1872,269.7,1,0,0,0,0,1,0,0,0,0,0,0,1,0.0127,0.2304,0.4131,0.1357,0.25,0.2087,0.0838
ORD-2024-2137,2024-05-05,2024-05-09,Corporate,Industrial Machinery,1,1233.19,199.36,2.1,1,944.1,WH-West,North,Same-Day Courier,Delayed,2.0,4,1.1,1,199.36,0.2112,449.57,0,0,1,0,0,1,0,0,0,0,1,0,0,0.0,0.5634,0.8502,0.1448,0.4753,0.8539,0.0954
ORD-2024-1316,2024-04-13,2024-04-14,Consumer,Industrial Machinery,1,1255.75,34.87,5.3,5,502.2,WH-North,East,Standard Delivery,Delivered,5.0,1,0.3,1,34.87,0.0694,94.75,0,0,0,1,1,0,0,0,0,1,0,0,0,0.0,0.574,0.1194,0.4344,0.2293,0.1411,0.027
ORD-2024-1693,2024-02-27,2024-03-02,Consumer,Apparel,3,198.96,84.91,1.4,2,321.9,WH-South,South,Express Air,Delivered,4.0,4,-0.6,0,28.3,0.2638,229.93,1,0,0,0,1,0,0,0,0,0,0,1,0,0.0253,0.0791,0.3417,0.0814,0.129,0.1126,0.1207
ORD-2024-1936,2024-03-26,2024-03-29,Consumer,Apparel,5,395.7,168.11,1.6,2,1104.8,WH-North,North,Standard Delivery,Delivered,4.0,3,-0.4,0,33.62,0.1522,690.5,0,0,0,1,1,0,0,0,0,0,1,0,0,0.0506,0.1713,0.7114,0.0995,0.5647,0.1357,0.0669
ORD-2024-1465,2024-05-29,2024-06-02,Consumer,Healthcare Supplies,1,100.22,159.28,2.4,2,1293.1,WH-West,West,Express Air,Delivered,4.0,4,0.4,1,159.28,0.1232,538.79,1,0,0,0,1,0,0,0,0,0,0,0,1,0.0,0.0329,0.6721,0.1719,0.6695,0.6802,0.053
ORD-2024-1599,2024-01-24,2024-01-28,Consumer,Industrial Machinery,15,2165.61,200.25,3.7,2,759.1,WH-East,South,Express Air,Delayed,3.0,4,1.7,1,13.35,0.2638,205.16,1,0,0,0,1,0,0,0,0,0,0,1,0,0.1772,1.0,0.8542,0.2896,0.3723,0.0478,0.1207
ORD-2024-2089,2024-05-01,2024-05-03,Consumer,Office Supplies,10,300.95,92.6,5.8,5,1117.5,WH-South,North,Standard Delivery,Delivered,4.0,2,0.8,1,9.26,0.0829,192.67,0,0,0,1,1,0,0,0,0,0,1,0,0,0.1139,0.1269,0.3759,0.4796,0.5718,0.0301,0.0335
ORD-2024-1572,2024-06-14,2024-06-18,Consumer,Industrial Machinery,4,2165.61,88.8,10.8,7,1062.4,WH-West,South,Standard Delivery,Delayed,1.0,4,3.8,1,22.2,0.0836,98.37,0,0,0,1,1,0,0,0,0,0,0,1,0,0.038,1.0,0.359,0.9321,0.5411,0.0862,0.0339
ORD-2024-1614,2024-03-21,2024-03-24,Home Office,Healthcare Supplies,1,128.39,57.6,6.8,5,860.9,WH-North,North,Standard Delivery,Delivered,3.0,3,1.8,1,57.6,0.0669,126.6,0,0,0,1,0,0,1,0,0,0,1,0,0,0.0,0.0461,0.2204,0.5701,0.429,0.2396,0.0258
ORD-2024-1060,2024-01-22,2024-01-26,Consumer,Electronics,1,309.28,233.07,2.0,1,1636.7,WH-West,West,Same-Day Courier,Delivered,5.0,4,1.0,1,233.07,0.1424,818.35,0,0,1,0,1,0,0,0,0,0,0,0,1,0.0,0.1308,1.0,0.1357,0.8608,1.0,0.0622
ORD-2024-1433,2024-06-01,2024-06-05,Consumer,Apparel,1,80.12,46.82,4.8,5,691.5,WH-South,East,Standard Delivery,Delivered,3.0,4,-0.2,0,46.82,0.0677,144.06,0,0,0,1,1,0,0,0,0,1,0,0,0,0.0,0.0235,0.1725,0.3891,0.3347,0.1929,0.0262
ORD-2024-1811,2024-02-03,2024-02-05,Home Office,Office Supplies,1,32.1,150.35,3.0,1,802.0,WH-South,West,Same-Day Courier,Delivered,5.0,2,2.0,1,150.35,0.1875,267.33,0,0,1,0,0,0,1,0,0,0,0,0,1,0.0,0.001,0.6325,0.2262,0.3962,0.6415,0.084
ORD-2024-1092,2024-04-30,2024-05-04,Home Office,Apparel,3,240.63,82.82,8.9,7,805.0,WH-East,East,Ground Freight,Delayed,1.0,4,1.9,1,27.61,0.1029,90.45,0,1,0,0,0,0,1,0,0,1,0,0,0,0.0253,0.0986,0.3324,0.7602,0.3978,0.1096,0.0432
ORD-2024-1971,2024-02-17,2024-02-20,Small Business,Office Supplies,2,84.2,42.83,7.3,5,681.6,WH-North,West,Standard Delivery,Delayed,3.0,3,2.3,1,21.42,0.0628,93.37,0,0,0,1,0,0,0,1,0,0,0,0,1,0.0127,0.0254,0.1548,0.6154,0.3292,0.0828,0.0239
ORD-2024-2158,2024-02-02,2024-02-06,Home Office,Healthcare Supplies,2,518.47,49.48,7.1,5,496.6,WH-West,East,Standard Delivery,Delivered,4.0,4,2.1,1,24.74,0.0996,69.94,0,0,0,1,0,0,1,0,0,1,0,0,0,0.0127,0.2287,0.1843,0.5973,0.2262,0.0972,0.0416
ORD-2024-1351,2024-03-11,2024-03-14,Home Office,Office Supplies,1,40.65,138.5,1.0,1,610.3,WH-South,North,Same-Day Courier,Delivered,4.0,3,0.0,0,138.5,0.2269,610.3,0,0,1,0,0,0,1,0,0,0,1,0,0,0.0,0.005,0.5798,0.0452,0.2895,0.5902,0.1029
ORD-2024-1194,2024-03-31,2024-04-01,Consumer,Apparel,2,142.56,38.48,4.9,5,569.5,WH-North,Central,Standard Delivery,Delivered,4.0,1,-0.1,0,19.24,0.0676,116.22,0,0,0,1,1,0,0,0,1,0,0,0,0,0.0127,0.0527,0.1354,0.3982,0.2668,0.0734,0.0262
ORD-2024-1280,2024-04-22,2024-04-25,Home Office,Office Supplies,2,67.28,194.39,1.4,1,1183.3,WH-West,North,Same-Day Courier,Delivered,4.0,3,0.4,1,97.2,0.1643,845.21,0,0,1,0,0,0,1,0,0,0,1,0,0,0.0127,0.0175,0.8281,0.0814,0.6084,0.4112,0.0728
ORD-2024-2097,2024-01-09,2024-01-10,Consumer,Office Supplies,1,41.9,70.05,7.3,7,807.2,WH-North,East,Ground Freight,Delivered,3.0,1,0.3,1,70.05,0.0868,110.58,0,1,0,0,1,0,0,0,0,1,0,0,0,0.0,0.0056,0.2757,0.6154,0.3991,0.2936,0.0354
ORD-2024-1888,2024-06-04,2024-06-07,Consumer,Electronics,2,515.98,52.9,7.4,7,445.6,WH-West,North,Ground Freight,Delivered,4.0,3,0.4,1,26.45,0.1187,60.22,0,1,0,0,1,0,0,0,0,0,1,0,0,0.0127,0.2276,0.1995,0.6244,0.1978,0.1046,0.0508
ORD-2024-1359,2024-01-23,2024-01-24,Corporate,Office Supplies,5,206.39,46.2,7.1,5,413.5,WH-East,North,Standard Delivery,Delivered,4.0,1,2.1,1,9.24,0.1117,58.24,0,0,0,1,0,1,0,0,0,0,1,0,0,0.0506,0.0826,0.1697,0.5973,0.1799,0.03,0.0474
ORD-2024-2232,2024-01-10,2024-01-11,Consumer,Healthcare Supplies,4,481.97,219.57,11.55,2,1533.9,WH-East,South,Express Air,Delayed,2.0,1,9.55,1,54.89,0.1431,132.81,1,0,0,0,1,0,0,0,0,0,0,1,0,0.038,0.2116,0.94,1.0,0.8035,0.2279,0.0626
ORD-2024-1615,2024-02-23,2024-02-25,Small Business,Healthcare Supplies,5,562.68,75.52,6.9,7,681.5,WH-East,Central,Ground Freight,Delivered,4.0,2,-0.1,0,15.1,0.1108,98.77,0,1,0,0,0,0,0,1,1,0,0,0,0,0.0506,0.2494,0.3,0.5792,0.3291,0.0554,0.047
ORD-2024-1941,2024-05-28,2024-05-29,Corporate,Healthcare Supplies,1,118.65,45.84,5.7,5,814.6,WH-South,East,Standard Delivery,Delivered,3.0,1,0.7,1,45.84,0.0563,142.91,0,0,0,1,0,1,0,0,0,1,0,0,0,0.0,0.0415,0.1681,0.4706,0.4032,0.1886,0.0207
ORD-2024-1591,2024-03-22,2024-03-25,Corporate,Office Supplies,10,326.49,141.32,3.3,2,643.7,WH-North,Central,Express Air,Delivered,4.0,3,1.3,1,14.13,0.2195,195.06,1,0,0,0,0,1,0,0,1,0,0,0,0,0.1139,0.1388,0.5923,0.2534,0.3081,0.0512,0.0994
ORD-2024-1458,2024-05-10,2024-05-13,Consumer,Industrial Machinery,2,2165.61,125.1,1.2,1,382.2,WH-North,South,Same-Day Courier,Delivered,4.0,3,0.2,1,62.55,0.3273,318.5,0,0,1,0,1,0,0,0,0,0,0,1,0,0.0127,1.0,0.5203,0.0633,0.1625,0.2611,0.1513
ORD-2024-1558,2024-02-19,2024-02-20,Home Office,Electronics,1,254.99,50.59,4.4,5,671.3,WH-West,North,Standard Delivery,Delivered,5.0,1,-0.6,0,50.59,0.0754,152.57,0,0,0,1,0,0,1,0,0,0,1,0,0,0.0,0.1054,0.1892,0.3529,0.3234,0.2092,0.0299
ORD-2024-1182,2024-03-11,2024-03-12,Small Business,Office Supplies,5,152.37,53.91,7.5,5,818.4,WH-East,North,Standard Delivery,Delivered,3.0,1,2.5,1,10.78,0.0659,109.12,0,0,0,1,0,0,0,1,0,0,1,0,0,0.0506,0.0573,0.204,0.6335,0.4053,0.0367,0.0254
ORD-2024-1110,2024-02-08,2024-02-10,Consumer,Healthcare Supplies,2,271.47,142.53,3.0,1,711.3,WH-West,West,Same-Day Courier,Delivered,5.0,2,2.0,1,71.26,0.2004,237.1,0,0,1,0,1,0,0,0,0,0,0,0,1,0.0127,0.1131,0.5977,0.2262,0.3457,0.2988,0.0902
ORD-2024-2031,2024-06-05,2024-06-08,Corporate,Office Supplies,15,617.92,76.93,5.3,5,727.0,WH-North,West,Standard Delivery,Delivered,4.0,3,0.3,1,5.13,0.1058,137.17,0,0,0,1,0,1,0,0,0,0,0,0,1,0.1772,0.2753,0.3063,0.4344,0.3544,0.0122,0.0446
ORD-2024-2171,2024-05-22,2024-05-25,Small Business,Electronics,2,597.48,128.76,4.5,2,795.0,WH-West,North,Express Air,Delivered,4.0,3,2.5,1,64.38,0.162,176.67,1,0,0,0,0,0,0,1,0,0,1,0,0,0.0127,0.2657,0.5365,0.362,0.3923,0.269,0.0717
ORD-2024-1204,2024-05-04,2024-05-07,Corporate,Electronics,1,242.68,164.44,5.3,1,714.7,WH-North,West,Same-Day Courier,Returned,2.0,3,4.3,1,164.44,0.2301,134.85,0,0,1,0,0,1,0,0,0,0,0,0,1,0.0,0.0996,0.6951,0.4344,0.3476,0.7026,0.1045
ORD-2024-1597,2024-01-14,2024-01-18,Consumer,Electronics,1,266.71,122.86,1.6,2,733.9,WH-East,North,Express Air,Delivered,5.0,4,-0.4,0,122.86,0.1674,458.69,1,0,0,0,1,0,0,0,0,0,1,0,0,0.0,0.1109,0.5103,0.0995,0.3583,0.5224,0.0743
ORD-2024-1911,2024-01-14,2024-01-18,Consumer,Industrial Machinery,2,2165.61,164.0,1.1,1,767.4,WH-East,North,Same-Day Courier,Delivered,5.0,4,0.1,1,82.0,0.2137,697.64,0,0,1,0,1,0,0,0,0,0,1,0,0,0.0127,1.0,0.6931,0.0543,0.3769,0.3453,0.0966
ORD-2024-1887,2024-03-13,2024-03-16,Consumer,Apparel,1,80.83,184.18,2.5,1,892.4,WH-East,East,Same-Day Courier,Delivered,4.0,3,1.5,1,184.18,0.2064,356.96,0,0,1,0,1,0,0,0,0,1,0,0,0,0.0,0.0238,0.7828,0.181,0.4465,0.7881,0.0931
ORD-2024-2125,2024-04-17,2024-04-20,Corporate,Electronics,8,1702.81,70.78,8.2,7,585.7,WH-East,South,Ground Freight,Delivered,4.0,3,1.2,1,8.85,0.1208,71.43,0,1,0,0,0,1,0,0,0,0,0,1,0,0.0886,0.7833,0.2789,0.6968,0.2758,0.0283,0.0518
ORD-2024-1909,2024-06-23,2024-06-27,Consumer,Apparel,2,141.53,50.48,5.3,5,875.8,WH-West,North,Standard Delivery,Delivered,5.0,4,0.3,1,25.24,0.0576,165.25,0,0,0,1,1,0,0,0,0,0,1,0,0,0.0127,0.0522,0.1887,0.4344,0.4373,0.0994,0.0214
ORD-2024-1602,2024-01-24,2024-01-25,Consumer,Apparel,1,60.11,41.84,6.0,5,620.9,WH-South,Central,Standard Delivery,Delivered,3.0,1,1.0,1,41.84,0.0674,103.48,0,0,0,1,1,0,0,0,1,0,0,0,0,0.0,0.0141,0.1504,0.4977,0.2954,0.1713,0.0261
ORD-2024-1183,2024-06-14,2024-06-17,Home Office,Industrial Machinery,4,2165.61,123.99,1.0,1,257.8,WH-North,South,Same-Day Courier,Delivered,4.0,3,0.0,0,31.0,0.481,257.8,0,0,1,0,0,0,1,0,0,0,0,1,0,0.038,1.0,0.5154,0.0452,0.0933,0.1243,0.2254
ORD-2024-1137,2024-02-24,2024-02-26,Corporate,Electronics,2,595.22,43.81,5.6,5,484.2,WH-East,West,Standard Delivery,Delivered,3.0,2,0.6,1,21.9,0.0905,86.46,0,0,0,1,0,1,0,0,0,0,0,0,1,0.0127,0.2647,0.1591,0.4615,0.2193,0.0849,0.0372
ORD-2024-1708,2024-02-10,2024-02-12,Consumer,Industrial Machinery,2,2165.61,169.52,3.4,2,1313.8,WH-South,South,Express Air,Delayed,1.0,2,1.4,1,84.76,0.129,386.41,1,0,0,0,1,0,0,0,0,0,0,1,0,0.0127,1.0,0.7176,0.2624,0.681,0.3573,0.0558
ORD-2024-1080,2024-06-23,2024-06-25,Home Office,Industrial Machinery,5,2165.61,57.46,8.8,5,767.4,WH-South,North,Standard Delivery,Delayed,1.0,2,3.8,1,11.49,0.0749,87.2,0,0,0,1,0,0,1,0,0,0,1,0,0,0.0506,1.0,0.2198,0.7511,0.3769,0.0398,0.0297
ORD-2024-1893,2024-03-25,2024-03-29,Consumer,Office Supplies,3,129.38,60.09,8.0,5,783.9,WH-North,South,Standard Delivery,Delivered,4.0,4,3.0,1,20.03,0.0767,97.99,0,0,0,1,1,0,0,0,0,0,0,1,0,0.0253,0.0466,0.2314,0.6787,0.3861,0.0768,0.0306
ORD-2024-1536,2024-02-27,2024-02-28,Home Office,Industrial Machinery,15,2165.61,85.15,6.4,5,772.8,WH-Central,South,Standard Delivery,Delivered,3.0,1,1.4,1,5.68,0.1102,120.75,0,0,0,1,0,0,1,0,0,0,0,1,0,0.1772,1.0,0.3428,0.5339,0.3799,0.0146,0.0467
ORD-2024-1480,2024-03-03,2024-03-07,Corporate,Office Supplies,3,102.39,65.05,5.8,7,488.5,WH-West,South,Ground Freight,Delivered,4.0,4,-1.2,0,21.68,0.1332,84.22,0,1,0,0,0,1,0,0,0,0,0,1,0,0.0253,0.0339,0.2535,0.4796,0.2217,0.0839,0.0578
ORD-2024-1165,2024-03-31,2024-04-02,Home Office,Healthcare Supplies,8,898.78,233.07,2.5,1,1107.6,WH-South,South,Same-Day Courier,Delayed,2.0,2,1.5,1,29.13,0.2104,443.04,0,0,1,0,0,0,1,0,0,0,0,1,0,0.0886,0.4068,1.0,0.181,0.5663,0.1162,0.095
ORD-2024-1248,2024-06-07,2024-06-10,Small Business,Office Supplies,1,31.56,53.41,5.2,5,569.2,WH-East,West,Standard Delivery,Delivered,3.0,3,0.2,1,53.41,0.0938,109.46,0,0,0,1,0,0,0,1,0,0,0,0,1,0.0,0.0007,0.2018,0.4253,0.2666,0.2214,0.0388
ORD-2024-1307,2024-05-17,2024-05-19,Consumer,Office Supplies,15,568.33,56.63,3.2,5,202.4,WH-North,North,Standard Delivery,Delivered,3.0,2,-1.8,0,3.78,0.2798,63.25,0,0,0,1,1,0,0,0,0,0,1,0,0,0.1772,0.2521,0.2161,0.2443,0.0624,0.0064,0.1284
ORD-2024-1541,2024-01-10,2024-01-13,Corporate,Apparel,2,142.45,112.25,1.3,2,561.3,WH-North,Central,Express Air,Delivered,5.0,3,-0.7,0,56.12,0.2,431.77,1,0,0,0,0,1,0,0,1,0,0,0,0,0.0127,0.0527,0.4632,0.0724,0.2622,0.2332,0.09
ORD-2024-1334,2024-05-17,2024-05-21,Consumer,Healthcare Supplies,2,228.63,205.66,4.8,1,973.2,WH-North,South,Same-Day Courier,Delayed,2.0,4,3.8,1,102.83,0.2113,202.75,0,0,1,0,1,0,0,0,0,0,0,1,0,0.0127,0.093,0.8782,0.3891,0.4915,0.4356,0.0954
ORD-2024-1097,2024-02-15,2024-02-17,Consumer,Office Supplies,1,34.05,44.21,6.1,5,675.4,WH-East,East,Standard Delivery,Delayed,1.0,2,1.1,1,44.21,0.0655,110.72,0,0,0,1,1,0,0,0,0,1,0,0,0,0.0,0.0019,0.1609,0.5068,0.3257,0.1816,0.0252
ORD-2024-1551,2024-04-18,2024-04-22,Home Office,Apparel,3,226.72,42.69,4.2,5,532.0,WH-Central,East,Standard Delivery,Delivered,4.0,4,-0.8,0,14.23,0.0802,126.67,0,0,0,1,0,0,1,0,0,1,0,0,0,0.0253,0.0921,0.1541,0.3348,0.2459,0.0517,0.0322
ORD-2024-2241,2024-04-10,2024-04-14,Home Office,Electronics,2,481.37,42.67,5.7,5,537.8,WH-East,West,Standard Delivery,Delivered,4.0,4,0.7,1,21.34,0.0793,94.35,0,0,0,1,0,0,1,0,0,0,0,0,1,0.0127,0.2114,0.154,0.4706,0.2491,0.0825,0.0318
ORD-2024-1907,2024-05-05,2024-05-09,Consumer,Office Supplies,1,34.28,78.12,7.2,7,973.3,WH-East,Central,Ground Freight,Delivered,5.0,4,0.2,1,78.12,0.0803,135.18,0,1,0,0,1,0,0,0,1,0,0,0,0,0.0,0.002,0.3115,0.6063,0.4915,0.3285,0.0323
ORD-2024-1931,2024-06-06,2024-06-07,Home Office,Electronics,1,229.85,30.98,5.7,5,280.7,WH-North,Central,Standard Delivery,Delivered,4.0,1,0.7,1,30.98,0.1104,49.25,0,0,0,1,0,0,1,0,1,0,0,0,0,0.0,0.0936,0.1021,0.4706,0.106,0.1242,0.0468
ORD-2024-1774,2024-01-28,2024-01-30,Home Office,Office Supplies,5,172.33,73.79,5.6,5,1028.0,WH-West,West,Standard Delivery,Delivered,4.0,2,0.6,1,14.76,0.0718,183.57,0,0,0,1,0,0,1,0,0,0,0,0,1,0.0506,0.0667,0.2923,0.4615,0.522,0.054,0.0282
ORD-2024-1636,2024-04-15,2024-04-16,Corporate,Electronics,1,278.68,66.88,1.2,2,227.8,WH-Central,West,Express Air,Delivered,5.0,1,-0.8,0,66.88,0.2936,189.83,1,0,0,0,0,1,0,0,0,0,0,0,1,0.0,0.1165,0.2616,0.0633,0.0766,0.2798,0.1351
ORD-2024-2187,2024-03-08,2024-03-10,Consumer,Office Supplies,1,43.31,71.05,7.5,5,1156.7,WH-East,South,Standard Delivery,Delivered,5.0,2,2.5,1,71.05,0.0614,154.23,0,0,0,1,1,0,0,0,0,0,0,1,0,0.0,0.0063,0.2801,0.6335,0.5936,0.2979,0.0232
ORD-2024-1302,2024-04-17,2024-04-21,Corporate,Apparel,1,58.64,35.92,2.0,7,200.2,WH-West,Central,Ground Freight,Delivered,5.0,4,-5.0,0,35.92,0.1794,100.1,0,1,0,0,0,1,0,0,1,0,0,0,0,0.0,0.0134,0.1241,0.1357,0.0612,0.1456,0.0801
ORD-2024-1388,2024-05-03,2024-05-05,Home Office,Healthcare Supplies,2,194.16,180.12,4.4,2,1186.4,WH-East,West,Express Air,Delivered,3.0,2,2.4,1,90.06,0.1518,269.64,1,0,0,0,0,0,1,0,0,0,0,0,1,0.0127,0.0769,0.7647,0.3529,0.6101,0.3803,0.0668
ORD-2024-1235,2024-01-06,2024-01-08,Corporate,Office Supplies,1,34.62,100.47,8.8,5,1869.5,WH-Central,West,Standard Delivery,Returned,1.0,2,3.8,1,100.47,0.0537,212.44,0,0,0,1,0,1,0,0,0,0,0,0,1,0.0,0.0022,0.4108,0.7511,0.9903,0.4254,0.0195
ORD-2024-1915,2024-05-24,2024-05-27,Consumer,Healthcare Supplies,2,195.9,81.04,8.4,5,1746.2,WH-West,East,Standard Delivery,Delayed,2.0,3,3.4,1,40.52,0.0464,207.88,0,0,0,1,1,0,0,0,0,1,0,0,0,0.0127,0.0777,0.3245,0.7149,0.9217,0.1656,0.016
ORD-2024-2119,2024-05-07,2024-05-11,Consumer,Apparel,1,80.66,168.4,2.9,2,1423.1,WH-West,North,Express Air,Delivered,5.0,4,0.9,1,168.4,0.1183,490.72,1,0,0,0,1,0,0,0,0,0,1,0,0,0.0,0.0237,0.7127,0.2172,0.7419,0.7198,0.0506
ORD-2024-1305,2024-06-25,2024-06-29,Small Business,Electronics,1,213.76,93.67,2.1,2,447.3,WH-North,Central,Express Air,Delivered,3.0,4,0.1,1,93.67,0.2094,213.0,1,0,0,0,0,0,0,1,1,0,0,0,0,0.0,0.0861,0.3806,0.1448,0.1988,0.3959,0.0945
ORD-2024-1868,2024-06-06,2024-06-09,Home Office,Electronics,1,242.41,233.07,7.7,7,796.4,WH-South,North,Ground Freight,Delivered,4.0,3,0.7,1,233.07,0.2927,103.43,0,1,0,0,0,0,1,0,0,0,1,0,0,0.0,0.0995,1.0,0.6516,0.3931,1.0,0.1347
ORD-2024-2034,2024-02-26,2024-02-27,Consumer,Electronics,1,278.3,78.45,1.0,2,385.0,WH-South,North,Express Air,Delivered,4.0,1,-1.0,0,78.45,0.2038,385.0,1,0,0,0,1,0,0,0,0,0,1,0,0,0.0,0.1163,0.313,0.0452,0.1641,0.33,0.0918
ORD-2024-1249,2024-05-17,2024-05-18,Home Office,Apparel,1,61.79,74.9,8.0,5,1293.2,WH-North,East,Standard Delivery,Delivered,3.0,1,3.0,1,74.9,0.0579,161.65,0,0,0,1,0,0,1,0,0,1,0,0,0,0.0,0.0149,0.2972,0.6787,0.6696,0.3146,0.0215
ORD-2024-1855,2024-03-08,2024-03-12,Consumer,Office Supplies,2,82.94,96.26,8.4,7,1119.2,WH-Central,North,Ground Freight,Delivered,4.0,4,1.4,1,48.13,0.086,133.24,0,1,0,0,1,0,0,0,0,0,1,0,0,0.0127,0.0248,0.3921,0.7149,0.5727,0.1986,0.035
ORD-2024-1838,2024-05-18,2024-05-19,Corporate,Apparel,1,79.25,83.81,3.6,2,357.5,WH-West,East,Express Air,Delayed,2.0,1,1.6,1,83.81,0.2344,99.31,1,0,0,0,0,1,0,0,0,1,0,0,0,0.0,0.0231,0.3368,0.2805,0.1488,0.3532,0.1066
ORD-2024-1071,2024-06-13,2024-06-16,Consumer,Electronics,1,244.58,125.95,2.5,2,868.9,WH-South,Central,Express Air,Delivered,3.0,3,0.5,1,125.95,0.145,347.56,1,0,0,0,1,0,0,0,1,0,0,0,0,0.0,0.1005,0.5241,0.181,0.4334,0.5358,0.0635
ORD-2024-1094,2024-03-05,2024-03-07,Home Office,Apparel,5,403.34,53.95,5.8,5,710.9,WH-North,North,Standard Delivery,Delivered,4.0,2,0.8,1,10.79,0.0759,122.57,0,0,0,1,0,0,1,0,0,0,1,0,0,0.0506,0.1748,0.2042,0.4796,0.3455,0.0367,0.0302
ORD-2024-1613,2024-06-13,2024-06-15,Consumer,Office Supplies,1,36.98,36.0,5.4,5,567.0,WH-East,North,Standard Delivery,Delivered,3.0,2,0.4,1,36.0,0.0635,105.0,0,0,0,1,1,0,0,0,0,0,1,0,0,0.0,0.0033,0.1244,0.4434,0.2654,0.146,0.0242
ORD-2024-1033,2024-04-20,2024-04-21,Small Business,Electronics,8,1830.1,203.87,3.1,2,1049.0,WH-West,North,Express Air,Delivered,4.0,1,1.1,1,25.48,0.1943,338.39,1,0,0,0,0,0,0,1,0,0,1,0,0,0.0886,0.8429,0.8703,0.2353,0.5337,0.1004,0.0872
ORD-2024-1865,2024-03-10,2024-03-14,Corporate,Electronics,2,534.14,69.61,5.8,5,1132.9,WH-South,East,Standard Delivery,Delivered,5.0,4,0.8,1,34.8,0.0614,195.33,0,0,0,1,0,1,0,0,0,1,0,0,0,0.0127,0.2361,0.2737,0.4796,0.5803,0.1408,0.0232
ORD-2024-1448,2024-03-21,2024-03-22,Consumer,Healthcare Supplies,1,96.33,158.84,2.8,2,1069.6,WH-South,South,Express Air,Delayed,2.0,1,0.8,1,158.84,0.1485,382.0,1,0,0,0,1,0,0,0,0,0,0,1,0,0.0,0.0311,0.6702,0.2081,0.5451,0.6783,0.0652
ORD-2024-1445,2024-06-09,2024-06-12,Small Business,Electronics,5,1468.52,68.2,4.0,5,861.2,WH-North,North,Standard Delivery,Delivered,5.0,3,-1.0,0,13.64,0.0792,215.3,0,0,0,1,0,0,0,1,0,0,1,0,0,0.0506,0.6736,0.2675,0.3167,0.4291,0.0491,0.0318
ORD-2024-1930,2024-05-07,2024-05-08,Consumer,Office Supplies,1,34.68,53.41,5.8,5,1868.2,WH-South,East,Standard Delivery,Delivered,3.0,1,0.8,1,53.41,0.0286,322.1,0,0,0,1,1,0,0,0,0,1,0,0,0,0.0,0.0022,0.2018,0.4796,0.9896,0.2214,0.0074
ORD-2024-1654,2024-06-16,2024-06-19,Consumer,Apparel,10,711.91,73.94,6.5,5,781.2,WH-Central,South,Standard Delivery,Delivered,4.0,3,1.5,1,7.39,0.0946,120.18,0,0,0,1,1,0,0,0,0,0,0,1,0,0.1139,0.3193,0.293,0.543,0.3846,0.022,0.0392
ORD-2024-1765,2024-03-01,2024-03-02,Corporate,Office Supplies,1,34.6,112.1,1.1,2,698.2,WH-South,North,Express Air,Delivered,5.0,1,-0.9,0,112.1,0.1606,634.73,1,0,0,0,0,1,0,0,0,0,1,0,0,0.0,0.0022,0.4625,0.0543,0.3384,0.4758,0.071
ORD-2024-1077,2024-05-06,2024-05-07,Consumer,Apparel,2,158.19,59.11,4.7,5,857.3,WH-East,East,Standard Delivery,Delivered,4.0,1,-0.3,0,29.56,0.0689,182.4,0,0,0,1,1,0,0,0,0,1,0,0,0,0.0127,0.06,0.2271,0.3801,0.427,0.1181,0.0268
ORD-2024-1084,2024-01-09,2024-01-13,Consumer,Healthcare Supplies,1,110.74,53.67,4.7,5,905.8,WH-East,East,Standard Delivery,Delivered,4.0,4,-0.3,0,53.67,0.0593,192.72,0,0,0,1,1,0,0,0,0,1,0,0,0,0.0,0.0378,0.2029,0.3801,0.4539,0.2226,0.0222
ORD-2024-1986,2024-05-05,2024-05-07,Corporate,Apparel,4,256.31,99.94,2.4,2,419.7,WH-East,South,Express Air,Delivered,3.0,2,0.4,1,24.98,0.2381,174.88,1,0,0,0,0,1,0,0,0,0,0,1,0,0.038,0.106,0.4085,0.1719,0.1834,0.0982,0.1083
ORD-2024-1082,2024-02-21,2024-02-23,Consumer,Electronics,1,265.72,96.42,10.3,7,1171.0,WH-West,East,Ground Freight,Returned,1.0,2,3.3,1,96.42,0.0823,113.69,0,1,0,0,1,0,0,0,0,1,0,0,0,0.0,0.1104,0.3929,0.8869,0.6016,0.4078,0.0333
ORD-2024-1457,2024-03-28,2024-04-01,Corporate,Electronics,10,2165.61,47.75,7.2,5,369.6,WH-East,Central,Standard Delivery,Delivered,4.0,4,2.2,1,4.78,0.1292,51.33,0,0,0,1,0,1,0,0,1,0,0,0,0,0.1139,1.0,0.1766,0.6063,0.1555,0.0107,0.0559
ORD-2024-1720,2024-02-18,2024-02-20,Small Business,Electronics,1,286.04,85.97,7.0,5,1610.2,WH-Central,East,Standard Delivery,Delivered,3.0,2,2.0,1,85.97,0.0534,230.03,0,0,0,1,0,0,0,1,0,1,0,0,0,0.0,0.1199,0.3464,0.5882,0.846,0.3625,0.0193
ORD-2024-1832,2024-02-15,2024-02-18,Consumer,Office Supplies,1,38.55,137.39,11.55,7,1886.88,WH-West,North,Ground Freight,Delayed,2.0,3,4.55,1,137.39,0.0728,163.37,0,1,0,0,1,0,0,0,0,0,1,0,0,0.0,0.004,0.5749,1.0,1.0,0.5854,0.0287
ORD-2024-1436,2024-05-12,2024-05-15,Consumer,Healthcare Supplies,1,101.79,54.04,6.3,5,986.9,WH-North,West,Standard Delivery,Delivered,5.0,3,1.3,1,54.04,0.0548,156.65,0,0,0,1,1,0,0,0,0,0,0,0,1,0.0,0.0336,0.2046,0.5249,0.4991,0.2242,0.02
ORD-2024-1704,2024-03-09,2024-03-13,Consumer,Healthcare Supplies,4,518.44,141.82,3.6,1,397.3,WH-Central,West,Same-Day Courier,Delayed,1.0,4,2.6,1,35.46,0.357,110.36,0,0,1,0,1,0,0,0,0,0,0,0,1,0.038,0.2287,0.5946,0.2805,0.1709,0.1437,0.1657
ORD-2024-2011,2024-06-25,2024-06-29,Small Business,Industrial Machinery,1,1484.47,41.68,8.0,7,382.5,WH-Central,North,Ground Freight,Delivered,5.0,4,1.0,1,41.68,0.109,47.81,0,1,0,0,0,0,0,1,0,0,1,0,0,0.0,0.6811,0.1496,0.6787,0.1627,0.1706,0.0461
ORD-2024-1404,2024-03-08,2024-03-09,Consumer,Electronics,1,303.54,38.04,3.5,5,558.7,WH-South,East,Standard Delivery,Delivered,4.0,1,-1.5,0,38.04,0.0681,159.63,0,0,0,1,1,0,0,0,0,1,0,0,0,0.0,0.1281,0.1335,0.2715,0.2608,0.1548,0.0264
ORD-2024-2111,2024-02-24,2024-02-26,Consumer,Office Supplies,1,38.67,44.83,5.0,5,732.5,WH-West,North,Standard Delivery,Delivered,4.0,2,0.0,0,44.83,0.0612,146.5,0,0,0,1,1,0,0,0,0,0,1,0,0,0.0,0.0041,0.1636,0.4072,0.3575,0.1843,0.0231
ORD-2024-1678,2024-03-06,2024-03-09,Small Business,Industrial Machinery,1,1206.17,143.66,2.1,2,933.3,WH-North,West,Express Air,Delivered,5.0,3,0.1,1,143.66,0.1539,444.43,1,0,0,0,0,0,0,1,0,0,0,0,1,0.0,0.5508,0.6027,0.1448,0.4693,0.6125,0.0678
ORD-2024-2163,2024-03-29,2024-03-31,Corporate,Electronics,3,929.68,50.29,4.9,5,714.6,WH-North,North,Standard Delivery,Delivered,4.0,2,-0.1,0,16.76,0.0704,145.84,0,0,0,1,0,1,0,0,0,0,1,0,0,0.0253,0.4213,0.1879,0.3982,0.3475,0.0626,0.0275
ORD-2024-1104,2024-06-01,2024-06-04,Small Business,Office Supplies,1,37.15,35.2,5.0,5,427.7,WH-East,North,Standard Delivery,Delivered,4.0,3,0.0,0,35.2,0.0823,85.54,0,0,0,1,0,0,0,1,0,0,1,0,0,0.0,0.0034,0.1209,0.4072,0.1878,0.1425,0.0333
ORD-2024-1783,2024-05-18,2024-05-19,Consumer,Healthcare Supplies,3,308.28,53.17,5.7,5,640.9,WH-South,Central,Standard Delivery,Delivered,5.0,1,0.7,1,17.72,0.083,112.44,0,0,0,1,1,0,0,0,1,0,0,0,0,0.0253,0.1303,0.2007,0.4706,0.3065,0.0668,0.0336
ORD-2024-1676,2024-05-04,2024-05-05,Consumer,Industrial Machinery,1,1036.75,233.07,3.2,2,1103.1,WH-North,West,Express Air,Delivered,4.0,1,1.2,1,233.07,0.2113,344.72,1,0,0,0,1,0,0,0,0,0,0,0,1,0.0,0.4714,1.0,0.2443,0.5638,1.0,0.0954
ORD-2024-1062,2024-06-24,2024-06-25,Home Office,Office Supplies,5,170.43,148.81,2.0,2,770.6,WH-North,North,Express Air,Delivered,4.0,1,0.0,0,29.76,0.1931,385.3,1,0,0,0,0,0,1,0,0,0,1,0,0,0.0506,0.0658,0.6256,0.1357,0.3787,0.119,0.0867
ORD-2024-1281,2024-03-02,2024-03-05,Consumer,Industrial Machinery,5,2165.61,61.89,6.5,5,719.6,WH-South,West,Standard Delivery,Delivered,5.0,3,1.5,1,12.38,0.086,110.71,0,0,0,1,1,0,0,0,0,0,0,0,1,0.0506,1.0,0.2394,0.543,0.3503,0.0436,0.035
ORD-2024-1903,2024-04-14,2024-04-18,Corporate,Apparel,4,226.49,58.18,8.5,5,915.4,WH-West,South,Standard Delivery,Returned,1.0,4,3.5,1,14.54,0.0636,107.69,0,0,0,1,0,1,0,0,0,0,0,1,0,0.038,0.092,0.223,0.724,0.4593,0.053,0.0242
ORD-2024-1238,2024-04-25,2024-04-28,Corporate,Office Supplies,1,31.19,60.04,6.3,5,892.6,WH-South,Central,Standard Delivery,Delivered,5.0,3,1.3,1,60.04,0.0673,141.68,0,0,0,1,0,1,0,0,1,0,0,0,0,0.0,0.0006,0.2312,0.5249,0.4466,0.2502,0.026
ORD-2024-1223,2024-03-16,2024-03-19,Consumer,Office Supplies,2,86.77,53.49,5.7,5,801.1,WH-West,East,Standard Delivery,Delayed,1.0,3,0.7,1,26.74,0.0668,140.54,0,0,0,1,1,0,0,0,0,1,0,0,0,0.0127,0.0266,0.2021,0.4706,0.3957,0.1059,0.0258
ORD-2024-1145,2024-03-29,2024-03-30,Consumer,Apparel,1,57.73,50.11,5.2,7,521.9,WH-West,South,Ground Freight,Delivered,5.0,1,-1.8,0,50.11,0.096,100.37,0,1,0,0,1,0,0,0,0,0,0,1,0,0.0,0.013,0.1871,0.4253,0.2403,0.2071,0.0399
ORD-2024-2189,2024-03-03,2024-03-06,Corporate,Electronics,3,757.9,50.8,6.0,5,771.3,WH-West,North,Standard Delivery,Delayed,1.0,3,1.0,1,16.93,0.0659,128.55,0,0,0,1,0,1,0,0,0,0,1,0,0,0.0253,0.3409,0.1902,0.4977,0.3791,0.0634,0.0254
ORD-2024-1373,2024-04-12,2024-04-15,Corporate,Healthcare Supplies,1,124.61,95.16,8.8,7,1324.8,WH-Central,South,Ground Freight,Delivered,4.0,3,1.8,1,95.16,0.0718,150.55,0,1,0,0,0,1,0,0,0,0,0,1,0,0.0,0.0443,0.3873,0.7511,0.6872,0.4024,0.0282
ORD-2024-1118,2024-01-30,2024-02-01,Home Office,Electronics,3,689.86,65.9,7.4,7,700.6,WH-East,West,Ground Freight,Delivered,3.0,2,0.4,1,21.97,0.0941,94.68,0,1,0,0,0,0,1,0,0,0,0,0,1,0.0253,0.309,0.2573,0.6244,0.3397,0.0852,0.0389
ORD-2024-1908,2024-05-17,2024-05-21,Consumer,Office Supplies,3,109.47,63.36,5.3,5,1084.1,WH-North,North,Standard Delivery,Delivered,4.0,4,0.3,1,21.12,0.0584,204.55,0,0,0,1,1,0,0,0,0,0,1,0,0,0.0253,0.0372,0.246,0.4344,0.5532,0.0815,0.0217
ORD-2024-1250,2024-04-30,2024-05-02,Consumer,Office Supplies,1,35.76,30.13,4.3,5,293.8,WH-East,South,Standard Delivery,Delivered,5.0,2,-0.7,0,30.13,0.1026,68.33,0,0,0,1,1,0,0,0,0,0,0,1,0,0.0,0.0027,0.0983,0.3439,0.1133,0.1206,0.043
ORD-2024-2228,2024-05-14,2024-05-18,Small Business,Electronics,1,282.83,75.01,6.5,7,828.5,WH-North,North,Ground Freight,Delivered,4.0,4,-0.5,0,75.01,0.0905,127.46,0,1,0,0,0,0,0,1,0,0,1,0,0,0.0,0.1184,0.2977,0.543,0.4109,0.315,0.0372
ORD-2024-1009,2024-05-26,2024-05-28,Corporate,Industrial Machinery,1,1025.29,70.43,4.8,5,1140.6,WH-West,Central,Standard Delivery,Delivered,4.0,2,-0.2,0,70.43,0.0617,237.62,0,0,0,1,0,1,0,0,1,0,0,0,0,0.0,0.4661,0.2774,0.3891,0.5846,0.2952,0.0233
ORD-2024-1449,2024-05-28,2024-05-31,Consumer,Office Supplies,2,64.93,59.69,5.6,5,963.2,WH-East,Central,Standard Delivery,Delivered,3.0,3,0.6,1,29.84,0.062,172.0,0,0,0,1,1,0,0,0,1,0,0,0,0,0.0127,0.0164,0.2297,0.4615,0.4859,0.1193,0.0235
ORD-2024-1990,2024-04-21,2024-04-25,Home Office,Apparel,25,1810.2,88.91,7.1,5,218.1,WH-West,North,Standard Delivery,Delivered,3.0,4,2.1,1,3.56,0.4077,30.72,0,0,0,1,0,0,1,0,0,0,1,0,0,0.3038,0.8336,0.3595,0.5973,0.0712,0.0054,0.1901
ORD-2024-1593,2024-01-30,2024-02-02,Consumer,Industrial Machinery,2,2165.61,151.0,2.2,1,579.3,WH-West,West,Same-Day Courier,Delivered,3.0,3,1.2,1,75.5,0.2607,263.32,0,0,1,0,1,0,0,0,0,0,0,0,1,0.0127,1.0,0.6354,0.1538,0.2722,0.3172,0.1192
ORD-2024-1389,2024-01-19,2024-01-23,Home Office,Healthcare Supplies,3,282.01,53.41,4.5,7,1058.8,WH-East,West,Standard Delivery,Delivered,4.0,4,-2.5,0,17.8,0.0504,235.29,0,0,0,1,0,0,1,0,0,0,0,0,1,0.0253,0.118,0.2018,0.362,0.5391,0.0671,0.0179
ORD-2024-1999,2024-02-16,2024-02-17,Consumer,Electronics,2,427.19,69.97,6.2,5,1095.9,WH-West,West,Standard Delivery,Delivered,4.0,1,1.2,1,34.98,0.0638,176.76,0,0,0,1,1,0,0,0,0,0,0,0,1,0.0127,0.186,0.2753,0.5158,0.5598,0.1416,0.0243
ORD-2024-2022,2024-04-03,2024-04-04,Small Business,Office Supplies,1,35.72,95.96,7.9,7,1066.6,WH-North,South,Ground Freight,Delayed,2.0,1,0.9,1,95.96,0.09,135.01,0,1,0,0,0,0,0,1,0,0,0,1,0,0.0,0.0027,0.3908,0.6697,0.5434,0.4058,0.037
ORD-2024-1557,2024-02-26,2024-02-29,Consumer,Electronics,4,1037.43,82.31,2.5,2,302.7,WH-East,North,Express Air,Delivered,3.0,3,0.5,1,20.58,0.2719,121.08,1,0,0,0,1,0,0,0,0,0,1,0,0,0.038,0.4717,0.3302,0.181,0.1183,0.0792,0.1246
ORD-2024-1460,2024-04-06,2024-04-07,Consumer,Electronics,1,289.98,60.72,6.7,7,543.0,WH-North,North,Ground Freight,Delivered,5.0,1,-0.3,0,60.72,0.1118,81.04,0,1,0,0,1,0,0,0,0,0,1,0,0,0.0,0.1218,0.2342,0.5611,0.252,0.2531,0.0475
ORD-2024-2173,2024-03-12,2024-03-14,Consumer,Office Supplies,2,74.74,84.24,9.4,7,858.3,WH-Central,North,Ground Freight,Delayed,1.0,2,2.4,1,42.12,0.0981,91.31,0,1,0,0,1,0,0,0,0,0,1,0,0,0.0127,0.021,0.3387,0.8054,0.4275,0.1725,0.0409
ORD-2024-1144,2024-02-05,2024-02-07,Consumer,Office Supplies,2,79.84,67.61,6.4,5,1149.1,WH-West,North,Standard Delivery,Delayed,1.0,2,1.4,1,33.8,0.0588,179.55,0,0,0,1,1,0,0,0,0,0,1,0,0,0.0127,0.0234,0.2649,0.5339,0.5894,0.1365,0.0219
ORD-2024-1501,2024-04-28,2024-04-30,Corporate,Electronics,1,265.31,46.79,4.0,5,643.6,WH-North,West,Standard Delivery,Delivered,4.0,2,-1.0,0,46.79,0.0727,160.9,0,0,0,1,0,1,0,0,0,0,0,0,1,0.0,0.1102,0.1723,0.3167,0.308,0.1928,0.0286
ORD-2024-2176,2024-01-27,2024-01-30,Home Office,Electronics,1,294.2,81.25,3.7,2,397.1,WH-East,North,Express Air,Delayed,1.0,3,1.7,1,81.25,0.2046,107.32,1,0,0,0,0,0,1,0,0,0,1,0,0,0.0,0.1237,0.3255,0.2896,0.1708,0.3421,0.0922
ORD-2024-1539,2024-01-31,2024-02-03,Consumer,Office Supplies,3,99.52,54.49,5.6,5,689.1,WH-West,East,Standard Delivery,Delivered,4.0,3,0.6,1,18.16,0.0791,123.05,0,0,0,1,1,0,0,0,0,1,0,0,0,0.0253,0.0326,0.2066,0.4615,0.3333,0.0687,0.0317
ORD-2024-1177,2024-02-12,2024-02-16,Consumer,Healthcare Supplies,1,117.61,39.95,6.7,5,560.7,WH-East,North,Standard Delivery,Delivered,3.0,4,1.7,1,39.95,0.0713,83.69,0,0,0,1,1,0,0,0,0,0,1,0,0,0.0,0.041,0.142,0.5611,0.2619,0.1631,0.028
ORD-2024-2230,2024-04-14,2024-04-16,Home Office,Electronics,3,837.98,194.02,3.6,2,1187.5,WH-Central,North,Express Air,Delayed,3.0,2,1.6,1,64.67,0.1634,329.86,1,0,0,0,0,0,1,0,0,0,1,0,0,0.0253,0.3783,0.8265,0.2805,0.6107,0.2702,0.0723
ORD-2024-1785,2024-02-11,2024-02-15,Small Business,Office Supplies,8,341.2,233.07,1.0,1,1646.6,WH-East,North,Same-Day Courier,Delivered,5.0,4,0.0,0,29.13,0.1415,1646.6,0,0,1,0,0,0,0,1,0,0,1,0,0,0.0886,0.1457,1.0,0.0452,0.8663,0.1162,0.0618
ORD-2024-1661,2024-02-12,2024-02-14,Small Business,Apparel,1,61.72,25.38,5.3,5,219.5,WH-North,North,Standard Delivery,Delivered,5.0,2,0.3,1,25.38,0.1156,41.42,0,0,0,1,0,0,0,1,0,0,1,0,0,0.0,0.0149,0.0772,0.4344,0.072,0.1,0.0493
ORD-2024-2139,2024-03-29,2024-03-30,Corporate,Industrial Machinery,5,2165.61,54.2,6.8,7,294.2,WH-West,North,Ground Freight,Delivered,3.0,1,-0.2,0,10.84,0.1842,43.26,0,1,0,0,0,1,0,0,0,0,1,0,0,0.0506,1.0,0.2053,0.5701,0.1135,0.037,0.0824
ORD-2024-1007,2024-03-14,2024-03-17,Home Office,Office Supplies,1,36.44,73.0,7.7,7,1008.5,WH-South,South,Ground Freight,Delivered,5.0,3,0.7,1,73.0,0.0724,130.97,0,1,0,0,0,0,1,0,0,0,0,1,0,0.0,0.003,0.2888,0.6516,0.5111,0.3063,0.0285
ORD-2024-1624,2024-06-23,2024-06-24,Corporate,Apparel,1,55.67,70.14,6.8,5,1149.1,WH-East,West,Standard Delivery,Delivered,3.0,1,1.8,1,70.14,0.061,168.99,0,0,0,1,0,1,0,0,0,0,0,0,1,0.0,0.012,0.2761,0.5701,0.5894,0.2939,0.023
ORD-2024-1953,2024-06-20,2024-06-24,Small Business,Electronics,2,530.5,124.99,3.2,2,754.8,WH-East,South,Express Air,Delivered,4.0,4,1.2,1,62.5,0.1656,235.87,1,0,0,0,0,0,0,1,0,0,0,1,0,0.0127,0.2344,0.5198,0.2443,0.3699,0.2608,0.0734
ORD-2024-1357,2024-02-04,2024-02-06,Corporate,Apparel,2,139.68,182.7,1.1,1,1038.7,WH-North,North,Same-Day Courier,Delivered,4.0,2,0.1,1,91.35,0.1759,944.27,0,0,1,0,0,1,0,0,0,0,1,0,0,0.0127,0.0514,0.7762,0.0543,0.5279,0.3859,0.0784
ORD-2024-1329,2024-06-19,2024-06-20,Consumer,Office Supplies,5,167.74,226.36,2.9,2,1574.7,WH-North,North,Express Air,Delivered,4.0,1,0.9,1,45.27,0.1437,543.0,1,0,0,0,1,0,0,0,0,0,1,0,0,0.0506,0.0645,0.9702,0.2172,0.8262,0.1862,0.0628
ORD-2024-1793,2024-01-08,2024-01-10,Corporate,Electronics,2,587.8,105.68,2.4,1,288.3,WH-South,East,Same-Day Courier,Delivered,4.0,2,1.4,1,52.84,0.3666,120.13,0,0,1,0,0,1,0,0,0,1,0,0,0,0.0127,0.2612,0.434,0.1719,0.1103,0.219,0.1703
ORD-2024-1938,2024-05-21,2024-05-22,Consumer,Apparel,3,180.75,69.1,5.4,5,1289.4,WH-East,Central,Standard Delivery,Delivered,4.0,1,0.4,1,23.03,0.0536,238.78,0,0,0,1,1,0,0,0,1,0,0,0,0,0.0253,0.0706,0.2715,0.4434,0.6675,0.0898,0.0194
ORD-2024-1258,2024-02-27,2024-03-02,Corporate,Industrial Machinery,8,2165.61,64.59,4.6,5,946.0,WH-West,West,Standard Delivery,Delivered,4.0,4,-0.4,0,8.07,0.0683,205.65,0,0,0,1,0,1,0,0,0,0,0,0,1,0.0886,1.0,0.2514,0.371,0.4763,0.025,0.0265
ORD-2024-1984,2024-03-06,2024-03-07,Corporate,Industrial Machinery,1,1074.69,38.64,4.8,5,571.7,WH-South,East,Standard Delivery,Delivered,4.0,1,-0.2,0,38.64,0.0676,119.1,0,0,0,1,0,1,0,0,0,1,0,0,0,0.0,0.4892,0.1361,0.3891,0.268,0.1574,0.0262
ORD-2024-2134,2024-01-25,2024-01-26,Corporate,Office Supplies,1,30.34,26.58,5.2,5,190.0,WH-North,North,Standard Delivery,Delivered,4.0,1,0.2,1,26.58,0.1399,36.54,0,0,0,1,0,1,0,0,0,0,1,0,0,0.0,0.0002,0.0826,0.4253,0.0555,0.1052,0.061
ORD-2024-1873,2024-06-02,2024-06-05,Consumer,Office Supplies,1,35.02,60.75,9.2,7,675.9,WH-West,West,Ground Freight,Delivered,3.0,3,2.2,1,60.75,0.0899,73.47,0,1,0,0,1,0,0,0,0,0,0,0,1,0.0,0.0024,0.2344,0.7873,0.326,0.2533,0.0369
ORD-2024-1671,2024-06-13,2024-06-16,Home Office,Electronics,4,1174.56,53.74,5.4,5,652.1,WH-Central,South,Standard Delivery,Delivered,4.0,3,0.4,1,13.44,0.0824,120.76,0,0,0,1,0,0,1,0,0,0,0,1,0,0.038,0.5359,0.2032,0.4434,0.3127,0.0482,0.0333
ORD-2024-1937,2024-05-24,2024-05-25,Small Business,Apparel,1,65.67,41.1,5.2,5,482.6,WH-North,East,Standard Delivery,Delivered,5.0,1,0.2,1,41.1,0.0852,92.81,0,0,0,1,0,0,0,1,0,1,0,0,0,0.0,0.0167,0.1471,0.4253,0.2184,0.1681,0.0347
ORD-2024-1525,2024-01-12,2024-01-13,Corporate,Office Supplies,1,41.4,37.05,5.7,5,441.6,WH-East,South,Standard Delivery,Delivered,4.0,1,0.7,1,37.05,0.0839,77.47,0,0,0,1,0,1,0,0,0,0,0,1,0,0.0,0.0054,0.1291,0.4706,0.1956,0.1505,0.034
ORD-2024-2040,2024-03-12,2024-03-13,Corporate,Industrial Machinery,2,2165.61,86.76,1.7,2,428.3,WH-North,North,Express Air,Delivered,4.0,1,-0.3,0,43.38,0.2026,251.94,1,0,0,0,0,1,0,0,0,0,1,0,0,0.0127,1.0,0.3499,0.1086,0.1882,0.178,0.0912
ORD-2024-1736,2024-03-25,2024-03-28,Consumer,Apparel,1,74.02,108.59,2.2,2,671.5,WH-North,North,Express Air,Delivered,5.0,3,0.2,1,108.59,0.1617,305.23,1,0,0,0,1,0,0,0,0,0,1,0,0,0.0,0.0206,0.4469,0.1538,0.3235,0.4606,0.0715
ORD-2024-1847,2024-03-14,2024-03-15,Small Business,Industrial Machinery,2,2165.61,233.07,4.4,2,1235.4,WH-North,North,Express Air,Delivered,4.0,1,2.4,1,116.54,0.1887,280.77,1,0,0,0,0,0,0,1,0,0,1,0,0,0.0127,1.0,1.0,0.3529,0.6374,0.495,0.0845
ORD-2024-2212,2024-04-04,2024-04-08,Consumer,Industrial Machinery,5,2165.61,50.51,4.3,5,533.5,WH-South,West,Standard Delivery,Delivered,4.0,4,-0.7,0,10.1,0.0947,124.07,0,0,0,1,1,0,0,0,0,0,0,0,1,0.0506,1.0,0.1889,0.3439,0.2467,0.0338,0.0392
ORD-2024-1440,2024-05-28,2024-06-01,Consumer,Electronics,1,278.47,57.16,6.3,5,1041.6,WH-West,South,Standard Delivery,Delivered,5.0,4,1.3,1,57.16,0.0549,165.33,0,0,0,1,1,0,0,0,0,0,0,1,0,0.0,0.1164,0.2184,0.5249,0.5295,0.2377,0.0201
ORD-2024-1531,2024-01-31,2024-02-03,Small Business,Healthcare Supplies,2,191.32,51.91,5.1,5,797.0,WH-West,South,Standard Delivery,Delivered,3.0,3,0.1,1,25.96,0.0651,156.27,0,0,0,1,0,0,0,1,0,0,0,1,0,0.0127,0.0756,0.1951,0.4163,0.3934,0.1025,0.025
ORD-2024-1226,2024-03-13,2024-03-14,Small Business,Apparel,3,186.76,218.12,2.2,2,1491.2,WH-South,North,Express Air,Delivered,4.0,1,0.2,1,72.71,0.1463,677.82,1,0,0,0,0,0,0,1,0,0,1,0,0,0.0253,0.0734,0.9336,0.1538,0.7798,0.3051,0.0641
ORD-2024-1228,2024-06-18,2024-06-21,Home Office,Apparel,8,581.41,96.87,4.7,5,1695.1,WH-North,North,Standard Delivery,Delivered,5.0,3,-0.3,0,12.11,0.0571,360.66,0,0,0,1,0,0,1,0,0,0,1,0,0,0.0886,0.2582,0.3949,0.3801,0.8933,0.0425,0.0211
ORD-2024-2106,2024-05-25,2024-05-28,Consumer,Healthcare Supplies,2,273.29,40.56,5.0,5,634.3,WH-North,West,Standard Delivery,Delivered,4.0,3,0.0,0,20.28,0.0639,126.86,0,0,0,1,1,0,0,0,0,0,0,0,1,0.0127,0.1139,0.1447,0.4072,0.3028,0.0779,0.0244
ORD-2024-1212,2024-01-19,2024-01-20,Corporate,Electronics,5,1196.26,37.72,4.7,5,296.6,WH-North,South,Standard Delivery,Delivered,4.0,1,-0.3,0,7.54,0.1272,63.11,0,0,0,1,0,1,0,0,0,0,0,1,0,0.0506,0.5461,0.132,0.3801,0.1149,0.0227,0.0549
ORD-2024-1079,2024-06-09,2024-06-13,Consumer,Office Supplies,2,67.2,37.73,4.7,5,431.0,WH-North,East,Standard Delivery,Delivered,5.0,4,-0.3,0,18.86,0.0875,91.7,0,0,0,1,1,0,0,0,0,1,0,0,0,0.0127,0.0174,0.1321,0.3801,0.1897,0.0717,0.0358
ORD-2024-1148,2024-05-24,2024-05-27,Consumer,Industrial Machinery,2,2165.61,187.23,3.6,2,1519.0,WH-East,South,Express Air,Delayed,2.0,3,1.6,1,93.62,0.1233,421.94,1,0,0,0,1,0,0,0,0,0,0,1,0,0.0127,1.0,0.7963,0.2805,0.7952,0.3957,0.053
ORD-2024-2073,2024-05-12,2024-05-13,Consumer,Office Supplies,3,102.82,31.03,4.4,5,261.1,WH-South,Central,Standard Delivery,Delivered,4.0,1,-0.6,0,10.34,0.1188,59.34,0,0,0,1,1,0,0,0,1,0,0,0,0,0.0253,0.0341,0.1023,0.3529,0.0951,0.0348,0.0508
ORD-2024-1796,2024-06-26,2024-06-28,Small Business,Electronics,3,682.74,29.07,4.7,5,262.4,WH-North,East,Standard Delivery,Delivered,4.0,2,-0.3,0,9.69,0.1108,55.83,0,0,0,1,0,0,0,1,0,1,0,0,0,0.0253,0.3057,0.0936,0.3801,0.0958,0.032,0.047
ORD-2024-1823,2024-03-12,2024-03-13,Consumer,Apparel,2,157.67,192.93,4.6,2,1363.2,WH-West,East,Express Air,Delivered,5.0,1,2.6,1,96.46,0.1415,296.35,1,0,0,0,1,0,0,0,0,1,0,0,0,0.0127,0.0598,0.8217,0.371,0.7085,0.408,0.0618
ORD-2024-1133,2024-04-12,2024-04-14,Consumer,Electronics,3,800.67,52.79,4.4,5,635.7,WH-North,North,Standard Delivery,Delivered,5.0,2,-0.6,0,17.6,0.083,144.48,0,0,0,1,1,0,0,0,0,0,1,0,0,0.0253,0.3609,0.199,0.3529,0.3036,0.0663,0.0336
ORD-2024-1881,2024-06-17,2024-06-19,Corporate,Electronics,1,302.23,135.56,2.3,2,837.5,WH-South,South,Express Air,Delivered,4.0,2,0.3,1,135.56,0.1619,364.13,1,0,0,0,0,1,0,0,0,0,0,1,0,0.0,0.1275,0.5668,0.1629,0.4159,0.5774,0.0716
ORD-2024-1408,2024-06-13,2024-06-15,Small Business,Office Supplies,10,321.64,62.39,6.7,5,618.8,WH-Central,South,Standard Delivery,Delivered,4.0,2,1.7,1,6.24,0.1008,92.36,0,0,0,1,0,0,0,1,0,0,0,1,0,0.1139,0.1366,0.2417,0.5611,0.2942,0.017,0.0422
ORD-2024-1788,2024-05-02,2024-05-05,Corporate,Electronics,4,1123.1,220.49,2.6,1,1120.8,WH-North,Central,Same-Day Courier,Delivered,4.0,3,1.6,1,55.12,0.1967,431.08,0,0,1,0,0,1,0,0,1,0,0,0,0,0.038,0.5119,0.9441,0.19,0.5736,0.2289,0.0884
ORD-2024-1507,2024-05-13,2024-05-14,Home Office,Office Supplies,1,32.79,46.34,6.7,5,662.4,WH-East,North,Standard Delivery,Delivered,3.0,1,1.7,1,46.34,0.07,98.87,0,0,0,1,0,0,1,0,0,0,1,0,0,0.0,0.0013,0.1703,0.5611,0.3185,0.1908,0.0273
ORD-2024-1996,2024-05-31,2024-06-04,Small Business,Electronics,2,523.76,73.96,1.9,2,315.5,WH-North,Central,Express Air,Delivered,4.0,4,-0.1,0,36.98,0.2344,166.05,1,0,0,0,0,0,0,1,1,0,0,0,0,0.0127,0.2312,0.2931,0.1267,0.1254,0.1502,0.1066
ORD-2024-1504,2024-02-06,2024-02-09,Corporate,Healthcare Supplies,4,549.77,61.89,4.9,5,817.1,WH-North,East,Standard Delivery,Delivered,5.0,3,-0.1,0,15.47,0.0757,166.76,0,0,0,1,0,1,0,0,0,1,0,0,0,0.038,0.2434,0.2394,0.3982,0.4046,0.057,0.0301
ORD-2024-1756,2024-05-17,2024-05-21,Corporate,Office Supplies,1,40.05,103.31,3.9,2,583.2,WH-West,West,Express Air,Delivered,4.0,4,1.9,1,103.31,0.1771,149.54,1,0,0,0,0,1,0,0,0,0,0,0,1,0.0,0.0047,0.4235,0.3077,0.2744,0.4377,0.0789
ORD-2024-1347,2024-05-14,2024-05-15,Consumer,Electronics,3,668.85,47.29,6.5,5,764.0,WH-North,South,Standard Delivery,Delivered,5.0,1,1.5,1,15.76,0.0619,117.54,0,0,0,1,1,0,0,0,0,0,0,1,0,0.0253,0.2992,0.1746,0.543,0.375,0.0583,0.0234
ORD-2024-1386,2024-05-28,2024-05-31,Consumer,Office Supplies,3,121.34,38.76,7.3,5,461.8,WH-West,East,Standard Delivery,Delivered,4.0,3,2.3,1,12.92,0.0839,63.26,0,0,0,1,1,0,0,0,0,1,0,0,0,0.0253,0.0428,0.1367,0.6154,0.2068,0.046,0.034
ORD-2024-1000,2024-05-26,2024-05-29,Consumer,Apparel,3,170.82,36.71,6.0,5,349.6,WH-Central,West,Standard Delivery,Delivered,4.0,3,1.0,1,12.24,0.105,58.27,0,0,0,1,1,0,0,0,0,0,0,0,1,0.0253,0.066,0.1276,0.4977,0.1444,0.043,0.0442
ORD-2024-1360,2024-03-23,2024-03-27,Consumer,Apparel,3,242.32,147.63,1.6,2,771.3,WH-East,Central,Express Air,Delivered,5.0,4,-0.4,0,49.21,0.1914,482.06,1,0,0,0,1,0,0,0,1,0,0,0,0,0.0253,0.0994,0.6204,0.0995,0.3791,0.2032,0.0858
ORD-2024-2205,2024-06-03,2024-06-07,Home Office,Electronics,1,276.0,91.31,1.0,1,268.6,WH-West,Central,Same-Day Courier,Delivered,5.0,4,0.0,0,91.31,0.3399,268.6,0,0,1,0,0,0,1,0,1,0,0,0,0,0.0,0.1152,0.3702,0.0452,0.0993,0.3857,0.1574
ORD-2024-1475,2024-05-07,2024-05-09,Small Business,Electronics,5,1437.96,41.38,5.1,5,397.8,WH-West,North,Standard Delivery,Delivered,3.0,2,0.1,1,8.28,0.104,78.0,0,0,0,1,0,0,0,1,0,0,1,0,0,0.0506,0.6593,0.1483,0.4163,0.1712,0.0259,0.0437
ORD-2024-1875,2024-01-22,2024-01-26,Consumer,Industrial Machinery,80,2165.61,218.42,3.9,5,104.6,WH-West,West,Standard Delivery,Delivered,3.0,4,-1.1,0,2.73,2.0881,26.82,0,0,0,1,1,0,0,0,0,0,0,0,1,1.0,1.0,0.9349,0.3077,0.008,0.0018,1.0
ORD-2024-1869,2024-06-01,2024-06-02,Small Business,Apparel,1,64.59,151.9,3.2,2,937.7,WH-Central,West,Express Air,Delayed,3.0,1,1.2,1,151.9,0.162,293.03,1,0,0,0,0,0,0,1,0,0,0,0,1,0.0,0.0162,0.6394,0.2443,0.4717,0.6482,0.0717
ORD-2024-1849,2024-06-02,2024-06-03,Corporate,Office Supplies,4,139.83,196.03,6.5,2,1122.1,WH-South,North,Express Air,Delayed,2.0,1,4.5,1,49.01,0.1747,172.63,1,0,0,0,0,1,0,0,0,0,1,0,0,0.038,0.0514,0.8354,0.543,0.5743,0.2024,0.0778
ORD-2024-1695,2024-02-04,2024-02-07,Corporate,Office Supplies,1,30.19,42.87,4.3,5,665.9,WH-Central,East,Standard Delivery,Delivered,5.0,3,-0.7,0,42.87,0.0644,154.86,0,0,0,1,0,1,0,0,0,1,0,0,0,0.0,0.0001,0.1549,0.3439,0.3204,0.1758,0.0246
ORD-2024-1172,2024-04-16,2024-04-19,Corporate,Electronics,1,227.41,77.81,7.5,5,1462.6,WH-West,West,Standard Delivery,Delayed,2.0,3,2.5,1,77.81,0.0532,195.01,0,0,0,1,0,1,0,0,0,0,0,0,1,0.0,0.0925,0.3102,0.6335,0.7639,0.3272,0.0192
ORD-2024-1450,2024-02-15,2024-02-17,Home Office,Healthcare Supplies,1,122.37,27.52,5.5,5,252.2,WH-West,West,Standard Delivery,Delivered,4.0,2,0.5,1,27.52,0.1091,45.85,0,0,0,1,0,0,1,0,0,0,0,0,1,0.0,0.0433,0.0867,0.4525,0.0902,0.1092,0.0462
ORD-2024-1125,2024-03-27,2024-03-30,Consumer,Apparel,5,284.11,161.03,3.7,2,771.6,WH-South,Central,Express Air,Delivered,4.0,3,1.7,1,32.21,0.2087,208.54,1,0,0,0,1,0,0,0,1,0,0,0,0,0.0506,0.119,0.6799,0.2896,0.3793,0.1296,0.0942
ORD-2024-1716,2024-06-10,2024-06-13,Home Office,Electronics,8,1765.36,70.56,6.0,5,810.4,WH-North,North,Standard Delivery,Delivered,4.0,3,1.0,1,8.82,0.0871,135.07,0,0,0,1,0,0,1,0,0,0,1,0,0,0.0886,0.8126,0.278,0.4977,0.4009,0.0282,0.0356
ORD-2024-1530,2024-02-21,2024-02-24,Home Office,Electronics,4,1244.39,132.29,3.6,2,1133.1,WH-North,North,Express Air,Delivered,4.0,3,1.6,1,33.07,0.1168,314.75,1,0,0,0,0,0,1,0,0,0,1,0,0,0.038,0.5686,0.5522,0.2805,0.5805,0.1333,0.0499
ORD-2024-1090,2024-01-06,2024-01-09,Consumer,Electronics,2,445.09,36.37,6.8,5,464.5,WH-East,West,Standard Delivery,Delivered,5.0,3,1.8,1,18.18,0.0783,68.31,0,0,0,1,1,0,0,0,0,0,0,0,1,0.0127,0.1944,0.126,0.5701,0.2083,0.0688,0.0313
ORD-2024-2233,2024-02-08,2024-02-10,Consumer,Electronics,3,761.09,72.59,7.2,5,1306.5,WH-West,East,Standard Delivery,Delivered,4.0,2,2.2,1,24.2,0.0556,181.46,0,0,0,1,1,0,0,0,0,1,0,0,0,0.0253,0.3423,0.287,0.6063,0.677,0.0949,0.0204
ORD-2024-1181,2024-02-16,2024-02-18,Consumer,Office Supplies,5,192.54,58.81,7.2,7,416.8,WH-North,West,Ground Freight,Delivered,3.0,2,0.2,1,11.76,0.1411,57.89,0,1,0,0,1,0,0,0,0,0,0,0,1,0.0506,0.0761,0.2258,0.6063,0.1818,0.041,0.0616
ORD-2024-1737,2024-01-28,2024-01-29,Home Office,Office Supplies,8,328.79,106.92,6.8,5,1679.0,WH-South,Central,Standard Delivery,Delivered,3.0,1,1.8,1,13.36,0.0637,246.91,0,0,0,1,0,0,1,0,1,0,0,0,0,0.0886,0.1399,0.4395,0.5701,0.8843,0.0479,0.0243
ORD-2024-1414,2024-04-24,2024-04-26,Corporate,Healthcare Supplies,4,494.42,30.83,4.5,5,250.2,WH-East,North,Standard Delivery,Delivered,4.0,2,-0.5,0,7.71,0.1232,55.6,0,0,0,1,0,1,0,0,0,0,1,0,0,0.038,0.2175,0.1014,0.362,0.0891,0.0234,0.053
ORD-2024-1251,2024-03-16,2024-03-18,Consumer,Office Supplies,2,36.57,122.01,2.9,1,605.2,WH-West,West,Same-Day Courier,Delivered,3.0,2,1.9,1,61.0,0.2016,208.69,0,0,1,0,1,0,0,0,0,0,0,0,1,0.0127,0.0031,0.5066,0.2172,0.2866,0.2543,0.0908
ORD-2024-1069,2024-05-15,2024-05-18,Small Business,Electronics,1,287.68,64.34,7.4,5,1356.7,WH-East,Central,Standard Delivery,Delivered,3.0,3,2.4,1,64.34,0.0474,183.34,0,0,0,1,0,0,0,1,1,0,0,0,0,0.0,0.1207,0.2503,0.6244,0.7049,0.2688,0.0164
ORD-2024-1131,2024-02-27,2024-03-01,Consumer,Office Supplies,3,103.47,157.4,3.7,2,1008.2,WH-West,West,Express Air,Delivered,4.0,3,1.7,1,52.47,0.1561,272.49,1,0,0,0,1,0,0,0,0,0,0,0,1,0.0253,0.0344,0.6638,0.2896,0.5109,0.2174,0.0688
ORD-2024-1300,2024-05-25,2024-05-26,Consumer,Healthcare Supplies,1,107.38,62.39,8.0,7,779.7,WH-Central,West,Ground Freight,Delivered,4.0,1,1.0,1,62.39,0.08,97.46,0,1,0,0,1,0,0,0,0,0,0,0,1,0.0,0.0363,0.2417,0.6787,0.3838,0.2604,0.0321
ORD-2024-1845,2024-02-26,2024-03-01,Consumer,Apparel,5,308.56,75.61,6.0,5,1051.7,WH-East,West,Standard Delivery,Delivered,5.0,4,1.0,1,15.12,0.0719,175.28,0,0,0,1,1,0,0,0,0,0,0,0,1,0.0506,0.1305,0.3004,0.4977,0.5352,0.0555,0.0282
ORD-2024-1326,2024-05-25,2024-05-26,Corporate,Electronics,2,492.1,38.04,7.0,5,549.7,WH-South,West,Standard Delivery,Delayed,1.0,1,2.0,1,19.02,0.0692,78.53,0,0,0,1,0,1,0,0,0,0,0,0,1,0.0127,0.2164,0.1335,0.5882,0.2557,0.0724,0.0269
ORD-2024-2246,2024-04-15,2024-04-19,Consumer,Industrial Machinery,1,1473.28,37.13,4.2,5,424.5,WH-North,West,Standard Delivery,Delivered,4.0,4,-0.8,0,37.13,0.0875,101.07,0,0,0,1,1,0,0,0,0,0,0,0,1,0.0,0.6758,0.1294,0.3348,0.1861,0.1509,0.0358
ORD-2024-1890,2024-06-11,2024-06-15,Corporate,Apparel,5,314.3,102.71,3.1,2,263.5,WH-Central,South,Express Air,Delivered,5.0,4,1.1,1,20.54,0.3898,85.0,1,0,0,0,0,1,0,0,0,0,0,1,0,0.0506,0.1331,0.4208,0.2353,0.0965,0.079,0.1815
ORD-2024-1499,2024-04-09,2024-04-12,Small Business,Electronics,1,235.54,150.52,3.9,2,1032.4,WH-Central,Central,Express Air,Delayed,1.0,3,1.9,1,150.52,0.1458,264.72,1,0,0,0,0,0,0,1,1,0,0,0,0,0.0,0.0963,0.6332,0.3077,0.5244,0.6423,0.0639
ORD-2024-2008,2024-01-16,2024-01-17,Consumer,Office Supplies,1,40.76,118.96,2.7,2,853.6,WH-East,West,Express Air,Delayed,1.0,1,0.7,1,118.96,0.1394,316.15,1,0,0,0,1,0,0,0,0,0,0,0,1,0.0,0.0051,0.493,0.1991,0.4249,0.5055,0.0608
ORD-2024-1364,2024-04-06,2024-04-10,Small Business,Office Supplies,4,162.5,97.63,2.4,2,319.4,WH-East,South,Express Air,Delivered,4.0,4,0.4,1,24.41,0.3057,133.08,1,0,0,0,0,0,0,1,0,0,0,1,0,0.038,0.0621,0.3982,0.1719,0.1276,0.0958,0.1409
ORD-2024-1495,2024-04-30,2024-05-03,Consumer,Office Supplies,4,139.17,92.34,7.9,5,1796.7,WH-Central,Central,Standard Delivery,Delivered,3.0,3,2.9,1,23.08,0.0514,227.43,0,0,0,1,1,0,0,0,1,0,0,0,0,0.038,0.0511,0.3747,0.6697,0.9498,0.09,0.0184
ORD-2024-2186,2024-03-05,2024-03-07,Corporate,Office Supplies,1,34.55,99.17,10.5,7,1408.8,WH-Central,Central,Ground Freight,Delayed,2.0,2,3.5,1,99.17,0.0704,134.17,0,1,0,0,0,1,0,0,1,0,0,0,0,0.0,0.0021,0.4051,0.905,0.7339,0.4197,0.0275
ORD-2024-1338,2024-05-08,2024-05-09,Corporate,Office Supplies,1,34.42,149.42,1.0,1,790.4,WH-West,West,Same-Day Courier,Delivered,4.0,1,0.0,0,149.42,0.189,790.4,0,0,1,0,0,1,0,0,0,0,0,0,1,0.0,0.0021,0.6283,0.0452,0.3897,0.6375,0.0847
ORD-2024-1421,2024-04-10,2024-04-14,Home Office,Apparel,1,80.45,38.73,5.6,5,561.7,WH-Central,West,Standard Delivery,Delayed,1.0,4,0.6,1,38.73,0.069,100.3,0,0,0,1,0,0,1,0,0,0,0,0,1,0.0,0.0236,0.1365,0.4615,0.2624,0.1578,0.0268
ORD-2024-1164,2024-01-14,2024-01-16,Consumer,Office Supplies,2,85.56,64.91,6.3,5,996.6,WH-Central,East,Standard Delivery,Delivered,4.0,2,1.3,1,32.46,0.0651,158.19,0,0,0,1,1,0,0,0,0,1,0,0,0,0.0127,0.026,0.2529,0.5249,0.5045,0.1307,0.025
ORD-2024-1028,2024-04-20,2024-04-24,Corporate,Electronics,1,259.09,78.61,3.4,2,269.4,WH-East,North,Express Air,Delivered,4.0,4,1.4,1,78.61,0.2918,79.24,1,0,0,0,0,1,0,0,0,0,1,0,0,0.0,0.1073,0.3137,0.2624,0.0997,0.3306,0.1342
ORD-2024-1516,2024-02-20,2024-02-23,Consumer,Apparel,1,58.17,93.88,9.1,7,1319.0,WH-East,West,Ground Freight,Delayed,1.0,3,2.1,1,93.88,0.0712,144.95,0,1,0,0,1,0,0,0,0,0,0,0,1,0.0,0.0132,0.3816,0.7783,0.6839,0.3968,0.0279
ORD-2024-1193,2024-02-21,2024-02-22,Corporate,Office Supplies,2,83.27,213.95,1.0,1,969.0,WH-South,East,Same-Day Courier,Delivered,4.0,1,0.0,0,106.98,0.2208,969.0,0,0,1,0,0,1,0,0,0,1,0,0,0,0.0127,0.025,0.915,0.0452,0.4891,0.4536,0.1
ORD-2024-2052,2024-01-16,2024-01-19,Small Business,Office Supplies,2,76.74,99.34,3.1,2,499.8,WH-Central,East,Express Air,Delivered,4.0,3,1.1,1,49.67,0.1988,161.23,1,0,0,0,0,0,0,1,0,1,0,0,0,0.0127,0.0219,0.4058,0.2353,0.228,0.2052,0.0894
ORD-2024-1169,2024-04-18,2024-04-21,Corporate,Healthcare Supplies,1,107.71,67.15,8.0,7,634.1,WH-West,South,Ground Freight,Delivered,3.0,3,1.0,1,67.15,0.1059,79.26,0,1,0,0,0,1,0,0,0,0,0,1,0,0.0,0.0364,0.2628,0.6787,0.3027,0.281,0.0446
ORD-2024-1798,2024-05-24,2024-05-27,Corporate,Office Supplies,3,128.56,213.84,3.0,1,1093.4,WH-East,South,Same-Day Courier,Delivered,3.0,3,2.0,1,71.28,0.1956,364.47,0,0,1,0,0,1,0,0,0,0,0,1,0,0.0253,0.0462,0.9146,0.2262,0.5584,0.2989,0.0879
ORD-2024-1652,2024-04-09,2024-04-10,Corporate,Apparel,2,125.55,45.45,5.7,5,517.7,WH-North,West,Standard Delivery,Delayed,2.0,1,0.7,1,22.72,0.0878,90.82,0,0,0,1,0,1,0,0,0,0,0,0,1,0.0127,0.0448,0.1664,0.4706,0.2379,0.0884,0.0359
ORD-2024-1173,2024-02-23,2024-02-26,Consumer,Electronics,1,308.28,33.68,4.5,5,441.3,WH-South,North,Standard Delivery,Delivered,4.0,3,-0.5,0,33.68,0.0763,98.07,0,0,0,1,1,0,0,0,0,0,1,0,0,0.0,0.1303,0.1141,0.362,0.1954,0.1359,0.0304
ORD-2024-1518,2024-04-11,2024-04-12,Small Business,Office Supplies,1,40.68,47.15,6.2,5,879.6,WH-West,North,Standard Delivery,Delivered,5.0,1,1.2,1,47.15,0.0536,141.87,0,0,0,1,0,0,0,1,0,0,1,0,0,0.0,0.005,0.1739,0.5158,0.4394,0.1943,0.0194
ORD-2024-2036,2024-03-06,2024-03-09,Consumer,Healthcare Supplies,5,590.27,183.93,3.6,2,1216.6,WH-Central,South,Express Air,Delayed,2.0,3,1.6,1,36.79,0.1512,337.94,1,0,0,0,1,0,0,0,0,0,0,1,0,0.0506,0.2624,0.7817,0.2805,0.6269,0.1494,0.0665
ORD-2024-1879,2024-01-26,2024-01-30,Consumer,Office Supplies,1,36.49,63.18,2.9,5,1124.3,WH-East,West,Standard Delivery,Delivered,4.0,4,-2.1,0,63.18,0.0562,387.69,0,0,0,1,1,0,0,0,0,0,0,0,1,0.0,0.0031,0.2452,0.2172,0.5756,0.2638,0.0207
ORD-2024-1491,2024-03-25,2024-03-26,Corporate,Apparel,4,318.83,127.08,7.7,7,1397.9,WH-South,West,Ground Freight,Delivered,5.0,1,0.7,1,31.77,0.0909,181.55,0,1,0,0,0,1,0,0,0,0,0,0,1,0.038,0.1353,0.5291,0.6516,0.7278,0.1277,0.0374
ORD-2024-1073,2024-02-09,2024-02-11,Home Office,Electronics,8,2165.61,45.89,5.9,5,414.7,WH-South,East,Standard Delivery,Delivered,5.0,2,0.9,1,5.74,0.1107,70.29,0,0,0,1,0,0,1,0,0,1,0,0,0,0.0886,1.0,0.1683,0.4887,0.1806,0.0149,0.0469
ORD-2024-2066,2024-01-10,2024-01-11,Consumer,Electronics,2,510.22,55.61,5.7,5,1032.4,WH-Central,East,Standard Delivery,Delayed,2.0,1,0.7,1,27.8,0.0539,181.12,0,0,0,1,1,0,0,0,0,1,0,0,0,0.0127,0.2249,0.2115,0.4706,0.5244,0.1105,0.0196
ORD-2024-1587,2024-05-06,2024-05-09,Consumer,Office Supplies,5,153.24,45.35,5.9,5,583.4,WH-Central,North,Standard Delivery,Delivered,5.0,3,0.9,1,9.07,0.0777,98.88,0,0,0,1,1,0,0,0,0,0,1,0,0,0.0506,0.0577,0.1659,0.4887,0.2745,0.0293,0.031
ORD-2024-1657,2024-04-14,2024-04-15,Consumer,Office Supplies,3,116.02,147.16,8.4,7,1886.88,WH-North,North,Ground Freight,Delivered,4.0,1,1.4,1,49.05,0.078,224.63,0,1,0,0,1,0,0,0,0,0,1,0,0,0.0253,0.0403,0.6183,0.7149,1.0,0.2025,0.0312
ORD-2024-1234,2024-05-25,2024-05-28,Consumer,Office Supplies,4,125.39,174.48,4.4,2,993.6,WH-West,Central,Express Air,Delivered,4.0,3,2.4,1,43.62,0.1756,225.82,1,0,0,0,1,0,0,0,1,0,0,0,0,0.038,0.0447,0.7397,0.3529,0.5028,0.179,0.0782
ORD-2024-1214,2024-05-15,2024-05-19,Corporate,Healthcare Supplies,1,137.31,24.24,4.6,5,171.3,WH-North,North,Standard Delivery,Delivered,4.0,4,-0.4,0,24.24,0.1415,37.24,0,0,0,1,0,1,0,0,0,0,1,0,0,0.0,0.0503,0.0722,0.371,0.0451,0.095,0.0618
ORD-2024-1162,2024-01-23,2024-01-25,Corporate,Electronics,4,1081.48,41.54,7.6,5,445.5,WH-North,North,Standard Delivery,Delivered,3.0,2,2.6,1,10.38,0.0932,58.62,0,0,0,1,0,1,0,0,0,0,1,0,0,0.038,0.4924,0.149,0.6425,0.1978,0.035,0.0385
ORD-2024-1132,2024-04-02,2024-04-05,Consumer,Healthcare Supplies,2,253.62,50.55,4.4,5,772.4,WH-Central,North,Standard Delivery,Delivered,4.0,3,-0.6,0,25.28,0.0654,175.55,0,0,0,1,1,0,0,0,0,0,1,0,0,0.0127,0.1047,0.1891,0.3529,0.3797,0.0995,0.0251
ORD-2024-1874,2024-02-25,2024-02-26,Consumer,Healthcare Supplies,1,114.08,61.71,6.0,5,1036.2,WH-Central,West,Standard Delivery,Delivered,4.0,1,1.0,1,61.71,0.0596,172.7,0,0,0,1,1,0,0,0,0,0,0,0,1,0.0,0.0394,0.2386,0.4977,0.5265,0.2574,0.0223
ORD-2024-1825,2024-02-19,2024-02-21,Small Business,Apparel,2,158.66,45.75,4.7,5,588.9,WH-South,West,Standard Delivery,Delivered,4.0,2,-0.3,0,22.88,0.0777,125.3,0,0,0,1,0,0,0,1,0,0,0,0,1,0.0127,0.0603,0.1677,0.3801,0.2776,0.0891,0.031
ORD-2024-2046,2024-03-27,2024-03-31,Consumer,Electronics,1,265.29,66.88,6.1,5,1362.3,WH-North,North,Standard Delivery,Delivered,3.0,4,1.1,1,66.88,0.0491,223.33,0,0,0,1,1,0,0,0,0,0,1,0,0,0.0,0.1102,0.2616,0.5068,0.708,0.2798,0.0173
ORD-2024-1185,2024-03-02,2024-03-03,Corporate,Electronics,5,1206.96,233.07,2.8,1,1383.3,WH-East,North,Same-Day Courier,Delayed,2.0,1,1.8,1,46.61,0.1685,494.04,0,0,1,0,0,1,0,0,0,0,1,0,0,0.0506,0.5511,1.0,0.2081,0.7197,0.192,0.0748
ORD-2024-1041,2024-02-09,2024-02-12,Corporate,Electronics,1,225.39,233.07,5.0,2,1774.4,WH-North,West,Express Air,Delayed,3.0,3,3.0,1,233.07,0.1314,354.88,1,0,0,0,0,1,0,0,0,0,0,0,1,0.0,0.0915,1.0,0.4072,0.9374,1.0,0.0569
ORD-2024-1692,2024-02-02,2024-02-03,Corporate,Apparel,1,65.33,218.99,4.5,2,1728.8,WH-North,Central,Express Air,Delayed,1.0,1,2.5,1,218.99,0.1267,384.18,1,0,0,0,0,1,0,0,1,0,0,0,0,0.0,0.0166,0.9374,0.362,0.912,0.939,0.0547
ORD-2024-1108,2024-04-27,2024-04-30,Consumer,Electronics,1,257.4,84.95,8.3,7,1132.0,WH-South,West,Ground Freight,Delivered,4.0,3,1.3,1,84.95,0.075,136.39,0,1,0,0,1,0,0,0,0,0,0,0,1,0.0,0.1065,0.3419,0.7059,0.5798,0.3581,0.0297
ORD-2024-1973,2024-04-11,2024-04-14,Consumer,Electronics,8,1760.28,82.94,6.2,7,807.7,WH-South,West,Ground Freight,Delivered,4.0,3,-0.8,0,10.37,0.1027,130.27,0,1,0,0,1,0,0,0,0,0,0,0,1,0.0886,0.8102,0.333,0.5158,0.3993,0.0349,0.0431
ORD-2024-1568,2024-03-24,2024-03-25,Small Business,Industrial Machinery,3,2165.61,90.6,9.4,7,936.5,WH-South,South,Ground Freight,Delivered,5.0,1,2.4,1,30.2,0.0967,99.63,0,1,0,0,0,0,0,1,0,0,0,1,0,0.0253,1.0,0.367,0.8054,0.471,0.1209,0.0402
ORD-2024-1727,2024-04-02,2024-04-03,Home Office,Office Supplies,2,85.11,53.43,6.8,5,927.2,WH-South,South,Standard Delivery,Delivered,5.0,1,1.8,1,26.72,0.0576,136.35,0,0,0,1,0,0,1,0,0,0,0,1,0,0.0127,0.0258,0.2018,0.5701,0.4659,0.1058,0.0214
ORD-2024-2079,2024-01-15,2024-01-17,Small Business,Electronics,5,1426.43,45.05,7.7,5,505.3,WH-East,East,Standard Delivery,Delivered,4.0,2,2.7,1,9.01,0.0892,65.62,0,0,0,1,0,0,0,1,0,1,0,0,0,0.0506,0.6539,0.1646,0.6516,0.231,0.029,0.0366
ORD-2024-2226,2024-03-19,2024-03-21,Consumer,Electronics,3,688.95,50.29,5.9,5,791.2,WH-North,North,Standard Delivery,Delivered,4.0,2,0.9,1,16.76,0.0636,134.1,0,0,0,1,1,0,0,0,0,0,1,0,0,0.0253,0.3086,0.1879,0.4887,0.3902,0.0626,0.0242
ORD-2024-1483,2024-02-17,2024-02-21,Corporate,Office Supplies,3,109.81,104.21,2.2,2,487.3,WH-Central,West,Express Air,Delivered,4.0,4,0.2,1,34.74,0.2139,221.5,1,0,0,0,0,1,0,0,0,0,0,0,1,0.0253,0.0374,0.4275,0.1538,0.221,0.1405,0.0967
ORD-2024-1468,2024-03-31,2024-04-02,Consumer,Healthcare Supplies,3,317.67,81.3,7.5,7,760.4,WH-West,Central,Ground Freight,Delivered,5.0,2,0.5,1,27.1,0.1069,101.39,0,1,0,0,1,0,0,0,1,0,0,0,0,0.0253,0.1347,0.3257,0.6335,0.373,0.1074,0.0451
ORD-2024-1024,2024-04-16,2024-04-18,Corporate,Office Supplies,4,135.58,134.51,1.5,1,492.5,WH-East,West,Same-Day Courier,Delivered,4.0,2,0.5,1,33.63,0.2731,328.33,0,0,1,0,0,1,0,0,0,0,0,0,1,0.038,0.0495,0.5621,0.0905,0.2239,0.1357,0.1252
ORD-2024-2091,2024-06-15,2024-06-18,Corporate,Electronics,2,528.68,54.05,7.1,7,488.5,WH-Central,North,Ground Freight,Delivered,5.0,3,0.1,1,27.02,0.1106,68.8,0,1,0,0,0,1,0,0,0,0,1,0,0,0.0127,0.2335,0.2046,0.5973,0.2217,0.1071,0.0469
ORD-2024-1948,2024-04-19,2024-04-21,Home Office,Office Supplies,1,30.92,97.16,3.6,2,566.9,WH-North,East,Express Air,Delayed,3.0,2,1.6,1,97.16,0.1714,157.47,1,0,0,0,0,0,1,0,0,1,0,0,0,0.0,0.0004,0.3961,0.2805,0.2653,0.411,0.0762
ORD-2024-1848,2024-04-07,2024-04-09,Corporate,Apparel,8,478.53,54.88,2.2,5,577.5,WH-South,South,Standard Delivery,Delivered,4.0,2,-2.8,0,6.86,0.095,262.5,0,0,0,1,0,1,0,0,0,0,0,1,0,0.0886,0.21,0.2083,0.1538,0.2712,0.0197,0.0394
ORD-2024-2077,2024-04-29,2024-04-30,Corporate,Electronics,1,216.02,115.89,5.8,2,832.1,WH-North,East,Express Air,Returned,1.0,1,3.8,1,115.89,0.1393,143.47,1,0,0,0,0,1,0,0,0,1,0,0,0,0.0,0.0871,0.4794,0.4796,0.4129,0.4922,0.0607
ORD-2024-1366,2024-02-03,2024-02-04,Small Business,Healthcare Supplies,1,95.23,68.13,1.7,2,315.2,WH-Central,East,Express Air,Delivered,3.0,1,-0.3,0,68.13,0.2161,185.41,1,0,0,0,0,0,0,1,0,1,0,0,0,0.0,0.0306,0.2672,0.1086,0.1252,0.2852,0.0977
ORD-2024-1950,2024-05-15,2024-05-18,Corporate,Healthcare Supplies,3,310.21,43.88,6.3,5,554.4,WH-North,East,Standard Delivery,Delivered,5.0,3,1.3,1,14.63,0.0791,88.0,0,0,0,1,0,1,0,0,0,1,0,0,0,0.0253,0.1312,0.1594,0.5249,0.2584,0.0534,0.0317
ORD-2024-2120,2024-04-14,2024-04-17,Home Office,Industrial Machinery,3,2165.61,49.51,4.8,5,624.5,WH-South,West,Standard Delivery,Delivered,5.0,3,-0.2,0,16.5,0.0793,130.1,0,0,0,1,0,0,1,0,0,0,0,0,1,0.0253,1.0,0.1844,0.3891,0.2974,0.0615,0.0318
ORD-2024-1383,2024-03-17,2024-03-18,Home Office,Apparel,5,330.57,58.59,7.1,5,929.1,WH-East,North,Standard Delivery,Delivered,4.0,1,2.1,1,11.72,0.0631,130.86,0,0,0,1,0,0,1,0,0,0,1,0,0,0.0506,0.1408,0.2248,0.5973,0.4669,0.0408,0.024
ORD-2024-1717,2024-01-09,2024-01-10,Small Business,Office Supplies,1,31.65,28.65,4.4,5,215.8,WH-North,North,Standard Delivery,Delivered,4.0,1,-0.6,0,28.65,0.1328,49.05,0,0,0,1,0,0,0,1,0,0,1,0,0,0.0,0.0008,0.0917,0.3529,0.0699,0.1141,0.0576
ORD-2024-1454,2024-03-24,2024-03-26,Consumer,Office Supplies,1,37.27,156.73,3.4,2,996.3,WH-North,Central,Express Air,Delivered,5.0,2,1.4,1,156.73,0.1573,293.03,1,0,0,0,1,0,0,0,1,0,0,0,0,0.0,0.0034,0.6608,0.2624,0.5043,0.6692,0.0694
ORD-2024-1264,2024-06-27,2024-06-29,Home Office,Electronics,1,246.88,120.52,1.0,1,486.0,WH-East,North,Same-Day Courier,Delivered,5.0,2,0.0,0,120.52,0.248,486.0,0,0,1,0,0,0,1,0,0,0,1,0,0,0.0,0.1016,0.4999,0.0452,0.2203,0.5123,0.1131
ORD-2024-2249,2024-01-23,2024-01-25,Corporate,Office Supplies,1,40.42,46.67,5.0,5,866.3,WH-East,Central,Standard Delivery,Delivered,4.0,2,0.0,0,46.67,0.0539,173.26,0,0,0,1,0,1,0,0,1,0,0,0,0,0.0,0.0049,0.1718,0.4072,0.432,0.1922,0.0196
ORD-2024-1232,2024-03-29,2024-04-01,Corporate,Office Supplies,4,134.35,233.07,1.9,2,698.9,WH-North,North,Express Air,Delivered,5.0,3,-0.1,0,58.27,0.3335,367.84,1,0,0,0,0,1,0,0,0,0,1,0,0,0.038,0.0489,1.0,0.1267,0.3388,0.2425,0.1543
ORD-2024-1444,2024-06-15,2024-06-17,Home Office,Office Supplies,2,72.58,50.0,5.5,5,646.8,WH-East,West,Standard Delivery,Delivered,3.0,2,0.5,1,25.0,0.0773,117.6,0,0,0,1,0,0,1,0,0,0,0,0,1,0.0127,0.02,0.1866,0.4525,0.3098,0.0983,0.0308
ORD-2024-1395,2024-01-26,2024-01-28,Small Business,Apparel,1,78.42,69.82,7.3,5,1170.8,WH-East,Central,Standard Delivery,Delayed,2.0,2,2.3,1,69.82,0.0596,160.38,0,0,0,1,0,0,0,1,1,0,0,0,0,0.0,0.0227,0.2747,0.6154,0.6014,0.2926,0.0223
ORD-2024-1917,2024-03-15,2024-03-18,Small Business,Electronics,1,308.64,184.47,1.7,2,1588.6,WH-West,West,Express Air,Delivered,4.0,3,-0.3,0,184.47,0.1161,934.47,1,0,0,0,0,0,0,1,0,0,0,0,1,0.0,0.1305,0.7841,0.1086,0.834,0.7894,0.0495
ORD-2024-1176,2024-06-04,2024-06-07,Corporate,Electronics,4,925.74,47.47,5.4,7,314.7,WH-East,South,Ground Freight,Delivered,3.0,3,-1.6,0,11.87,0.1508,58.28,0,1,0,0,0,1,0,0,0,0,0,1,0,0.038,0.4194,0.1754,0.4434,0.125,0.0414,0.0663
ORD-2024-1018,2024-04-10,2024-04-13,Consumer,Industrial Machinery,4,2165.61,136.16,1.6,2,626.3,WH-North,West,Express Air,Delivered,4.0,3,-0.4,0,34.04,0.2174,391.44,1,0,0,0,1,0,0,0,0,0,0,0,1,0.038,1.0,0.5694,0.0995,0.2984,0.1375,0.0984
ORD-2024-2117,2024-05-31,2024-06-01,Home Office,Industrial Machinery,5,2165.61,176.58,3.5,1,749.9,WH-North,West,Same-Day Courier,Delivered,5.0,1,2.5,1,35.32,0.2355,214.26,0,0,1,0,0,0,1,0,0,0,0,0,1,0.0506,1.0,0.749,0.2715,0.3672,0.143,0.1071
ORD-2024-2237,2024-04-28,2024-05-02,Corporate,Apparel,3,166.08,83.61,1.7,2,269.4,WH-East,West,Express Air,Delivered,4.0,4,-0.3,0,27.87,0.3104,158.47,1,0,0,0,0,1,0,0,0,0,0,0,1,0.0253,0.0637,0.3359,0.1086,0.0997,0.1108,0.1432
ORD-2024-1921,2024-01-20,2024-01-23,Corporate,Electronics,4,1070.41,233.07,2.0,1,1086.8,WH-Central,East,Same-Day Courier,Delayed,1.0,3,1.0,1,58.27,0.2145,543.4,0,0,1,0,0,1,0,0,0,1,0,0,0,0.038,0.4872,1.0,0.1357,0.5547,0.2425,0.097
ORD-2024-1770,2024-01-01,2024-01-03,Consumer,Healthcare Supplies,1,96.66,60.69,2.4,2,182.4,WH-Central,South,Express Air,Delivered,5.0,2,0.4,1,60.69,0.3327,76.0,1,0,0,0,1,0,0,0,0,0,0,1,0,0.0,0.0312,0.2341,0.1719,0.0513,0.253,0.1539
ORD-2024-1595,2024-04-06,2024-04-07,Corporate,Electronics,5,1558.59,83.99,8.7,5,1367.0,WH-South,West,Standard Delivery,Delayed,1.0,1,3.7,1,16.8,0.0614,157.13,0,0,0,1,0,1,0,0,0,0,0,0,1,0.0506,0.7158,0.3376,0.7421,0.7106,0.0628,0.0232
ORD-2024-1061,2024-05-18,2024-05-21,Consumer,Apparel,4,309.1,172.16,5.0,1,1663.8,WH-East,West,Same-Day Courier,Delayed,2.0,3,4.0,1,43.04,0.1035,332.76,0,0,1,0,1,0,0,0,0,0,0,0,1,0.038,0.1307,0.7294,0.4072,0.8758,0.1765,0.0435
ORD-2024-1272,2024-04-13,2024-04-17,Home Office,Office Supplies,3,90.9,53.41,5.7,5,1103.2,WH-West,West,Standard Delivery,Delivered,4.0,4,0.7,1,17.8,0.0484,193.54,0,0,0,1,0,0,1,0,0,0,0,0,1,0.0253,0.0285,0.2018,0.4706,0.5638,0.0671,0.0169
ORD-2024-2197,2024-05-03,2024-05-04,Small Business,Electronics,5,1089.76,78.46,6.9,7,631.8,WH-West,West,Ground Freight,Delivered,4.0,1,-0.1,0,15.69,0.1242,91.57,0,1,0,0,0,0,0,1,0,0,0,0,1,0.0506,0.4962,0.3131,0.5792,0.3014,0.058,0.0535
ORD-2024-1278,2024-02-03,2024-02-04,Corporate,Apparel,2,135.71,147.92,3.5,1,603.8,WH-West,South,Same-Day Courier,Delivered,4.0,1,2.5,1,73.96,0.245,172.51,0,0,1,0,0,1,0,0,0,0,0,1,0,0.0127,0.0495,0.6217,0.2715,0.2859,0.3105,0.1117
ORD-2024-1952,2024-06-03,2024-06-04,Consumer,Office Supplies,3,126.08,44.07,6.6,7,286.0,WH-East,West,Ground Freight,Delivered,4.0,1,-0.4,0,14.69,0.1541,43.33,0,1,0,0,1,0,0,0,0,0,0,0,1,0.0253,0.045,0.1603,0.552,0.109,0.0536,0.0679
ORD-2024-1694,2024-01-28,2024-01-31,Consumer,Apparel,2,114.42,67.0,5.7,7,691.4,WH-South,South,Ground Freight,Delivered,4.0,3,-1.3,0,33.5,0.0969,121.3,0,1,0,0,1,0,0,0,0,0,0,1,0,0.0127,0.0395,0.2621,0.4706,0.3346,0.1352,0.0403
ORD-2024-1368,2024-06-07,2024-06-11,Consumer,Industrial Machinery,3,2165.61,79.45,7.7,7,821.3,WH-North,South,Ground Freight,Delivered,3.0,4,0.7,1,26.48,0.0967,106.66,0,1,0,0,1,0,0,0,0,0,0,1,0,0.0253,1.0,0.3175,0.6516,0.4069,0.1047,0.0402
ORD-2024-2007,2024-03-24,2024-03-25,Home Office,Office Supplies,1,41.13,50.19,5.8,5,958.1,WH-West,East,Standard Delivery,Delayed,1.0,1,0.8,1,50.19,0.0524,165.19,0,0,0,1,0,0,1,0,0,1,0,0,0,0.0,0.0052,0.1875,0.4796,0.4831,0.2075,0.0188
ORD-2024-1735,2024-02-17,2024-02-21,Home Office,Electronics,1,234.03,115.28,2.9,2,824.0,WH-West,North,Express Air,Delivered,5.0,4,0.9,1,115.28,0.1399,284.14,1,0,0,0,0,0,1,0,0,0,1,0,0,0.0,0.0956,0.4767,0.2172,0.4084,0.4896,0.061
ORD-2024-1926,2024-01-31,2024-02-01,Consumer,Electronics,1,288.96,137.5,6.4,7,1745.4,WH-North,East,Ground Freight,Delivered,5.0,1,-0.6,0,137.5,0.0788,272.72,0,1,0,0,1,0,0,0,0,1,0,0,0,0.0,0.1213,0.5754,0.5339,0.9213,0.5858,0.0316
ORD-2024-1974,2024-04-15,2024-04-19,Consumer,Electronics,2,616.67,72.46,7.1,5,1291.3,WH-North,West,Standard Delivery,Delivered,5.0,4,2.1,1,36.23,0.0561,181.87,0,0,0,1,1,0,0,0,0,0,0,0,1,0.0127,0.2747,0.2864,0.5973,0.6685,0.147,0.0206
ORD-2024-1809,2024-05-10,2024-05-11,Consumer,Office Supplies,2,68.69,36.9,6.6,5,481.1,WH-Central,East,Standard Delivery,Delivered,5.0,1,1.6,1,18.45,0.0767,72.89,0,0,0,1,1,0,0,0,0,1,0,0,0,0.0127,0.0181,0.1284,0.552,0.2176,0.0699,0.0306
ORD-2024-2155,2024-04-03,2024-04-07,Home Office,Industrial Machinery,2,2165.61,61.31,5.5,5,1152.4,WH-North,North,Standard Delivery,Delivered,5.0,4,0.5,1,30.66,0.0532,209.53,0,0,0,1,0,0,1,0,0,0,1,0,0,0.0127,1.0,0.2369,0.4525,0.5912,0.1229,0.0192
ORD-2024-1547,2024-03-07,2024-03-09,Corporate,Electronics,1,312.33,46.64,5.8,5,738.3,WH-North,South,Standard Delivery,Delivered,5.0,2,0.8,1,46.64,0.0632,127.29,0,0,0,1,0,1,0,0,0,0,0,1,0,0.0,0.1322,0.1717,0.4796,0.3607,0.1921,0.0241
ORD-2024-2000,2024-04-21,2024-04-25,Consumer,Electronics,2,602.26,140.24,4.2,2,948.5,WH-South,South,Express Air,Delayed,2.0,4,2.2,1,70.12,0.1479,225.83,1,0,0,0,1,0,0,0,0,0,0,1,0,0.0127,0.268,0.5876,0.3348,0.4777,0.2939,0.0649
ORD-2024-1688,2024-03-29,2024-04-02,Home Office,Office Supplies,5,215.1,63.6,5.4,5,775.2,WH-Central,West,Standard Delivery,Delivered,4.0,4,0.4,1,12.72,0.082,143.56,0,0,0,1,0,0,1,0,0,0,0,0,1,0.0506,0.0867,0.247,0.4434,0.3813,0.0451,0.0331
ORD-2024-1738,2024-02-20,2024-02-24,Consumer,Office Supplies,10,355.17,65.44,6.2,5,671.7,WH-West,East,Standard Delivery,Delivered,3.0,4,1.2,1,6.54,0.0974,108.34,0,0,0,1,1,0,0,0,0,1,0,0,0,0.1139,0.1523,0.2552,0.5158,0.3237,0.0183,0.0405
ORD-2024-2216,2024-06-23,2024-06-26,Consumer,Office Supplies,2,68.77,38.22,6.9,5,748.5,WH-Central,South,Standard Delivery,Delivered,4.0,3,1.9,1,19.11,0.0511,108.48,0,0,0,1,1,0,0,0,0,0,0,1,0,0.0127,0.0182,0.1343,0.5792,0.3664,0.0728,0.0182
ORD-2024-1456,2024-01-08,2024-01-11,Consumer,Industrial Machinery,2,2165.61,44.33,5.4,5,702.2,WH-East,West,Standard Delivery,Delivered,5.0,3,0.4,1,22.16,0.0631,130.04,0,0,0,1,1,0,0,0,0,0,0,0,1,0.0127,1.0,0.1614,0.4434,0.3406,0.086,0.024
ORD-2024-1393,2024-02-10,2024-02-14,Home Office,Industrial Machinery,2,2165.61,192.96,4.8,2,1193.1,WH-West,West,Express Air,Delivered,5.0,4,2.8,1,96.48,0.1617,248.56,1,0,0,0,0,0,1,0,0,0,0,0,1,0.0127,1.0,0.8218,0.3891,0.6139,0.4081,0.0715
ORD-2024-1675,2024-03-12,2024-03-16,Small Business,Electronics,3,740.97,41.16,6.0,5,581.9,WH-South,North,Standard Delivery,Delivered,3.0,4,1.0,1,13.72,0.0707,96.98,0,0,0,1,0,0,0,1,0,0,1,0,0,0.0253,0.3329,0.1473,0.4977,0.2737,0.0494,0.0277
ORD-2024-1760,2024-05-03,2024-05-05,Consumer,Electronics,4,956.49,116.24,6.9,7,1252.5,WH-North,North,Ground Freight,Delivered,5.0,2,-0.1,0,29.06,0.0928,181.52,0,1,0,0,1,0,0,0,0,0,1,0,0,0.038,0.4338,0.4809,0.5792,0.6469,0.1159,0.0383
ORD-2024-1728,2024-01-14,2024-01-18,Consumer,Apparel,1,70.2,54.75,3.6,5,871.6,WH-East,North,Standard Delivery,Delivered,4.0,4,-1.4,0,54.75,0.0628,242.11,0,0,0,1,1,0,0,0,0,0,1,0,0,0.0,0.0188,0.2077,0.2805,0.4349,0.2272,0.0239
ORD-2024-1419,2024-05-18,2024-05-21,Home Office,Apparel,2,160.94,52.9,3.7,5,941.3,WH-North,South,Standard Delivery,Delivered,5.0,3,-1.3,0,26.45,0.0562,254.41,0,0,0,1,0,0,1,0,0,0,0,1,0,0.0127,0.0613,0.1995,0.2896,0.4737,0.1046,0.0207
ORD-2024-1375,2024-02-26,2024-02-28,Consumer,Industrial Machinery,1,1207.56,71.37,7.4,7,691.5,WH-West,East,Ground Freight,Delivered,5.0,2,0.4,1,71.37,0.1032,93.45,0,1,0,0,1,0,0,0,0,1,0,0,0,0.0,0.5514,0.2816,0.6244,0.3347,0.2993,0.0433
ORD-2024-1412,2024-06-01,2024-06-03,Small Business,Healthcare Supplies,2,217.91,163.11,2.7,2,1188.5,WH-East,West,Express Air,Delivered,4.0,2,0.7,1,81.56,0.1372,440.19,1,0,0,0,0,0,0,1,0,0,0,0,1,0.0127,0.088,0.6892,0.1991,0.6113,0.3434,0.0597
ORD-2024-1074,2024-02-03,2024-02-06,Corporate,Healthcare Supplies,3,301.37,127.71,1.0,1,431.6,WH-North,North,Same-Day Courier,Delivered,4.0,3,0.0,0,42.57,0.2959,431.6,0,0,1,0,0,1,0,0,0,0,1,0,0,0.0253,0.1271,0.5319,0.0452,0.19,0.1745,0.1362
ORD-2024-2193,2024-04-12,2024-04-14,Corporate,Apparel,2,116.03,233.07,4.5,1,1806.5,WH-South,North,Same-Day Courier,Delayed,1.0,2,3.5,1,116.54,0.129,401.44,0,0,1,0,0,1,0,0,0,0,1,0,0,0.0127,0.0403,1.0,0.362,0.9553,0.495,0.0558
ORD-2024-1978,2024-01-19,2024-01-22,Corporate,Electronics,2,534.3,122.68,4.3,2,640.7,WH-West,East,Express Air,Delayed,1.0,3,2.3,1,61.34,0.1915,149.0,1,0,0,0,0,1,0,0,0,1,0,0,0,0.0127,0.2362,0.5095,0.3439,0.3064,0.2558,0.0859
ORD-2024-1500,2024-02-12,2024-02-14,Corporate,Office Supplies,3,120.49,160.14,4.4,2,1147.2,WH-South,West,Express Air,Delivered,4.0,2,2.4,1,53.38,0.1396,260.73,1,0,0,0,0,1,0,0,0,0,0,0,1,0.0253,0.0424,0.676,0.3529,0.5883,0.2213,0.0609
ORD-2024-1906,2024-04-08,2024-04-10,Home Office,Electronics,2,472.42,26.48,4.6,5,767.6,WH-West,Central,Standard Delivery,Delivered,4.0,2,-0.4,0,13.24,0.0345,166.87,0,0,0,1,0,0,1,0,1,0,0,0,0,0.0127,0.2072,0.0821,0.371,0.377,0.0474,0.0102
ORD-2024-1616,2024-02-08,2024-02-11,Consumer,Electronics,1,259.31,55.91,7.1,7,678.1,WH-North,West,Ground Freight,Delivered,4.0,3,0.1,1,55.91,0.0825,95.51,0,1,0,0,1,0,0,0,0,0,0,0,1,0.0,0.1074,0.2129,0.5973,0.3272,0.2323,0.0334
ORD-2024-1114,2024-05-08,2024-05-12,Corporate,Apparel,1,60.73,40.97,5.6,5,528.2,WH-North,South,Standard Delivery,Delayed,2.0,4,0.6,1,40.97,0.0776,94.32,0,0,0,1,0,1,0,0,0,0,0,1,0,0.0,0.0144,0.1465,0.4615,0.2438,0.1675,0.031
ORD-2024-1417,2024-01-10,2024-01-14,Consumer,Healthcare Supplies,2,203.56,81.09,7.5,5,1363.7,WH-North,West,Standard Delivery,Delivered,4.0,4,2.5,1,40.54,0.0595,181.83,0,0,0,1,1,0,0,0,0,0,0,0,1,0.0127,0.0813,0.3247,0.6335,0.7088,0.1657,0.0223
ORD-2024-1601,2024-02-24,2024-02-26,Consumer,Apparel,5,278.4,80.38,7.5,5,1129.0,WH-East,West,Standard Delivery,Delayed,2.0,2,2.5,1,16.08,0.0712,150.53,0,0,0,1,1,0,0,0,0,0,0,0,1,0.0506,0.1163,0.3216,0.6335,0.5782,0.0597,0.0279
ORD-2024-1604,2024-01-26,2024-01-28,Consumer,Healthcare Supplies,3,330.1,103.38,7.6,5,1886.88,WH-East,South,Standard Delivery,Delivered,4.0,2,2.6,1,34.46,0.0548,248.27,0,0,0,1,1,0,0,0,0,0,0,1,0,0.0253,0.1405,0.4238,0.6425,1.0,0.1393,0.02
ORD-2024-1943,2024-05-18,2024-05-19,Home Office,Industrial Machinery,1,1091.83,99.66,8.9,7,1297.6,WH-East,Central,Ground Freight,Delivered,4.0,1,1.9,1,99.66,0.0768,145.8,0,1,0,0,0,0,1,0,1,0,0,0,0,0.0,0.4972,0.4073,0.7602,0.672,0.4219,0.0306
ORD-2024-1089,2024-01-10,2024-01-14,Corporate,Electronics,1,307.18,46.22,4.7,5,737.5,WH-West,West,Standard Delivery,Delivered,5.0,4,-0.3,0,46.22,0.0627,156.91,0,0,0,1,0,1,0,0,0,0,0,0,1,0.0,0.1298,0.1698,0.3801,0.3603,0.1903,0.0238
ORD-2024-1932,2024-01-25,2024-01-29,Small Business,Electronics,4,999.32,86.64,5.2,5,1391.4,WH-Central,West,Standard Delivery,Delivered,3.0,4,0.2,1,21.66,0.0623,267.58,0,0,0,1,0,0,0,1,0,0,0,0,1,0.038,0.4539,0.3494,0.4253,0.7242,0.0839,0.0236
ORD-2024-2220,2024-02-22,2024-02-26,Small Business,Electronics,3,833.95,56.38,10.3,7,348.3,WH-East,South,Ground Freight,Returned,1.0,4,3.3,1,18.79,0.1619,33.82,0,1,0,0,0,0,0,1,0,0,0,1,0,0.0253,0.3765,0.215,0.8869,0.1437,0.0714,0.0716
ORD-2024-1753,2024-05-11,2024-05-12,Consumer,Electronics,1,258.01,90.42,6.2,7,767.4,WH-North,North,Ground Freight,Delivered,4.0,1,-0.8,0,90.42,0.1178,123.77,0,1,0,0,1,0,0,0,0,0,1,0,0,0.0,0.1068,0.3662,0.5158,0.3769,0.3818,0.0504
ORD-2024-1498,2024-05-03,2024-05-07,Small Business,Apparel,2,138.35,138.26,1.0,2,1037.2,WH-East,South,Express Air,Delivered,5.0,4,-1.0,0,69.13,0.1333,1037.2,1,0,0,0,0,0,0,1,0,0,0,1,0,0.0127,0.0508,0.5788,0.0452,0.5271,0.2896,0.0578
ORD-2024-2208,2024-05-07,2024-05-08,Consumer,Office Supplies,3,129.97,36.29,6.5,5,333.3,WH-North,South,Standard Delivery,Delayed,1.0,1,1.5,1,12.1,0.1089,51.28,0,0,0,1,1,0,0,0,0,0,0,1,0,0.0253,0.0468,0.1257,0.543,0.1353,0.0424,0.0461
ORD-2024-2003,2024-01-08,2024-01-12,Corporate,Apparel,1,77.29,156.99,3.6,2,985.3,WH-East,North,Express Air,Delayed,1.0,4,1.6,1,156.99,0.1593,273.69,1,0,0,0,0,1,0,0,0,0,1,0,0,0.0,0.0222,0.662,0.2805,0.4982,0.6703,0.0704
ORD-2024-2001,2024-05-23,2024-05-27,Corporate,Healthcare Supplies,2,105.45,53.41,7.3,5,1411.9,WH-South,West,Standard Delivery,Delivered,4.0,4,2.3,1,26.7,0.0378,193.41,0,0,0,1,0,1,0,0,0,0,0,0,1,0.0127,0.0353,0.2018,0.6154,0.7356,0.1057,0.0118
ORD-2024-1011,2024-05-02,2024-05-03,Small Business,Apparel,1,70.94,65.19,4.3,2,221.1,WH-West,Central,Express Air,Delayed,1.0,1,2.3,1,65.19,0.2948,51.42,1,0,0,0,0,0,0,1,1,0,0,0,0,0.0,0.0192,0.2541,0.3439,0.0729,0.2725,0.1357
ORD-2024-1396,2024-03-11,2024-03-12,Home Office,Electronics,4,1046.43,70.35,7.6,5,955.2,WH-North,East,Standard Delivery,Delivered,4.0,1,2.6,1,17.59,0.0736,125.68,0,0,0,1,0,0,1,0,0,1,0,0,0,0.038,0.476,0.277,0.6425,0.4814,0.0662,0.0291
ORD-2024-1850,2024-06-06,2024-06-08,Consumer,Healthcare Supplies,2,189.49,66.31,8.0,5,1096.0,WH-North,North,Standard Delivery,Delivered,3.0,2,3.0,1,33.16,0.0605,137.0,0,0,0,1,1,0,0,0,0,0,1,0,0,0.0127,0.0747,0.2591,0.6787,0.5598,0.1337,0.0227
ORD-2024-1555,2024-06-14,2024-06-16,Consumer,Apparel,4,236.57,135.52,2.9,2,601.3,WH-North,Central,Express Air,Delivered,5.0,2,0.9,1,33.88,0.2254,207.34,1,0,0,0,1,0,0,0,1,0,0,0,0,0.038,0.0967,0.5666,0.2172,0.2845,0.1368,0.1022
ORD-2024-1042,2024-02-01,2024-02-02,Consumer,Industrial Machinery,8,2165.61,81.05,6.5,5,1312.0,WH-East,West,Standard Delivery,Delivered,4.0,1,1.5,1,10.13,0.0618,201.85,0,0,0,1,1,0,0,0,0,0,0,0,1,0.0886,1.0,0.3246,0.543,0.68,0.0339,0.0234
ORD-2024-1167,2024-03-17,2024-03-18,Consumer,Electronics,2,620.45,62.48,5.8,5,1034.1,WH-South,West,Standard Delivery,Delivered,4.0,1,0.8,1,31.24,0.0604,178.29,0,0,0,1,1,0,0,0,0,0,0,0,1,0.0127,0.2765,0.2421,0.4796,0.5254,0.1254,0.0227
ORD-2024-1416,2024-01-18,2024-01-21,Consumer,Electronics,1,254.47,53.41,7.3,5,1553.2,WH-North,West,Standard Delivery,Delayed,2.0,3,2.3,1,53.41,0.0344,212.77,0,0,0,1,1,0,0,0,0,0,0,0,1,0.0,0.1051,0.2018,0.6154,0.8143,0.2214,0.0102
ORD-2024-1576,2024-05-18,2024-05-21,Consumer,Electronics,3,701.29,164.76,3.3,2,900.1,WH-North,Central,Express Air,Delivered,4.0,3,1.3,1,54.92,0.183,272.76,1,0,0,0,1,0,0,0,1,0,0,0,0,0.0253,0.3143,0.6965,0.2534,0.4508,0.228,0.0818
ORD-2024-1267,2024-02-06,2024-02-09,Corporate,Apparel,3,224.5,66.91,5.1,5,1020.3,WH-Central,North,Standard Delivery,Delivered,4.0,3,0.1,1,22.3,0.0656,200.06,0,0,0,1,0,1,0,0,0,0,1,0,0,0.0253,0.0911,0.2617,0.4163,0.5177,0.0866,0.0252
ORD-2024-2053,2024-06-24,2024-06-26,Home Office,Electronics,1,241.73,60.09,6.0,5,1188.9,WH-North,East,Standard Delivery,Delivered,4.0,2,1.0,1,60.09,0.0505,198.15,0,0,0,1,0,0,1,0,0,1,0,0,0,0.0,0.0992,0.2314,0.4977,0.6115,0.2504,0.0179
ORD-2024-1426,2024-04-19,2024-04-20,Consumer,Electronics,5,1454.35,151.79,1.7,1,500.3,WH-East,West,Same-Day Courier,Delivered,4.0,1,0.7,1,30.36,0.3034,294.29,0,0,1,0,1,0,0,0,0,0,0,0,1,0.0506,0.667,0.6389,0.1086,0.2283,0.1216,0.1398
ORD-2024-1690,2024-03-28,2024-03-29,Consumer,Electronics,1,300.65,86.54,7.4,5,1673.5,WH-Central,South,Standard Delivery,Delayed,2.0,1,2.4,1,86.54,0.0517,226.15,0,0,0,1,1,0,0,0,0,0,0,1,0,0.0,0.1267,0.349,0.6244,0.8812,0.365,0.0185
ORD-2024-1544,2024-01-03,2024-01-05,Corporate,Electronics,2,449.23,170.28,1.5,2,1028.5,WH-South,West,Express Air,Delivered,4.0,2,-0.5,0,85.14,0.1656,685.67,1,0,0,0,0,1,0,0,0,0,0,0,1,0.0127,0.1963,0.721,0.0905,0.5222,0.3589,0.0734
ORD-2024-2194,2024-06-08,2024-06-10,Consumer,Office Supplies,1,42.44,115.46,2.5,2,773.5,WH-West,South,Express Air,Delivered,4.0,2,0.5,1,115.46,0.1493,309.4,1,0,0,0,1,0,0,0,0,0,0,1,0,0.0,0.0058,0.4775,0.181,0.3803,0.4903,0.0655
ORD-2024-1674,2024-03-02,2024-03-03,Consumer,Apparel,1,70.71,186.56,1.0,1,954.3,WH-South,North,Same-Day Courier,Delivered,4.0,1,0.0,0,186.56,0.1955,954.3,0,0,1,0,1,0,0,0,0,0,1,0,0,0.0,0.0191,0.7934,0.0452,0.4809,0.7984,0.0878
ORD-2024-1689,2024-05-25,2024-05-26,Consumer,Electronics,15,2165.61,145.53,1.9,2,349.2,WH-North,West,Express Air,Delivered,4.0,1,-0.1,0,9.7,0.4168,183.79,1,0,0,0,1,0,0,0,0,0,0,0,1,0.1772,1.0,0.6111,0.1267,0.1442,0.032,0.1945
ORD-2024-2122,2024-04-09,2024-04-12,Home Office,Industrial Machinery,3,2165.61,64.51,5.6,5,1049.2,WH-North,North,Standard Delivery,Delivered,3.0,3,0.6,1,21.5,0.0615,187.36,0,0,0,1,0,0,1,0,0,0,1,0,0,0.0253,1.0,0.2511,0.4615,0.5338,0.0832,0.0232
ORD-2024-2248,2024-04-01,2024-04-05,Small Business,Healthcare Supplies,2,249.99,109.73,2.9,2,732.7,WH-West,South,Express Air,Delivered,5.0,4,0.9,1,54.86,0.1498,252.66,1,0,0,0,0,0,0,1,0,0,0,1,0,0.0127,0.103,0.452,0.2172,0.3576,0.2277,0.0658
ORD-2024-1159,2024-06-18,2024-06-21,Corporate,Apparel,1,69.93,51.91,7.1,5,822.8,WH-South,West,Standard Delivery,Delivered,4.0,3,2.1,1,51.91,0.0631,115.89,0,0,0,1,0,1,0,0,0,0,0,0,1,0.0,0.0187,0.1951,0.5973,0.4078,0.2149,0.024
ORD-2024-2004,2024-01-03,2024-01-04,Home Office,Apparel,1,77.71,41.2,5.4,5,535.9,WH-Central,Central,Standard Delivery,Delivered,3.0,1,0.4,1,41.2,0.0769,99.24,0,0,0,1,0,0,1,0,1,0,0,0,0,0.0,0.0224,0.1475,0.4434,0.2481,0.1685,0.0307
ORD-2024-1257,2024-05-16,2024-05-17,Corporate,Office Supplies,1,30.84,93.61,2.9,2,554.5,WH-South,Central,Express Air,Delayed,3.0,1,0.9,1,93.61,0.1688,191.21,1,0,0,0,0,1,0,0,1,0,0,0,0,0.0,0.0004,0.3804,0.2172,0.2584,0.3956,0.0749
ORD-2024-1958,2024-06-20,2024-06-21,Consumer,Electronics,1,259.31,36.92,6.0,7,286.9,WH-West,West,Ground Freight,Delivered,4.0,1,-1.0,0,36.92,0.1287,47.82,0,1,0,0,1,0,0,0,0,0,0,0,1,0.0,0.1074,0.1285,0.4977,0.1095,0.15,0.0556
ORD-2024-1335,2024-03-11,2024-03-12,Consumer,Electronics,1,309.36,109.76,1.0,1,488.3,WH-North,Central,Same-Day Courier,Delivered,4.0,1,0.0,0,109.76,0.2248,488.3,0,0,1,0,1,0,0,0,1,0,0,0,0,0.0,0.1308,0.4521,0.0452,0.2216,0.4656,0.1019
ORD-2024-1979,2024-03-28,2024-03-30,Corporate,Electronics,5,1165.13,196.24,3.3,2,1140.4,WH-North,South,Express Air,Delivered,4.0,2,1.3,1,39.25,0.1721,345.58,1,0,0,0,0,1,0,0,0,0,0,1,0,0.0506,0.5315,0.8364,0.2534,0.5845,0.1601,0.0765
ORD-2024-1015,2024-01-30,2024-01-31,Consumer,Electronics,3,934.26,86.5,7.8,5,1348.0,WH-South,Central,Standard Delivery,Delayed,2.0,1,2.8,1,28.83,0.0642,172.82,0,0,0,1,1,0,0,0,1,0,0,0,0,0.0253,0.4234,0.3488,0.6606,0.7001,0.1149,0.0245
ORD-2024-2023,2024-02-14,2024-02-18,Small Business,Industrial Machinery,2,2165.61,42.51,5.3,5,515.7,WH-West,North,Standard Delivery,Delivered,4.0,4,0.3,1,21.26,0.0824,97.3,0,0,0,1,0,0,0,1,0,0,1,0,0,0.0127,1.0,0.1533,0.4344,0.2368,0.0821,0.0333
ORD-2024-1324,2024-01-06,2024-01-09,Small Business,Electronics,3,872.93,52.95,6.7,5,913.5,WH-West,South,Standard Delivery,Delivered,3.0,3,1.7,1,17.65,0.058,136.34,0,0,0,1,0,0,0,1,0,0,0,1,0,0.0253,0.3947,0.1997,0.5611,0.4582,0.0665,0.0215
ORD-2024-1768,2024-03-05,2024-03-07,Consumer,Electronics,3,733.88,38.12,6.5,5,516.9,WH-North,East,Standard Delivery,Delayed,2.0,2,1.5,1,12.71,0.0737,79.52,0,0,0,1,1,0,0,0,0,1,0,0,0,0.0253,0.3296,0.1338,0.543,0.2375,0.0451,0.0291
ORD-2024-1607,2024-03-05,2024-03-09,Consumer,Office Supplies,5,215.71,124.94,10.0,7,1627.2,WH-East,North,Ground Freight,Delivered,4.0,4,3.0,1,24.99,0.0768,162.72,0,1,0,0,1,0,0,0,0,0,1,0,0,0.0506,0.087,0.5196,0.8597,0.8555,0.0983,0.0306
ORD-2024-2121,2024-01-10,2024-01-13,Small Business,Apparel,2,155.58,96.36,6.8,5,767.4,WH-North,North,Standard Delivery,Delayed,3.0,3,1.8,1,48.18,0.1256,112.85,0,0,0,1,0,0,0,1,0,0,1,0,0,0.0127,0.0588,0.3926,0.5701,0.3769,0.1988,0.0541
ORD-2024-2009,2024-03-18,2024-03-20,Corporate,Office Supplies,10,422.11,60.99,6.6,5,641.9,WH-Central,North,Standard Delivery,Delayed,1.0,2,1.6,1,6.1,0.095,97.26,0,0,0,1,0,1,0,0,0,0,1,0,0,0.1139,0.1836,0.2354,0.552,0.3071,0.0164,0.0394
ORD-2024-1222,2024-02-13,2024-02-14,Consumer,Apparel,1,70.72,41.41,6.1,5,707.0,WH-South,West,Standard Delivery,Delivered,4.0,1,1.1,1,41.41,0.0586,115.9,0,0,0,1,1,0,0,0,0,0,0,0,1,0.0,0.0191,0.1484,0.5068,0.3433,0.1694,0.0218
ORD-2024-1179,2024-04-24,2024-04-27,Consumer,Apparel,10,751.2,172.16,2.3,1,748.5,WH-North,East,Same-Day Courier,Delayed,3.0,3,1.3,1,17.22,0.23,325.43,0,0,1,0,1,0,0,0,0,1,0,0,0,0.1139,0.3377,0.7294,0.1629,0.3664,0.0646,0.1044
ORD-2024-2098,2024-01-13,2024-01-16,Home Office,Industrial Machinery,5,2165.61,55.23,7.5,5,812.3,WH-West,South,Standard Delivery,Delayed,1.0,3,2.5,1,11.05,0.068,108.31,0,0,0,1,0,0,1,0,0,0,0,1,0,0.0506,1.0,0.2098,0.6335,0.4019,0.0379,0.0264
ORD-2024-1099,2024-01-10,2024-01-11,Consumer,Electronics,5,1220.97,53.41,4.4,5,670.7,WH-North,North,Standard Delivery,Delivered,5.0,1,-0.6,0,10.68,0.0796,152.43,0,0,0,1,1,0,0,0,0,0,1,0,0,0.0506,0.5577,0.2018,0.3529,0.3231,0.0363,0.032
ORD-2024-1757,2024-03-27,2024-03-28,Corporate,Apparel,1,55.45,21.35,5.2,5,134.0,WH-North,North,Standard Delivery,Delivered,3.0,1,0.2,1,21.35,0.1593,25.77,0,0,0,1,0,1,0,0,0,0,1,0,0,0.0,0.0119,0.0593,0.4253,0.0244,0.0825,0.0704
ORD-2024-1521,2024-02-15,2024-02-17,Consumer,Apparel,3,199.63,155.82,2.1,2,892.1,WH-Central,South,Express Air,Delivered,3.0,2,0.1,1,51.94,0.1747,424.81,1,0,0,0,1,0,0,0,0,0,0,1,0,0.0253,0.0794,0.6568,0.1448,0.4463,0.2151,0.0778
ORD-2024-1761,2024-04-19,2024-04-23,Consumer,Electronics,1,272.83,233.07,2.0,1,1284.3,WH-East,East,Same-Day Courier,Delivered,5.0,4,1.0,1,233.07,0.1815,642.15,0,0,1,0,1,0,0,0,0,1,0,0,0,0.0,0.1137,1.0,0.1357,0.6646,1.0,0.0811
ORD-2024-1022,2024-02-23,2024-02-25,Consumer,Apparel,2,115.62,145.34,1.0,1,538.9,WH-South,South,Same-Day Courier,Delivered,4.0,2,0.0,0,72.67,0.2697,538.9,0,0,1,0,1,0,0,0,0,0,0,1,0,0.0127,0.0401,0.6102,0.0452,0.2497,0.3049,0.1236
ORD-2024-1356,2024-01-12,2024-01-13,Consumer,Electronics,25,2165.61,99.64,4.9,5,632.1,WH-Central,North,Standard Delivery,Delivered,4.0,1,-0.1,0,3.99,0.1576,129.0,0,0,0,1,1,0,0,0,0,0,1,0,0,0.3038,1.0,0.4072,0.3982,0.3016,0.0073,0.0695
ORD-2024-1733,2024-06-02,2024-06-06,Corporate,Office Supplies,3,111.84,181.75,2.2,2,1106.6,WH-East,North,Express Air,Delivered,4.0,4,0.2,1,60.58,0.1642,503.0,1,0,0,0,0,1,0,0,0,0,1,0,0,0.0253,0.0383,0.772,0.1538,0.5657,0.2525,0.0727
ORD-2024-2057,2024-05-29,2024-06-02,Consumer,Industrial Machinery,2,2165.61,43.0,3.6,5,636.4,WH-Central,East,Standard Delivery,Delivered,4.0,4,-1.4,0,21.5,0.0676,176.78,0,0,0,1,1,0,0,0,0,1,0,0,0,0.0127,1.0,0.1555,0.2805,0.304,0.0832,0.0262
ORD-2024-2191,2024-03-30,2024-04-02,Corporate,Office Supplies,1,34.74,93.26,3.2,2,566.9,WH-South,East,Express Air,Delivered,3.0,3,1.2,1,93.26,0.1645,177.16,1,0,0,0,0,1,0,0,0,1,0,0,0,0.0,0.0022,0.3788,0.2443,0.2653,0.3941,0.0729
ORD-2024-1611,2024-02-12,2024-02-15,Home Office,Industrial Machinery,1,1494.99,85.04,3.2,2,493.7,WH-East,North,Express Air,Delivered,3.0,3,1.2,1,85.04,0.1723,154.28,1,0,0,0,0,0,1,0,0,0,1,0,0,0.0,0.686,0.3423,0.2443,0.2246,0.3585,0.0766
ORD-2024-2084,2024-06-06,2024-06-07,Small Business,Electronics,1,246.9,75.32,5.7,5,1243.1,WH-East,South,Standard Delivery,Delayed,2.0,1,0.7,1,75.32,0.0606,218.09,0,0,0,1,0,0,0,1,0,0,0,1,0,0.0,0.1016,0.2991,0.4706,0.6417,0.3164,0.0228
ORD-2024-1340,2024-06-12,2024-06-13,Corporate,Industrial Machinery,3,2165.61,50.99,8.1,7,357.8,WH-West,South,Ground Freight,Delayed,1.0,1,1.1,1,17.0,0.1425,44.17,0,1,0,0,0,1,0,0,0,0,0,1,0,0.0253,1.0,0.191,0.6878,0.1489,0.0637,0.0623
ORD-2024-1431,2024-05-24,2024-05-28,Home Office,Healthcare Supplies,1,136.87,44.78,4.9,5,738.0,WH-West,West,Standard Delivery,Delivered,4.0,4,-0.1,0,44.78,0.0607,150.61,0,0,0,1,0,0,1,0,0,0,0,0,1,0.0,0.0501,0.1634,0.3982,0.3606,0.184,0.0228
ORD-2024-1939,2024-01-09,2024-01-13,Corporate,Industrial Machinery,1,1149.95,48.78,6.8,5,709.1,WH-Central,Central,Standard Delivery,Delivered,4.0,4,1.8,1,48.78,0.0688,104.28,0,0,0,1,0,1,0,0,1,0,0,0,0,0.0,0.5244,0.1812,0.5701,0.3445,0.2014,0.0267
ORD-2024-1217,2024-04-02,2024-04-06,Corporate,Office Supplies,1,40.98,147.99,3.4,2,978.5,WH-North,Central,Express Air,Delayed,1.0,4,1.4,1,147.99,0.1512,287.79,1,0,0,0,0,1,0,0,1,0,0,0,0,0.0,0.0052,0.622,0.2624,0.4944,0.6313,0.0665
ORD-2024-1203,2024-04-15,2024-04-16,Home Office,Industrial Machinery,10,2165.61,233.07,2.3,2,1419.7,WH-North,North,Express Air,Delivered,4.0,1,0.3,1,23.31,0.1642,617.26,1,0,0,0,0,0,1,0,0,0,1,0,0,0.1139,1.0,1.0,0.1629,0.74,0.091,0.0727
ORD-2024-2027,2024-03-04,2024-03-05,Home Office,Office Supplies,3,111.07,40.08,5.7,5,332.0,WH-South,West,Standard Delivery,Delivered,5.0,1,0.7,1,13.36,0.1207,58.25,0,0,0,1,0,0,1,0,0,0,0,0,1,0.0253,0.038,0.1425,0.4706,0.1346,0.0479,0.0518
ORD-2024-2151,2024-05-26,2024-05-29,Home Office,Electronics,1,253.23,96.52,3.2,2,580.3,WH-East,South,Express Air,Delivered,4.0,3,1.2,1,96.52,0.1663,181.34,1,0,0,0,0,0,1,0,0,0,0,1,0,0.0,0.1045,0.3933,0.2443,0.2728,0.4083,0.0737
ORD-2024-1093,2024-05-20,2024-05-23,Corporate,Apparel,2,112.46,48.34,6.2,5,617.1,WH-South,East,Standard Delivery,Delayed,2.0,3,1.2,1,24.17,0.0783,99.53,0,0,0,1,0,1,0,0,0,1,0,0,0,0.0127,0.0386,0.1792,0.5158,0.2933,0.0947,0.0313
ORD-2024-1901,2024-06-04,2024-06-08,Consumer,Electronics,2,436.61,152.68,3.7,2,1105.4,WH-West,North,Express Air,Delivered,3.0,4,1.7,1,76.34,0.1381,298.76,1,0,0,0,1,0,0,0,0,0,1,0,0,0.0127,0.1904,0.6428,0.2896,0.565,0.3208,0.0602
ORD-2024-1068,2024-02-07,2024-02-11,Consumer,Electronics,2,476.55,218.5,2.8,1,1250.1,WH-West,West,Same-Day Courier,Delivered,4.0,4,1.8,1,109.25,0.1748,446.46,0,0,1,0,1,0,0,0,0,0,0,0,1,0.0127,0.2091,0.9353,0.2081,0.6456,0.4634,0.0778
ORD-2024-2074,2024-03-11,2024-03-12,Small Business,Apparel,1,80.79,25.0,4.3,5,400.1,WH-East,Central,Standard Delivery,Delivered,5.0,1,-0.7,0,25.0,0.0625,93.05,0,0,0,1,0,0,0,1,1,0,0,0,0,0.0,0.0238,0.0755,0.3439,0.1725,0.0983,0.0237
ORD-2024-1284,2024-02-25,2024-02-27,Corporate,Office Supplies,5,153.84,55.43,6.0,5,741.3,WH-North,Central,Standard Delivery,Delayed,1.0,2,1.0,1,11.09,0.0748,123.55,0,0,0,1,0,1,0,0,1,0,0,0,0,0.0506,0.058,0.2107,0.4977,0.3624,0.038,0.0296
ORD-2024-1696,2024-05-04,2024-05-06,Consumer,Office Supplies,1,39.49,61.75,6.3,5,1099.1,WH-North,Central,Standard Delivery,Delivered,4.0,2,1.3,1,61.75,0.0562,174.46,0,0,0,1,1,0,0,0,1,0,0,0,0,0.0,0.0045,0.2388,0.5249,0.5615,0.2576,0.0207
ORD-2024-1085,2024-02-02,2024-02-03,Consumer,Industrial Machinery,1,1302.85,130.81,1.9,2,691.5,WH-South,East,Express Air,Delivered,4.0,1,-0.1,0,130.81,0.1892,363.95,1,0,0,0,1,0,0,0,0,1,0,0,0,0.0,0.596,0.5457,0.1267,0.3347,0.5569,0.0848
ORD-2024-1434,2024-01-02,2024-01-05,Consumer,Electronics,1,246.76,123.84,3.1,2,801.1,WH-North,West,Express Air,Delivered,3.0,3,1.1,1,123.84,0.1546,258.42,1,0,0,0,1,0,0,0,0,0,0,0,1,0.0,0.1015,0.5147,0.2353,0.3957,0.5267,0.0681
ORD-2024-2225,2024-01-20,2024-01-21,Corporate,Apparel,1,55.83,121.06,1.3,2,661.9,WH-South,Central,Express Air,Delivered,4.0,1,-0.7,0,121.06,0.1829,509.15,1,0,0,0,0,1,0,0,1,0,0,0,0,0.0,0.0121,0.5023,0.0724,0.3182,0.5146,0.0817
ORD-2024-1153,2024-04-23,2024-04-24,Corporate,Apparel,1,74.93,81.71,9.8,7,893.8,WH-South,North,Ground Freight,Delivered,4.0,1,2.8,1,81.71,0.0914,91.2,0,1,0,0,0,1,0,0,0,0,1,0,0,0.0,0.0211,0.3275,0.8416,0.4473,0.3441,0.0376
ORD-2024-1075,2024-04-05,2024-04-07,Corporate,Office Supplies,2,83.6,123.47,3.7,2,665.6,WH-North,East,Express Air,Delivered,3.0,2,1.7,1,61.74,0.1855,179.89,1,0,0,0,0,1,0,0,0,1,0,0,0,0.0127,0.0251,0.513,0.2896,0.3203,0.2575,0.083
ORD-2024-2108,2024-05-16,2024-05-20,Corporate,Office Supplies,3,96.01,71.27,6.5,5,1394.2,WH-Central,Central,Standard Delivery,Delayed,1.0,4,1.5,1,23.76,0.0511,214.49,0,0,0,1,0,1,0,0,1,0,0,0,0,0.0253,0.0309,0.2811,0.543,0.7258,0.093,0.0182
ORD-2024-1789,2024-03-04,2024-03-06,Small Business,Electronics,2,510.44,35.52,3.8,5,425.8,WH-North,North,Standard Delivery,Delivered,5.0,2,-1.2,0,17.76,0.0834,112.05,0,0,0,1,0,0,0,1,0,0,1,0,0,0.0127,0.225,0.1223,0.2986,0.1868,0.067,0.0338
ORD-2024-1580,2024-01-01,2024-01-03,Corporate,Healthcare Supplies,5,650.13,37.3,5.4,5,240.9,WH-South,West,Standard Delivery,Delivered,3.0,2,0.4,1,7.46,0.1548,44.61,0,0,0,1,0,1,0,0,0,0,0,0,1,0.0506,0.2904,0.1302,0.4434,0.0839,0.0223,0.0682
ORD-2024-1446,2024-01-14,2024-01-17,Small Business,Electronics,2,456.18,59.6,6.6,5,1082.5,WH-North,East,Standard Delivery,Delayed,2.0,3,1.6,1,29.8,0.0551,164.02,0,0,0,1,0,0,0,1,0,1,0,0,0,0.0127,0.1996,0.2293,0.552,0.5523,0.1191,0.0201
ORD-2024-1703,2024-01-15,2024-01-18,Consumer,Apparel,1,65.35,40.79,6.6,5,570.5,WH-West,Central,Standard Delivery,Delivered,5.0,3,1.6,1,40.79,0.0715,86.44,0,0,0,1,1,0,0,0,1,0,0,0,0,0.0,0.0166,0.1457,0.552,0.2673,0.1668,0.0281
ORD-2024-1188,2024-02-06,2024-02-08,Corporate,Electronics,1,273.71,174.62,1.0,1,905.7,WH-North,East,Same-Day Courier,Delivered,4.0,2,0.0,0,174.62,0.1928,905.7,0,0,1,0,0,1,0,0,0,1,0,0,0,0.0,0.1141,0.7403,0.0452,0.4539,0.7467,0.0865
ORD-2024-1271,2024-04-27,2024-04-28,Home Office,Healthcare Supplies,2,264.39,61.22,5.5,5,915.0,WH-North,South,Standard Delivery,Delivered,5.0,1,0.5,1,30.61,0.0669,166.36,0,0,0,1,0,0,1,0,0,0,0,1,0,0.0127,0.1098,0.2365,0.4525,0.4591,0.1226,0.0258
ORD-2024-1236,2024-05-01,2024-05-03,Consumer,Office Supplies,1,40.43,93.07,1.5,2,442.3,WH-North,Central,Express Air,Delivered,5.0,2,-0.5,0,93.07,0.2104,294.87,1,0,0,0,1,0,0,0,1,0,0,0,0,0.0,0.0049,0.378,0.0905,0.196,0.3933,0.095
ORD-2024-1487,2024-06-19,2024-06-21,Consumer,Electronics,4,1030.53,128.61,2.8,2,827.1,WH-West,East,Express Air,Delivered,4.0,2,0.8,1,32.15,0.1555,295.39,1,0,0,0,1,0,0,0,0,1,0,0,0,0.038,0.4685,0.5359,0.2081,0.4101,0.1293,0.0685
ORD-2024-2231,2024-01-10,2024-01-11,Consumer,Apparel,1,59.99,180.15,1.0,1,896.6,WH-North,Central,Standard Delivery,Delivered,5.0,1,0.0,0,180.15,0.2009,896.6,0,0,0,1,1,0,0,0,1,0,0,0,0,0.0,0.0141,0.7649,0.0452,0.4488,0.7707,0.0904
ORD-2024-1559,2024-03-11,2024-03-12,Corporate,Electronics,1,241.39,92.47,3.2,2,430.4,WH-West,Central,Express Air,Delayed,1.0,1,1.2,1,92.47,0.2148,134.5,1,0,0,0,0,1,0,0,1,0,0,0,0,0.0,0.099,0.3753,0.2443,0.1893,0.3907,0.0971
ORD-2024-1117,2024-05-11,2024-05-15,Consumer,Healthcare Supplies,1,130.32,46.25,4.9,5,720.4,WH-West,South,Standard Delivery,Delivered,4.0,4,-0.1,0,46.25,0.0642,147.02,0,0,0,1,1,0,0,0,0,0,0,1,0,0.0,0.047,0.1699,0.3982,0.3508,0.1904,0.0245
ORD-2024-1637,2024-05-09,2024-05-13,Consumer,Electronics,3,853.84,181.0,10.8,7,1886.88,WH-North,West,Ground Freight,Returned,1.0,4,3.8,1,60.33,0.0959,174.71,0,1,0,0,1,0,0,0,0,0,0,0,1,0.0253,0.3858,0.7686,0.9321,1.0,0.2514,0.0398
ORD-2024-2145,2024-01-01,2024-01-04,Home Office,Office Supplies,1,38.78,51.59,4.2,5,718.7,WH-North,North,Standard Delivery,Delivered,4.0,3,-0.8,0,51.59,0.0718,171.12,0,0,0,1,0,0,1,0,0,0,1,0,0,0.0,0.0041,0.1937,0.3348,0.3498,0.2136,0.0282
ORD-2024-1801,2024-05-09,2024-05-11,Consumer,Office Supplies,5,166.87,54.81,5.4,5,846.5,WH-North,Central,Standard Delivery,Delivered,5.0,2,0.4,1,10.96,0.0647,156.76,0,0,0,1,1,0,0,0,1,0,0,0,0,0.0506,0.0641,0.208,0.4434,0.4209,0.0375,0.0248
ORD-2024-1750,2024-01-21,2024-01-25,Consumer,Electronics,15,2165.61,74.11,4.3,5,669.4,WH-East,East,Standard Delivery,Delivered,4.0,4,-0.7,0,4.94,0.1107,155.67,0,0,0,1,1,0,0,0,0,1,0,0,0,0.1772,1.0,0.2937,0.3439,0.3224,0.0114,0.0469
ORD-2024-1512,2024-06-01,2024-06-04,Small Business,Electronics,25,2165.61,210.28,7.4,7,1795.2,WH-South,South,Ground Freight,Delayed,1.0,3,0.4,1,8.41,0.1171,242.59,0,1,0,0,0,0,0,1,0,0,0,1,0,0.3038,1.0,0.8987,0.6244,0.949,0.0264,0.05
ORD-2024-1633,2024-05-08,2024-05-11,Corporate,Apparel,3,190.2,53.41,5.7,5,636.5,WH-East,East,Standard Delivery,Delivered,4.0,3,0.7,1,17.8,0.0839,111.67,0,0,0,1,0,1,0,0,0,1,0,0,0,0.0253,0.075,0.2018,0.4706,0.3041,0.0671,0.034
ORD-2024-1885,2024-03-06,2024-03-09,Consumer,Apparel,3,228.07,31.72,5.1,5,318.2,WH-Central,Central,Standard Delivery,Delivered,5.0,3,0.1,1,10.57,0.0997,62.39,0,0,0,1,1,0,0,0,1,0,0,0,0,0.0253,0.0928,0.1054,0.4163,0.1269,0.0358,0.0416
ORD-2024-2081,2024-04-10,2024-04-13,Consumer,Electronics,3,790.95,192.09,1.4,1,1070.3,WH-West,West,Same-Day Courier,Delivered,4.0,3,0.4,1,64.03,0.1795,764.5,0,0,1,0,1,0,0,0,0,0,0,0,1,0.0253,0.3563,0.8179,0.0814,0.5455,0.2675,0.0801
ORD-2024-1965,2024-05-04,2024-05-07,Consumer,Office Supplies,5,203.28,62.51,6.7,7,374.6,WH-South,West,Ground Freight,Delivered,4.0,3,-0.3,0,12.5,0.1669,55.91,0,1,0,0,1,0,0,0,0,0,0,0,1,0.0506,0.0812,0.2422,0.5611,0.1583,0.0442,0.074
ORD-2024-1126,2024-02-21,2024-02-22,Home Office,Office Supplies,1,40.24,132.62,2.9,2,807.6,WH-North,North,Express Air,Delayed,3.0,1,0.9,1,132.62,0.1642,278.48,1,0,0,0,0,0,1,0,0,0,1,0,0,0.0,0.0048,0.5537,0.2172,0.3993,0.5647,0.0727
ORD-2024-1790,2024-01-31,2024-02-02,Consumer,Apparel,1,70.63,52.86,7.2,5,1018.9,WH-North,North,Standard Delivery,Delayed,1.0,2,2.2,1,52.86,0.0519,141.51,0,0,0,1,1,0,0,0,0,0,1,0,0,0.0,0.019,0.1993,0.6063,0.5169,0.2191,0.0186
ORD-2024-1829,2024-06-20,2024-06-22,Corporate,Apparel,5,316.04,113.46,2.9,2,485.1,WH-East,West,Express Air,Delivered,4.0,2,0.9,1,22.69,0.2339,167.28,1,0,0,0,0,1,0,0,0,0,0,0,1,0.0506,0.134,0.4686,0.2172,0.2198,0.0883,0.1063
ORD-2024-1116,2024-04-27,2024-05-01,Home Office,Apparel,1,57.14,44.53,4.9,5,765.7,WH-South,South,Standard Delivery,Delivered,5.0,4,-0.1,0,44.53,0.0582,156.27,0,0,0,1,0,0,1,0,0,0,0,1,0,0.0,0.0127,0.1623,0.3982,0.376,0.183,0.0216
ORD-2024-1473,2024-06-03,2024-06-04,Home Office,Electronics,1,240.98,132.29,1.5,2,564.3,WH-West,West,Express Air,Delivered,5.0,1,-0.5,0,132.29,0.2344,376.2,1,0,0,0,0,0,1,0,0,0,0,0,1,0.0,0.0988,0.5522,0.0905,0.2639,0.5633,0.1066
ORD-2024-1740,2024-06-18,2024-06-22,Corporate,Apparel,4,263.02,72.84,7.5,7,657.9,WH-South,South,Ground Freight,Delivered,3.0,4,0.5,1,18.21,0.1107,87.72,0,1,0,0,0,1,0,0,0,0,0,1,0,0.038,0.1091,0.2881,0.6335,0.316,0.0689,0.0469
ORD-2024-2110,2024-06-16,2024-06-18,Home Office,Electronics,1,269.05,115.0,1.0,1,428.1,WH-East,East,Same-Day Courier,Delivered,4.0,2,0.0,0,115.0,0.2686,428.1,0,0,1,0,0,0,1,0,0,1,0,0,0,0.0,0.112,0.4754,0.0452,0.1881,0.4883,0.123
ORD-2024-1057,2024-06-22,2024-06-23,Consumer,Apparel,25,2001.36,163.86,7.4,5,1834.9,WH-South,South,Standard Delivery,Delivered,3.0,1,2.4,1,6.55,0.0893,247.96,0,0,0,1,1,0,0,0,0,0,0,1,0,0.3038,0.9231,0.6925,0.6244,0.9711,0.0184,0.0366
ORD-2024-1603,2024-05-31,2024-06-04,Consumer,Apparel,2,144.56,122.76,1.0,2,639.9,WH-Central,South,Express Air,Delivered,4.0,4,-1.0,0,61.38,0.1918,639.9,1,0,0,0,1,0,0,0,0,0,0,1,0,0.0127,0.0537,0.5099,0.0452,0.306,0.256,0.086
ORD-2024-1786,2024-04-08,2024-04-11,Corporate,Electronics,1,276.46,70.9,9.2,5,1284.6,WH-South,South,Standard Delivery,Returned,1.0,3,4.2,1,70.9,0.0552,139.63,0,0,0,1,0,1,0,0,0,0,0,1,0,0.0,0.1154,0.2795,0.7873,0.6648,0.2972,0.0202
ORD-2024-1830,2024-01-08,2024-01-12,Consumer,Electronics,1,234.28,98.72,1.0,1,380.5,WH-Central,East,Same-Day Courier,Delivered,5.0,4,0.0,0,98.72,0.2594,380.5,0,0,1,0,1,0,0,0,0,1,0,0,0,0.0,0.0957,0.4031,0.0452,0.1616,0.4178,0.1186
ORD-2024-1119,2024-01-12,2024-01-13,Corporate,Electronics,1,219.58,33.81,3.5,5,411.9,WH-North,South,Standard Delivery,Delivered,4.0,1,-1.5,0,33.81,0.0821,117.69,0,0,0,1,0,1,0,0,0,0,0,1,0,0.0,0.0888,0.1147,0.2715,0.1791,0.1365,0.0332
ORD-2024-1656,2024-05-16,2024-05-17,Consumer,Healthcare Supplies,10,1235.5,189.39,4.2,2,1008.6,WH-Central,Central,Express Air,Delivered,4.0,1,2.2,1,18.94,0.1878,240.14,1,0,0,0,1,0,0,0,1,0,0,0,0,0.1139,0.5645,0.8059,0.3348,0.5112,0.0721,0.0841
ORD-2024-2024,2024-03-02,2024-03-04,Small Business,Healthcare Supplies,1,112.36,91.35,5.9,5,1592.5,WH-South,North,Standard Delivery,Delayed,1.0,2,0.9,1,91.35,0.0574,269.92,0,0,0,1,0,0,0,1,0,0,1,0,0,0.0,0.0386,0.3703,0.4887,0.8362,0.3859,0.0213
ORD-2024-1669,2024-04-24,2024-04-25,Consumer,Office Supplies,1,31.57,150.61,4.8,2,975.5,WH-North,South,Express Air,Delivered,5.0,1,2.8,1,150.61,0.1544,203.23,1,0,0,0,1,0,0,0,0,0,0,1,0,0.0,0.0008,0.6336,0.3891,0.4927,0.6427,0.068
ORD-2024-1105,2024-06-25,2024-06-26,Consumer,Apparel,1,79.38,72.23,4.8,5,1256.3,WH-North,East,Standard Delivery,Delivered,4.0,1,-0.2,0,72.23,0.0575,261.73,0,0,0,1,1,0,0,0,0,1,0,0,0,0.0,0.0231,0.2854,0.3891,0.649,0.303,0.0213
ORD-2024-1635,2024-05-01,2024-05-02,Consumer,Office Supplies,2,75.74,33.69,5.1,5,389.6,WH-East,East,Standard Delivery,Delivered,4.0,1,0.1,1,16.84,0.0865,76.39,0,0,0,1,1,0,0,0,0,1,0,0,0,0.0127,0.0214,0.1141,0.4163,0.1666,0.063,0.0353
ORD-2024-1369,2024-05-07,2024-05-11,Consumer,Apparel,2,116.7,57.99,6.0,5,1110.0,WH-West,South,Standard Delivery,Delayed,2.0,4,1.0,1,29.0,0.0522,185.0,0,0,0,1,1,0,0,0,0,0,0,1,0,0.0127,0.0406,0.2221,0.4977,0.5676,0.1157,0.0187
ORD-2024-1268,2024-06-26,2024-06-28,Consumer,Electronics,1,267.84,76.47,8.3,7,980.6,WH-South,East,Ground Freight,Delivered,4.0,2,1.3,1,76.47,0.078,118.14,0,1,0,0,1,0,0,0,0,1,0,0,0,0.0,0.1114,0.3042,0.7059,0.4956,0.3214,0.0312
ORD-2024-1655,2024-02-14,2024-02-18,Consumer,Electronics,2,531.2,27.54,3.1,5,224.0,WH-West,East,Standard Delivery,Delivered,4.0,4,-1.9,0,13.77,0.1229,72.26,0,0,0,1,1,0,0,0,0,1,0,0,0,0.0127,0.2347,0.0868,0.2353,0.0745,0.0497,0.0528
ORD-2024-1819,2024-02-01,2024-02-03,Consumer,Office Supplies,2,61.14,56.89,3.6,5,879.0,WH-Central,West,Standard Delivery,Delivered,5.0,2,-1.4,0,28.44,0.0647,244.17,0,0,0,1,1,0,0,0,0,0,0,0,1,0.0127,0.0146,0.2172,0.2805,0.439,0.1132,0.0248
ORD-2024-1822,2024-01-01,2024-01-04,Consumer,Electronics,8,2165.61,127.23,2.4,2,536.0,WH-North,West,Express Air,Delivered,3.0,3,0.4,1,15.9,0.2374,223.33,1,0,0,0,1,0,0,0,0,0,0,0,1,0.0886,1.0,0.5297,0.1719,0.2481,0.0589,0.108
ORD-2024-2049,2024-03-01,2024-03-03,Consumer,Office Supplies,2,61.89,146.24,1.0,1,693.9,WH-East,East,Same-Day Courier,Delivered,4.0,2,0.0,0,73.12,0.2108,693.9,0,0,1,0,1,0,0,0,0,1,0,0,0,0.0127,0.015,0.6142,0.0452,0.336,0.3069,0.0952
ORD-2024-1046,2024-02-26,2024-03-01,Consumer,Electronics,1,245.91,38.75,5.5,5,537.3,WH-East,North,Standard Delivery,Delivered,4.0,4,0.5,1,38.75,0.0721,97.69,0,0,0,1,1,0,0,0,0,0,1,0,0,0.0,0.1011,0.1366,0.4525,0.2488,0.1579,0.0283
ORD-2024-1349,2024-04-02,2024-04-04,Corporate,Apparel,2,160.94,112.11,2.2,2,741.0,WH-North,South,Express Air,Delivered,4.0,2,0.2,1,56.06,0.1513,336.82,1,0,0,0,0,1,0,0,0,0,0,1,0,0.0127,0.0613,0.4626,0.1538,0.3622,0.2329,0.0665
ORD-2024-2100,2024-06-03,2024-06-04,Consumer,Industrial Machinery,4,2165.61,55.19,6.0,5,873.6,WH-Central,North,Standard Delivery,Delivered,5.0,1,1.0,1,13.8,0.0632,145.6,0,0,0,1,1,0,0,0,0,0,1,0,0,0.038,1.0,0.2097,0.4977,0.436,0.0498,0.0241
ORD-2024-1876,2024-03-29,2024-03-31,Corporate,Industrial Machinery,1,1105.57,71.37,8.1,7,377.9,WH-South,West,Ground Freight,Delivered,4.0,2,1.1,1,71.37,0.1889,46.65,0,1,0,0,0,1,0,0,0,0,0,0,1,0.0,0.5036,0.2816,0.6878,0.1601,0.2993,0.0846
ORD-2024-1773,2024-01-15,2024-01-18,Consumer,Electronics,2,435.33,146.74,3.1,2,1088.4,WH-East,East,Express Air,Delivered,5.0,3,1.1,1,73.37,0.1348,351.1,1,0,0,0,1,0,0,0,0,1,0,0,0,0.0127,0.1898,0.6164,0.2353,0.5556,0.3079,0.0586
ORD-2024-1195,2024-02-02,2024-02-03,Consumer,Electronics,2,462.3,51.35,5.9,7,422.6,WH-North,East,Ground Freight,Delivered,4.0,1,-1.1,0,25.68,0.1215,71.63,0,1,0,0,1,0,0,0,0,1,0,0,0,0.0127,0.2024,0.1926,0.4887,0.185,0.1013,0.0521
ORD-2024-1102,2024-01-12,2024-01-16,Consumer,Office Supplies,2,66.29,111.9,3.0,2,615.2,WH-East,West,Express Air,Delayed,1.0,4,1.0,1,55.95,0.1819,205.07,1,0,0,0,1,0,0,0,0,0,0,0,1,0.0127,0.017,0.4616,0.2262,0.2922,0.2324,0.0813
ORD-2024-1004,2024-03-20,2024-03-24,Consumer,Industrial Machinery,3,2165.61,51.06,7.4,7,345.9,WH-South,North,Ground Freight,Delivered,3.0,4,0.4,1,17.02,0.1476,46.74,0,1,0,0,1,0,0,0,0,0,1,0,0,0.0253,1.0,0.1913,0.6244,0.1423,0.0637,0.0647
ORD-2024-1619,2024-01-29,2024-02-01,Corporate,Apparel,2,141.91,36.79,5.7,5,386.0,WH-North,North,Standard Delivery,Delayed,3.0,3,0.7,1,18.4,0.0953,67.72,0,0,0,1,0,1,0,0,0,0,1,0,0,0.0127,0.0524,0.1279,0.4706,0.1646,0.0697,0.0395
ORD-2024-1571,2024-03-11,2024-03-14,Home Office,Electronics,5,1402.61,58.68,4.7,5,656.2,WH-Central,East,Standard Delivery,Delivered,4.0,3,-0.3,0,11.74,0.0894,139.62,0,0,0,1,0,0,1,0,0,1,0,0,0,0.0506,0.6427,0.2252,0.3801,0.315,0.0409,0.0367
ORD-2024-1052,2024-06-11,2024-06-15,Small Business,Electronics,1,217.43,37.18,4.0,5,582.7,WH-West,West,Standard Delivery,Delivered,5.0,4,-1.0,0,37.18,0.0638,145.68,0,0,0,1,0,0,0,1,0,0,0,0,1,0.0,0.0878,0.1296,0.3167,0.2741,0.1511,0.0243
ORD-2024-1263,2024-01-20,2024-01-23,Corporate,Electronics,3,706.85,40.1,5.6,5,361.4,WH-North,South,Standard Delivery,Delayed,3.0,3,0.6,1,13.37,0.111,64.54,0,0,0,1,0,1,0,0,0,0,0,1,0,0.0253,0.3169,0.1426,0.4615,0.1509,0.0479,0.0471
ORD-2024-2161,2024-01-01,2024-01-02,Consumer,Electronics,3,723.97,41.1,5.7,5,569.5,WH-East,East,Standard Delivery,Delayed,3.0,1,0.7,1,13.7,0.0722,99.91,0,0,0,1,1,0,0,0,0,1,0,0,0,0.0253,0.325,0.1471,0.4706,0.2668,0.0494,0.0284
ORD-2024-1443,2024-06-02,2024-06-04,Consumer,Electronics,2,557.38,138.38,1.0,1,601.9,WH-West,West,Same-Day Courier,Delivered,5.0,2,0.0,0,69.19,0.2299,601.9,0,0,1,0,1,0,0,0,0,0,0,0,1,0.0127,0.247,0.5793,0.0452,0.2848,0.2898,0.1044
ORD-2024-2061,2024-01-14,2024-01-16,Small Business,Apparel,2,111.94,46.98,6.0,5,603.7,WH-Central,West,Standard Delivery,Delivered,3.0,2,1.0,1,23.49,0.0778,100.62,0,0,0,1,0,0,0,1,0,0,0,0,1,0.0127,0.0384,0.1732,0.4977,0.2858,0.0918,0.0311
ORD-2024-1782,2024-05-21,2024-05-22,Consumer,Office Supplies,4,141.26,105.41,4.6,2,496.3,WH-North,Central,Express Air,Delivered,5.0,1,2.6,1,26.35,0.2124,107.89,1,0,0,0,1,0,0,0,1,0,0,0,0,0.038,0.0521,0.4328,0.371,0.226,0.1042,0.096
ORD-2024-1837,2024-05-02,2024-05-03,Consumer,Industrial Machinery,8,2165.61,50.29,6.1,5,569.8,WH-North,West,Standard Delivery,Delayed,1.0,1,1.1,1,6.29,0.0883,93.41,0,0,0,1,1,0,0,0,0,0,0,0,1,0.0886,1.0,0.1879,0.5068,0.2669,0.0172,0.0361
ORD-2024-2159,2024-05-09,2024-05-10,Consumer,Office Supplies,3,100.83,57.67,9.2,7,405.7,WH-East,Central,Ground Freight,Delivered,5.0,1,2.2,1,19.22,0.1421,44.1,0,1,0,0,1,0,0,0,1,0,0,0,0,0.0253,0.0332,0.2207,0.7873,0.1756,0.0733,0.0621
ORD-2024-1691,2024-06-24,2024-06-26,Consumer,Office Supplies,2,77.38,59.06,7.7,5,922.2,WH-West,Central,Standard Delivery,Delivered,4.0,2,2.7,1,29.53,0.064,119.77,0,0,0,1,1,0,0,0,1,0,0,0,0,0.0127,0.0222,0.2269,0.6516,0.4631,0.118,0.0244
ORD-2024-1304,2024-02-28,2024-03-01,Corporate,Electronics,1,219.34,67.62,6.6,5,1377.9,WH-West,East,Standard Delivery,Delivered,4.0,2,1.6,1,67.62,0.0491,208.77,0,0,0,1,0,1,0,0,0,1,0,0,0,0.0,0.0887,0.2649,0.552,0.7167,0.283,0.0173
ORD-2024-1341,2024-01-21,2024-01-25,Corporate,Healthcare Supplies,10,958.31,233.07,4.0,1,974.7,WH-South,West,Same-Day Courier,Delayed,1.0,4,3.0,1,23.31,0.2391,243.68,0,0,1,0,0,1,0,0,0,0,0,0,1,0.1139,0.4347,1.0,0.3167,0.4923,0.091,0.1088
ORD-2024-1983,2024-01-28,2024-02-01,Consumer,Apparel,2,135.91,53.41,7.0,5,501.8,WH-Central,Central,Standard Delivery,Delivered,5.0,4,2.0,1,26.7,0.1064,71.69,0,0,0,1,1,0,0,0,1,0,0,0,0,0.0127,0.0496,0.2018,0.5882,0.2291,0.1057,0.0449
ORD-2024-1313,2024-02-03,2024-02-04,Small Business,Electronics,2,621.64,140.17,1.1,1,535.6,WH-South,North,Same-Day Courier,Delivered,4.0,1,0.1,1,70.08,0.2617,486.91,0,0,1,0,0,0,0,1,0,0,1,0,0,0.0127,0.277,0.5872,0.0543,0.2479,0.2937,0.1197
ORD-2024-1149,2024-05-09,2024-05-12,Consumer,Apparel,2,118.82,55.12,5.4,5,980.8,WH-West,East,Standard Delivery,Delivered,5.0,3,0.4,1,27.56,0.0562,181.63,0,0,0,1,1,0,0,0,0,1,0,0,0,0.0127,0.0416,0.2094,0.4434,0.4957,0.1094,0.0207
ORD-2024-1124,2024-04-11,2024-04-12,Consumer,Electronics,1,256.45,136.92,3.5,1,751.1,WH-North,South,Same-Day Courier,Delayed,1.0,1,2.5,1,136.92,0.1823,214.6,0,0,1,0,1,0,0,0,0,0,0,1,0,0.0,0.1061,0.5728,0.2715,0.3678,0.5833,0.0815
ORD-2024-2118,2024-06-12,2024-06-15,Consumer,Office Supplies,3,106.65,66.2,6.2,5,1146.2,WH-East,West,Standard Delivery,Delivered,4.0,3,1.2,1,22.07,0.0578,184.87,0,0,0,1,1,0,0,0,0,0,0,0,1,0.0253,0.0359,0.2586,0.5158,0.5878,0.0856,0.0214
ORD-2024-1574,2024-02-11,2024-02-13,Home Office,Industrial Machinery,2,2165.61,110.94,3.7,2,1886.88,WH-West,East,Express Air,Delayed,1.0,2,1.7,1,55.47,0.0588,509.97,1,0,0,0,0,0,1,0,0,1,0,0,0,0.0127,1.0,0.4574,0.2896,1.0,0.2304,0.0219
ORD-2024-1697,2024-05-17,2024-05-20,Corporate,Electronics,3,769.03,56.75,5.1,5,893.5,WH-West,Central,Standard Delivery,Delivered,3.0,3,0.1,1,18.92,0.0635,175.2,0,0,0,1,0,1,0,0,1,0,0,0,0,0.0253,0.3461,0.2166,0.4163,0.4471,0.072,0.0242
ORD-2024-1664,2024-02-17,2024-02-20,Consumer,Office Supplies,2,70.3,95.18,1.1,2,529.9,WH-South,North,Express Air,Delivered,4.0,3,-0.9,0,47.59,0.1796,481.73,1,0,0,0,1,0,0,0,0,0,1,0,0,0.0127,0.0189,0.3873,0.0543,0.2447,0.1962,0.0802
ORD-2024-1050,2024-04-29,2024-05-02,Small Business,Electronics,1,311.84,43.82,4.9,5,535.1,WH-South,South,Standard Delivery,Delivered,4.0,3,-0.1,0,43.82,0.0819,109.2,0,0,0,1,0,0,0,1,0,0,0,1,0,0.0,0.132,0.1592,0.3982,0.2476,0.1799,0.0331
ORD-2024-2244,2024-03-08,2024-03-10,Home Office,Office Supplies,3,93.97,65.22,9.1,7,576.5,WH-North,North,Ground Freight,Delivered,4.0,2,2.1,1,21.74,0.1131,63.35,0,1,0,0,0,0,1,0,0,0,1,0,0,0.0253,0.03,0.2542,0.7783,0.2707,0.0842,0.0481
ORD-2024-1726,2024-03-02,2024-03-05,Consumer,Electronics,1,248.38,43.35,5.7,5,522.0,WH-South,North,Standard Delivery,Delayed,1.0,3,0.7,1,43.35,0.083,91.58,0,0,0,1,1,0,0,0,0,0,1,0,0,0.0,0.1023,0.1571,0.4706,0.2403,0.1778,0.0336
ORD-2024-1799,2024-01-20,2024-01-24,Small Business,Electronics,2,452.39,68.15,6.7,5,1259.5,WH-West,West,Standard Delivery,Delivered,5.0,4,1.7,1,34.08,0.0541,187.99,0,0,0,1,0,0,0,1,0,0,0,0,1,0.0127,0.1978,0.2673,0.5611,0.6508,0.1377,0.0197
ORD-2024-1833,2024-03-09,2024-03-13,Consumer,Healthcare Supplies,1,101.1,43.75,6.9,5,694.9,WH-West,North,Standard Delivery,Delivered,4.0,4,1.9,1,43.75,0.063,100.71,0,0,0,1,1,0,0,0,0,0,1,0,0,0.0,0.0333,0.1588,0.5792,0.3366,0.1796,0.024
ORD-2024-1353,2024-01-24,2024-01-27,Consumer,Office Supplies,2,74.48,174.87,4.5,2,1075.4,WH-North,Central,Express Air,Delivered,4.0,3,2.5,1,87.44,0.1626,238.98,1,0,0,0,1,0,0,0,1,0,0,0,0,0.0127,0.0208,0.7414,0.362,0.5483,0.3689,0.072
ORD-2024-2224,2024-02-23,2024-02-27,Consumer,Office Supplies,1,31.22,62.78,6.8,5,1113.5,WH-South,South,Standard Delivery,Delivered,4.0,4,1.8,1,62.78,0.0564,163.75,0,0,0,1,1,0,0,0,0,0,0,1,0,0.0,0.0006,0.2434,0.5701,0.5696,0.262,0.0208
ORD-2024-1142,2024-03-17,2024-03-18,Corporate,Electronics,2,593.88,45.0,4.8,2,348.3,WH-West,West,Express Air,Delivered,4.0,1,2.8,1,22.5,0.1292,72.56,1,0,0,0,0,1,0,0,0,0,0,0,1,0.0127,0.2641,0.1644,0.3891,0.1437,0.0875,0.0559
ORD-2024-1470,2024-02-02,2024-02-06,Consumer,Electronics,2,435.03,119.28,4.0,2,553.9,WH-South,South,Express Air,Delivered,3.0,4,2.0,1,59.64,0.2153,138.48,1,0,0,0,1,0,0,0,0,0,0,1,0,0.0127,0.1897,0.4944,0.3167,0.2581,0.2484,0.0974
ORD-2024-1882,2024-01-23,2024-01-26,Consumer,Industrial Machinery,5,2165.61,53.39,4.4,5,682.4,WH-West,North,Standard Delivery,Delivered,4.0,3,-0.6,0,10.68,0.0782,155.09,0,0,0,1,1,0,0,0,0,0,1,0,0,0.0506,1.0,0.2017,0.3529,0.3296,0.0363,0.0313
ORD-2024-1653,2024-05-03,2024-05-04,Corporate,Electronics,5,1393.71,91.84,6.2,5,1735.2,WH-South,South,Standard Delivery,Delivered,5.0,1,1.2,1,18.37,0.0529,279.87,0,0,0,1,0,1,0,0,0,0,0,1,0,0.0506,0.6386,0.3725,0.5158,0.9156,0.0696,0.0191
ORD-2024-1399,2024-04-16,2024-04-17,Home Office,Apparel,10,652.06,71.37,6.5,7,1254.2,WH-West,North,Ground Freight,Delivered,4.0,1,-0.5,0,7.14,0.0569,192.95,0,1,0,0,0,0,1,0,0,0,1,0,0,0.1139,0.2913,0.2816,0.543,0.6479,0.0209,0.021
ORD-2024-2026,2024-02-15,2024-02-18,Home Office,Apparel,1,66.7,53.11,6.3,7,614.2,WH-North,Central,Ground Freight,Delivered,4.0,3,-0.7,0,53.11,0.0865,97.49,0,1,0,0,0,0,1,0,1,0,0,0,0,0.0,0.0172,0.2004,0.5249,0.2916,0.2201,0.0353
ORD-2024-2221,2024-06-20,2024-06-22,Consumer,Healthcare Supplies,3,286.23,128.94,2.0,2,714.4,WH-Central,West,Express Air,Delivered,4.0,2,0.0,0,42.98,0.1805,357.2,1,0,0,0,1,0,0,0,0,0,0,0,1,0.0253,0.12,0.5373,0.1357,0.3474,0.1762,0.0806
ORD-2024-1320,2024-03-22,2024-03-24,Corporate,Industrial Machinery,1,1056.13,12.5,8.3,5,734.3,WH-South,Central,Standard Delivery,Returned,1.0,2,3.3,1,12.5,0.017,88.47,0,0,0,1,0,1,0,0,1,0,0,0,0,0.0,0.4805,0.02,0.7059,0.3585,0.0442,0.0018
ORD-2024-1019,2024-04-14,2024-04-16,Consumer,Electronics,3,890.17,50.63,6.6,7,269.3,WH-North,West,Standard Delivery,Delivered,5.0,2,-0.4,0,16.88,0.188,40.8,0,0,0,1,1,0,0,0,0,0,0,0,1,0.0253,0.4028,0.1894,0.552,0.0997,0.0631,0.0842
ORD-2024-1684,2024-05-11,2024-05-12,Small Business,Industrial Machinery,2,1123.92,77.33,5.7,5,1328.5,WH-North,East,Standard Delivery,Delivered,4.0,1,0.7,1,38.66,0.0582,233.07,0,0,0,1,0,0,0,1,0,1,0,0,0,0.0127,0.5122,0.308,0.4706,0.6892,0.1575,0.0216
ORD-2024-1035,2024-05-06,2024-05-09,Home Office,Office Supplies,2,64.7,36.14,4.0,5,738.0,WH-North,West,Standard Delivery,Delivered,4.0,3,-1.0,0,18.07,0.049,184.5,0,0,0,1,0,0,1,0,0,0,0,0,1,0.0127,0.0163,0.125,0.3167,0.3606,0.0683,0.0172
ORD-2024-1824,2024-06-24,2024-06-27,Corporate,Apparel,1,73.4,28.98,3.4,5,283.3,WH-West,West,Standard Delivery,Delivered,5.0,3,-1.6,0,28.98,0.1023,83.32,0,0,0,1,0,1,0,0,0,0,0,0,1,0.0,0.0203,0.0932,0.2624,0.1075,0.1156,0.0429
ORD-2024-1902,2024-06-13,2024-06-17,Consumer,Apparel,1,73.35,46.98,4.4,5,655.3,WH-East,Central,Standard Delivery,Delivered,4.0,4,-0.6,0,46.98,0.0717,148.93,0,0,0,1,1,0,0,0,1,0,0,0,0,0.0,0.0203,0.1732,0.3529,0.3145,0.1936,0.0281
ORD-2024-1505,2024-05-13,2024-05-15,Consumer,Apparel,8,456.92,81.5,5.9,5,1340.6,WH-East,West,Standard Delivery,Delivered,4.0,2,0.9,1,10.19,0.0608,227.22,0,0,0,1,1,0,0,0,0,0,0,0,1,0.0886,0.1999,0.3266,0.4887,0.696,0.0341,0.0229
ORD-2024-1827,2024-01-15,2024-01-16,Consumer,Office Supplies,1,41.35,80.14,8.2,5,1411.8,WH-North,East,Standard Delivery,Delayed,2.0,1,3.2,1,80.14,0.0568,172.17,0,0,0,1,1,0,0,0,0,1,0,0,0,0.0,0.0053,0.3205,0.6968,0.7356,0.3373,0.021
ORD-2024-1407,2024-02-26,2024-02-29,Consumer,Office Supplies,1,43.17,42.64,7.5,5,654.1,WH-Central,North,Standard Delivery,Delayed,3.0,3,2.5,1,42.64,0.0652,87.21,0,0,0,1,1,0,0,0,0,0,1,0,0,0.0,0.0062,0.1539,0.6335,0.3139,0.1748,0.025
ORD-2024-1920,2024-01-18,2024-01-22,Home Office,Industrial Machinery,3,2165.61,34.22,4.7,5,361.0,WH-South,West,Standard Delivery,Delivered,4.0,4,-0.3,0,11.41,0.0948,76.81,0,0,0,1,0,0,1,0,0,0,0,0,1,0.0253,1.0,0.1165,0.3801,0.1507,0.0394,0.0393
ORD-2024-1817,2024-05-09,2024-05-11,Consumer,Electronics,3,860.63,122.43,2.2,2,668.2,WH-North,North,Express Air,Delivered,4.0,2,0.2,1,40.81,0.1832,303.73,1,0,0,0,1,0,0,0,0,0,1,0,0,0.0253,0.389,0.5084,0.1538,0.3217,0.1668,0.0819
ORD-2024-1866,2024-03-03,2024-03-07,Consumer,Office Supplies,8,308.29,190.92,3.1,2,845.2,WH-West,South,Express Air,Delivered,5.0,4,1.1,1,23.86,0.2259,272.65,1,0,0,0,1,0,0,0,0,0,0,1,0,0.0886,0.1303,0.8127,0.2353,0.4202,0.0934,0.1025
ORD-2024-1537,2024-05-31,2024-06-02,Consumer,Industrial Machinery,5,2165.61,58.4,6.2,7,257.3,WH-East,Central,Ground Freight,Delivered,4.0,2,-0.8,0,11.68,0.227,41.5,0,1,0,0,1,0,0,0,1,0,0,0,0,0.0506,1.0,0.2239,0.5158,0.093,0.0406,0.103
ORD-2024-1758,2024-04-14,2024-04-18,Home Office,Electronics,15,2165.61,103.52,5.0,5,1459.8,WH-East,South,Standard Delivery,Delivered,5.0,4,0.0,0,6.9,0.0709,291.96,0,0,0,1,0,0,1,0,0,0,0,1,0,0.1772,1.0,0.4244,0.4072,0.7623,0.0199,0.0278
ORD-2024-2136,2024-03-04,2024-03-06,Home Office,Office Supplies,2,74.55,54.53,4.2,5,841.1,WH-South,Central,Standard Delivery,Delivered,5.0,2,-0.8,0,27.26,0.0648,200.26,0,0,0,1,0,0,1,0,1,0,0,0,0,0.0127,0.0209,0.2067,0.3348,0.4179,0.1081,0.0248
ORD-2024-2067,2024-02-18,2024-02-22,Consumer,Office Supplies,5,199.89,53.41,5.2,5,1671.7,WH-West,West,Standard Delivery,Delivered,3.0,4,0.2,1,10.68,0.0319,321.48,0,0,0,1,1,0,0,0,0,0,0,0,1,0.0506,0.0796,0.2018,0.4253,0.8802,0.0363,0.009
ORD-2024-1038,2024-06-03,2024-06-04,Corporate,Electronics,1,221.84,80.84,2.0,2,367.3,WH-North,West,Express Air,Delivered,4.0,1,0.0,0,80.84,0.2201,183.65,1,0,0,0,0,1,0,0,0,0,0,0,1,0.0,0.0898,0.3236,0.1357,0.1542,0.3403,0.0997
ORD-2024-1175,2024-05-20,2024-05-23,Consumer,Healthcare Supplies,3,396.04,44.81,5.6,7,248.7,WH-North,South,Ground Freight,Delivered,4.0,3,-1.4,0,14.94,0.1802,44.41,0,1,0,0,1,0,0,0,0,0,0,1,0,0.0253,0.1714,0.1635,0.4615,0.0882,0.0547,0.0804
ORD-2024-1245,2024-05-05,2024-05-09,Small Business,Industrial Machinery,3,2165.61,213.37,4.6,2,1797.5,WH-South,West,Express Air,Delivered,4.0,4,2.6,1,71.12,0.1187,390.76,1,0,0,0,0,0,0,1,0,0,0,0,1,0.0253,1.0,0.9125,0.371,0.9503,0.2982,0.0508
ORD-2024-1810,2024-01-09,2024-01-12,Small Business,Electronics,3,684.97,51.13,6.2,5,622.6,WH-West,West,Standard Delivery,Delayed,3.0,3,1.2,1,17.04,0.0821,100.42,0,0,0,1,0,0,0,1,0,0,0,0,1,0.0253,0.3067,0.1916,0.5158,0.2963,0.0638,0.0332
ORD-2024-2153,2024-01-09,2024-01-10,Corporate,Office Supplies,1,37.86,54.26,4.6,5,1024.5,WH-South,North,Standard Delivery,Delivered,4.0,1,-0.4,0,54.26,0.053,222.72,0,0,0,1,0,1,0,0,0,0,1,0,0,0.0,0.0037,0.2055,0.371,0.52,0.2251,0.0191
ORD-2024-2085,2024-01-20,2024-01-21,Corporate,Office Supplies,1,42.46,52.78,5.2,5,858.8,WH-North,South,Standard Delivery,Delivered,3.0,1,0.2,1,52.78,0.0615,165.15,0,0,0,1,0,1,0,0,0,0,0,1,0,0.0,0.0059,0.199,0.4253,0.4278,0.2187,0.0232
ORD-2024-2058,2024-05-10,2024-05-12,Corporate,Electronics,50,2165.61,202.19,6.3,7,764.1,WH-North,North,Ground Freight,Delivered,4.0,2,-0.7,0,4.04,0.2646,121.29,0,1,0,0,0,1,0,0,0,0,1,0,0,0.6203,1.0,0.8628,0.5249,0.3751,0.0075,0.1211
ORD-2024-1784,2024-01-28,2024-01-31,Consumer,Industrial Machinery,3,2165.61,42.6,4.3,5,556.8,WH-East,East,Standard Delivery,Delivered,4.0,3,-0.7,0,14.2,0.0765,129.49,0,0,0,1,1,0,0,0,0,1,0,0,0,0.0253,1.0,0.1537,0.3439,0.2597,0.0515,0.0305
ORD-2024-1489,2024-02-09,2024-02-13,Home Office,Office Supplies,1,33.4,140.23,2.0,1,627.6,WH-South,Central,Same-Day Courier,Delivered,3.0,4,1.0,1,140.23,0.2234,313.8,0,0,1,0,0,0,1,0,1,0,0,0,0,0.0,0.0016,0.5875,0.1357,0.2991,0.5977,0.1013
ORD-2024-1154,2024-01-28,2024-01-31,Small Business,Industrial Machinery,8,2165.61,199.32,2.6,2,1152.4,WH-West,West,Express Air,Delivered,3.0,3,0.6,1,24.92,0.173,443.23,1,0,0,0,0,0,0,1,0,0,0,0,1,0.0886,1.0,0.85,0.19,0.5912,0.098,0.077
ORD-2024-1638,2024-03-21,2024-03-22,Consumer,Apparel,5,309.43,66.92,6.3,5,1134.8,WH-North,East,Standard Delivery,Delivered,4.0,1,1.3,1,13.38,0.059,180.13,0,0,0,1,1,0,0,0,0,1,0,0,0,0.0506,0.1309,0.2618,0.5249,0.5814,0.048,0.022
ORD-2024-1961,2024-06-28,2024-07-01,Corporate,Apparel,4,320.82,180.87,5.9,1,673.8,WH-East,North,Same-Day Courier,Delayed,2.0,3,4.9,1,45.22,0.2684,114.2,0,0,1,0,0,1,0,0,0,0,1,0,0,0.038,0.1362,0.7681,0.4887,0.3248,0.186,0.123
ORD-2024-1662,2024-06-15,2024-06-16,Corporate,Healthcare Supplies,1,123.34,43.71,6.3,7,748.5,WH-West,South,Ground Freight,Delivered,4.0,1,-0.7,0,43.71,0.0584,118.81,0,1,0,0,0,1,0,0,0,0,0,1,0,0.0,0.0437,0.1587,0.5249,0.3664,0.1794,0.0217
ORD-2024-1853,2024-06-07,2024-06-08,Home Office,Industrial Machinery,2,2092.23,87.27,8.6,7,1151.0,WH-South,East,Ground Freight,Delayed,2.0,1,1.6,1,43.64,0.0758,133.84,0,1,0,0,0,0,1,0,0,1,0,0,0,0.0127,0.9656,0.3522,0.733,0.5904,0.1791,0.0301
ORD-2024-1287,2024-05-10,2024-05-12,Corporate,Industrial Machinery,1,1314.74,37.9,6.3,5,513.9,WH-West,North,Standard Delivery,Delivered,4.0,2,1.3,1,37.9,0.0737,81.57,0,0,0,1,0,1,0,0,0,0,1,0,0,0.0,0.6016,0.1328,0.5249,0.2358,0.1542,0.0291
ORD-2024-1625,2024-02-11,2024-02-13,Consumer,Office Supplies,1,38.03,69.12,9.0,7,712.8,WH-East,East,Ground Freight,Delayed,1.0,2,2.0,1,69.12,0.097,79.2,0,1,0,0,1,0,0,0,0,1,0,0,0,0.0,0.0038,0.2716,0.7692,0.3465,0.2895,0.0403
ORD-2024-2198,2024-05-26,2024-05-27,Corporate,Electronics,8,1963.78,63.63,5.9,5,584.0,WH-West,Central,Standard Delivery,Delivered,3.0,1,0.9,1,7.95,0.109,98.98,0,0,0,1,0,1,0,0,1,0,0,0,0,0.0886,0.9055,0.2472,0.4887,0.2748,0.0244,0.0461
ORD-2024-1685,2024-02-06,2024-02-09,Corporate,Apparel,1,62.1,95.25,6.5,7,1441.7,WH-South,East,Ground Freight,Delivered,4.0,3,-0.5,0,95.25,0.0661,221.8,0,1,0,0,0,1,0,0,0,1,0,0,0,0.0,0.015,0.3877,0.543,0.7522,0.4028,0.0254
ORD-2024-2247,2024-05-04,2024-05-07,Consumer,Apparel,1,71.13,39.3,9.7,7,193.1,WH-South,South,Ground Freight,Delayed,1.0,3,2.7,1,39.3,0.2035,19.91,0,1,0,0,1,0,0,0,0,0,0,1,0,0.0,0.0193,0.1391,0.8326,0.0573,0.1603,0.0917
ORD-2024-1989,2024-05-04,2024-05-08,Home Office,Electronics,2,581.72,58.62,6.9,7,485.9,WH-East,South,Ground Freight,Delivered,4.0,4,-0.1,0,29.31,0.1206,70.42,0,1,0,0,0,0,1,0,0,0,0,1,0,0.0127,0.2584,0.2249,0.5792,0.2202,0.117,0.0517
ORD-2024-1569,2024-02-12,2024-02-15,Consumer,Office Supplies,2,76.45,184.6,1.0,1,842.3,WH-East,West,Same-Day Courier,Delivered,3.0,3,0.0,0,92.3,0.2192,842.3,0,0,1,0,1,0,0,0,0,0,0,0,1,0.0127,0.0218,0.7846,0.0452,0.4186,0.39,0.0992
ORD-2024-1734,2024-02-05,2024-02-06,Consumer,Electronics,10,2165.61,151.2,3.5,2,433.0,WH-North,South,Express Air,Delivered,4.0,1,1.5,1,15.12,0.3492,123.71,1,0,0,0,1,0,0,0,0,0,0,1,0,0.1139,1.0,0.6362,0.2715,0.1908,0.0555,0.1619
ORD-2024-1792,2024-01-10,2024-01-14,Corporate,Office Supplies,8,295.67,181.08,1.5,1,487.0,WH-North,South,Same-Day Courier,Delivered,5.0,4,0.5,1,22.64,0.3718,324.67,0,0,1,0,0,1,0,0,0,0,0,1,0,0.0886,0.1244,0.769,0.0905,0.2209,0.0881,0.1728
ORD-2024-1017,2024-01-03,2024-01-05,Corporate,Office Supplies,2,87.44,56.12,7.0,5,1046.2,WH-South,East,Standard Delivery,Delayed,1.0,2,2.0,1,28.06,0.0536,149.46,0,0,0,1,0,1,0,0,0,1,0,0,0,0.0127,0.0269,0.2138,0.5882,0.5321,0.1116,0.0194
ORD-2024-1127,2024-03-20,2024-03-24,Home Office,Office Supplies,10,376.62,71.75,6.1,5,1049.4,WH-Central,West,Standard Delivery,Delivered,3.0,4,1.1,1,7.18,0.0684,172.03,0,0,0,1,0,0,1,0,0,0,0,0,1,0.1139,0.1623,0.2832,0.5068,0.5339,0.0211,0.0266
ORD-2024-1322,2024-03-23,2024-03-25,Corporate,Apparel,1,60.34,68.34,3.6,5,1078.1,WH-East,East,Standard Delivery,Delivered,4.0,2,-1.4,0,68.34,0.0634,299.47,0,0,0,1,0,1,0,0,0,1,0,0,0,0.0,0.0142,0.2681,0.2805,0.5498,0.2861,0.0241
ORD-2024-1255,2024-05-12,2024-05-15,Corporate,Office Supplies,4,135.49,45.18,5.0,5,489.7,WH-South,South,Standard Delivery,Delivered,5.0,3,0.0,0,11.3,0.0923,97.94,0,0,0,1,0,1,0,0,0,0,0,1,0,0.038,0.0494,0.1652,0.4072,0.2224,0.039,0.0381
ORD-2024-2048,2024-02-24,2024-02-25,Home Office,Electronics,4,1203.79,52.59,6.8,7,322.6,WH-North,South,Ground Freight,Delivered,5.0,1,-0.2,0,13.15,0.163,47.44,0,1,0,0,0,0,1,0,0,0,0,1,0,0.038,0.5496,0.1981,0.5701,0.1293,0.047,0.0722
ORD-2024-1982,2024-03-17,2024-03-20,Consumer,Healthcare Supplies,1,117.83,194.35,2.7,1,1049.1,WH-West,South,Same-Day Courier,Delivered,3.0,3,1.7,1,194.35,0.1853,388.56,0,0,1,0,1,0,0,0,0,0,0,1,0,0.0,0.0411,0.828,0.1991,0.5337,0.8322,0.0829
ORD-2024-1927,2024-02-27,2024-03-01,Corporate,Industrial Machinery,2,2062.56,131.86,1.7,2,860.3,WH-Central,East,Express Air,Delivered,4.0,3,-0.3,0,65.93,0.1533,506.06,1,0,0,0,0,1,0,0,0,1,0,0,0,0.0127,0.9517,0.5503,0.1086,0.4286,0.2757,0.0675
ORD-2024-1980,2024-04-22,2024-04-25,Consumer,Apparel,4,299.53,100.08,2.9,2,290.1,WH-North,North,Standard Delivery,Delayed,2.0,3,0.9,1,25.02,0.345,100.03,0,0,0,1,1,0,0,0,0,0,1,0,0,0.038,0.1262,0.4091,0.2172,0.1113,0.0984,0.1599
ORD-2024-1190,2024-03-26,2024-03-30,Consumer,Healthcare Supplies,1,105.51,31.22,6.1,5,408.2,WH-West,East,Standard Delivery,Delayed,3.0,4,1.1,1,31.22,0.0765,66.92,0,0,0,1,1,0,0,0,0,1,0,0,0,0.0,0.0354,0.1032,0.5068,0.177,0.1253,0.0305
ORD-2024-1115,2024-02-25,2024-02-27,Home Office,Electronics,1,274.93,227.26,2.8,2,1834.3,WH-South,North,Express Air,Delivered,5.0,2,0.8,1,227.26,0.1239,655.11,1,0,0,0,0,0,1,0,0,0,1,0,0,0.0,0.1147,0.9742,0.2081,0.9707,0.9748,0.0533
ORD-2024-1992,2024-05-22,2024-05-26,Consumer,Industrial Machinery,1,1100.34,26.8,6.6,5,228.2,WH-North,Central,Standard Delivery,Delivered,3.0,4,1.6,1,26.8,0.1174,34.58,0,0,0,1,1,0,0,0,1,0,0,0,0,0.0,0.5012,0.0835,0.552,0.0768,0.1061,0.0502
ORD-2024-2245,2024-05-16,2024-05-19,Corporate,Office Supplies,1,39.92,218.88,3.6,2,1598.0,WH-Central,North,Express Air,Delayed,1.0,3,1.6,1,218.88,0.137,443.89,1,0,0,0,0,1,0,0,0,0,1,0,0,0.0,0.0047,0.937,0.2805,0.8392,0.9385,0.0596
ORD-2024-2010,2024-02-28,2024-03-01,Consumer,Apparel,5,348.11,72.19,8.4,7,592.0,WH-East,South,Ground Freight,Delivered,3.0,2,1.4,1,14.44,0.1219,70.48,0,1,0,0,1,0,0,0,0,0,0,1,0,0.0506,0.149,0.2852,0.7149,0.2793,0.0526,0.0523
ORD-2024-1606,2024-06-14,2024-06-15,Consumer,Apparel,1,72.55,66.11,8.4,7,751.1,WH-North,West,Ground Freight,Delivered,4.0,1,1.4,1,66.11,0.088,89.42,0,1,0,0,1,0,0,0,0,0,0,0,1,0.0,0.0199,0.2582,0.7149,0.3678,0.2765,0.036
ORD-2024-1180,2024-04-08,2024-04-12,Consumer,Office Supplies,1,37.88,47.24,5.4,5,705.2,WH-Central,South,Standard Delivery,Delivered,4.0,4,0.4,1,47.24,0.067,130.59,0,0,0,1,1,0,0,0,0,0,0,1,0,0.0,0.0037,0.1743,0.4434,0.3423,0.1947,0.0259
ORD-2024-1301,2024-02-14,2024-02-16,Corporate,Industrial Machinery,4,2165.61,61.59,5.1,5,776.7,WH-West,Central,Standard Delivery,Delivered,5.0,2,0.1,1,15.4,0.0793,152.29,0,0,0,1,0,1,0,0,1,0,0,0,0,0.038,1.0,0.2381,0.4163,0.3821,0.0567,0.0318
ORD-2024-1496,2024-03-14,2024-03-15,Corporate,Electronics,3,817.54,180.27,3.9,2,1099.1,WH-South,North,Express Air,Delivered,3.0,1,1.9,1,60.09,0.164,281.82,1,0,0,0,0,1,0,0,0,0,1,0,0,0.0253,0.3688,0.7654,0.3077,0.5615,0.2504,0.0726
ORD-2024-1348,2024-05-06,2024-05-10,Consumer,Electronics,15,2165.61,91.66,5.3,5,1054.3,WH-South,East,Standard Delivery,Delivered,4.0,4,0.3,1,6.11,0.0869,198.92,0,0,0,1,1,0,0,0,0,1,0,0,0,0.1772,1.0,0.3717,0.4344,0.5366,0.0165,0.0355
ORD-2024-2101,2024-02-20,2024-02-24,Small Business,Healthcare Supplies,10,942.56,117.93,1.0,2,122.3,WH-South,East,Standard Delivery,Delivered,5.0,4,-1.0,0,11.79,0.9643,122.3,0,0,0,1,0,0,0,1,0,1,0,0,0,0.1139,0.4273,0.4884,0.0452,0.0179,0.0411,0.4584
ORD-2024-1036,2024-04-13,2024-04-16,Consumer,Electronics,1,291.72,83.37,1.8,2,474.4,WH-East,West,Express Air,Delivered,5.0,3,-0.2,0,83.37,0.1757,263.56,1,0,0,0,1,0,0,0,0,0,0,0,1,0.0,0.1226,0.3349,0.1176,0.2138,0.3513,0.0783
ORD-2024-1744,2024-03-22,2024-03-23,Consumer,Apparel,1,64.23,33.84,5.4,5,414.4,WH-West,West,Standard Delivery,Delivered,5.0,1,0.4,1,33.84,0.0817,76.74,0,0,0,1,1,0,0,0,0,0,0,0,1,0.0,0.016,0.1148,0.4434,0.1804,0.1366,0.033
ORD-2024-2150,2024-04-14,2024-04-15,Corporate,Office Supplies,1,42.74,146.36,3.6,2,1084.8,WH-North,West,Express Air,Delayed,3.0,1,1.6,1,146.36,0.1349,301.33,1,0,0,0,0,1,0,0,0,0,0,0,1,0.0,0.006,0.6147,0.2805,0.5536,0.6242,0.0586
ORD-2024-2055,2024-03-01,2024-03-02,Consumer,Office Supplies,4,158.57,54.23,3.0,5,631.7,WH-East,East,Standard Delivery,Delivered,5.0,1,-2.0,0,13.56,0.0858,210.57,0,0,0,1,1,0,0,0,0,1,0,0,0,0.038,0.0602,0.2054,0.2262,0.3014,0.0488,0.0349
ORD-2024-1517,2024-06-24,2024-06-27,Home Office,Office Supplies,4,151.1,68.25,7.3,7,729.7,WH-North,South,Ground Freight,Delivered,5.0,3,0.3,1,17.06,0.0935,99.96,0,1,0,0,0,0,1,0,0,0,0,1,0,0.038,0.0567,0.2677,0.6154,0.3559,0.0639,0.0387
ORD-2024-1372,2024-05-09,2024-05-12,Consumer,Industrial Machinery,1,1466.4,49.74,5.7,5,882.0,WH-West,Central,Standard Delivery,Delivered,4.0,3,0.7,1,49.74,0.0564,154.74,0,0,0,1,1,0,0,0,1,0,0,0,0,0.0,0.6726,0.1855,0.4706,0.4407,0.2055,0.0208
ORD-2024-1045,2024-01-08,2024-01-11,Corporate,Electronics,2,590.25,132.24,3.0,2,911.9,WH-East,East,Express Air,Delivered,4.0,3,1.0,1,66.12,0.145,303.97,1,0,0,0,0,1,0,0,0,1,0,0,0,0.0127,0.2624,0.552,0.2262,0.4573,0.2765,0.0635
ORD-2024-1476,2024-03-18,2024-03-20,Consumer,Office Supplies,1,30.64,81.21,6.1,5,1403.2,WH-South,West,Standard Delivery,Delivered,4.0,2,1.1,1,81.21,0.0579,230.03,0,0,0,1,1,0,0,0,0,0,0,0,1,0.0,0.0003,0.3253,0.5068,0.7308,0.3419,0.0215
ORD-2024-1157,2024-02-02,2024-02-04,Home Office,Apparel,1,66.61,71.72,7.4,7,966.2,WH-South,Central,Ground Freight,Delivered,4.0,2,0.4,1,71.72,0.0742,130.57,0,1,0,0,0,0,1,0,1,0,0,0,0,0.0,0.0172,0.2831,0.6244,0.4876,0.3008,0.0294
ORD-2024-2113,2024-06-19,2024-06-20,Corporate,Office Supplies,3,96.85,113.29,1.7,2,692.5,WH-South,West,Express Air,Delivered,4.0,1,-0.3,0,37.76,0.1636,407.35,1,0,0,0,0,1,0,0,0,0,0,0,1,0.0253,0.0313,0.4678,0.1086,0.3352,0.1536,0.0724
ORD-2024-1171,2024-05-01,2024-05-02,Consumer,Office Supplies,3,106.68,105.07,1.9,2,476.4,WH-South,South,Express Air,Delivered,3.0,1,-0.1,0,35.02,0.2205,250.74,1,0,0,0,1,0,0,0,0,0,0,1,0,0.0253,0.0359,0.4313,0.1267,0.215,0.1417,0.0999
ORD-2024-1016,2024-01-22,2024-01-24,Consumer,Office Supplies,1,41.99,52.02,5.5,5,939.2,WH-East,North,Standard Delivery,Delivered,4.0,2,0.5,1,52.02,0.0554,170.76,0,0,0,1,1,0,0,0,0,0,1,0,0,0.0,0.0056,0.1956,0.4525,0.4725,0.2154,0.0203
ORD-2024-1511,2024-03-28,2024-04-01,Consumer,Apparel,1,78.13,105.12,3.1,1,377.9,WH-Central,South,Same-Day Courier,Delivered,4.0,4,2.1,1,105.12,0.2782,121.9,0,0,1,0,1,0,0,0,0,0,0,1,0,0.0,0.0226,0.4315,0.2353,0.1601,0.4455,0.1277
ORD-2024-1048,2024-04-07,2024-04-11,Corporate,Industrial Machinery,3,2165.61,127.45,8.2,5,1886.88,WH-North,South,Standard Delivery,Returned,1.0,4,3.2,1,42.48,0.0675,230.11,0,0,0,1,0,1,0,0,0,0,0,1,0,0.0253,1.0,0.5307,0.6968,1.0,0.1741,0.0261
ORD-2024-1191,2024-05-05,2024-05-08,Home Office,Electronics,2,473.9,87.23,1.7,2,399.5,WH-Central,East,Express Air,Delivered,4.0,3,-0.3,0,43.62,0.2183,235.0,1,0,0,0,0,0,1,0,0,1,0,0,0,0.0127,0.2079,0.352,0.1086,0.1722,0.179,0.0988
ORD-2024-1546,2024-06-07,2024-06-10,Consumer,Apparel,3,205.36,75.69,6.1,5,1251.2,WH-North,South,Standard Delivery,Delivered,4.0,3,1.1,1,25.23,0.0605,205.11,0,0,0,1,1,0,0,0,0,0,0,1,0,0.0253,0.0821,0.3008,0.5068,0.6462,0.0993,0.0227
ORD-2024-1515,2024-03-30,2024-03-31,Consumer,Office Supplies,1,31.17,56.23,7.4,7,522.5,WH-South,South,Ground Freight,Delivered,5.0,1,0.4,1,56.23,0.1076,70.61,0,1,0,0,1,0,0,0,0,0,0,1,0,0.0,0.0006,0.2143,0.6244,0.2406,0.2337,0.0455
ORD-2024-1658,2024-05-29,2024-06-01,Corporate,Office Supplies,2,84.18,163.77,1.0,1,692.1,WH-South,West,Same-Day Courier,Delivered,4.0,3,0.0,0,81.89,0.2366,692.1,0,0,1,0,0,1,0,0,0,0,0,0,1,0.0127,0.0254,0.6921,0.0452,0.335,0.3449,0.1076
ORD-2024-2045,2024-02-26,2024-02-29,Corporate,Electronics,8,1948.02,83.26,7.2,7,512.4,WH-South,North,Ground Freight,Delivered,5.0,3,0.2,1,10.41,0.1625,71.17,0,1,0,0,0,1,0,0,0,0,1,0,0,0.0886,0.8981,0.3344,0.6063,0.235,0.0351,0.0719
ORD-2024-2019,2024-03-22,2024-03-25,Consumer,Office Supplies,1,36.84,37.53,5.7,5,585.1,WH-South,North,Standard Delivery,Delivered,4.0,3,0.7,1,37.53,0.0641,102.65,0,0,0,1,1,0,0,0,0,0,1,0,0,0.0,0.0032,0.1312,0.4706,0.2755,0.1526,0.0245
ORD-2024-2069,2024-03-05,2024-03-06,Consumer,Office Supplies,3,99.23,43.46,4.9,5,432.6,WH-North,Central,Standard Delivery,Delivered,5.0,1,-0.1,0,14.49,0.1005,88.29,0,0,0,1,1,0,0,0,1,0,0,0,0,0.0253,0.0324,0.1576,0.3982,0.1906,0.0528,0.042
ORD-2024-1959,2024-02-17,2024-02-20,Corporate,Healthcare Supplies,1,103.07,58.6,7.4,7,491.3,WH-East,East,Ground Freight,Delayed,1.0,3,0.4,1,58.6,0.1193,66.39,0,1,0,0,0,1,0,0,0,1,0,0,0,0.0,0.0342,0.2248,0.6244,0.2232,0.2439,0.0511
ORD-2024-2200,2024-03-28,2024-03-30,Home Office,Electronics,5,1164.91,122.6,3.1,2,596.4,WH-South,East,Express Air,Delivered,4.0,2,1.1,1,24.52,0.2056,192.39,1,0,0,0,0,0,1,0,0,1,0,0,0,0.0506,0.5314,0.5092,0.2353,0.2817,0.0962,0.0927
ORD-2024-1283,2024-02-15,2024-02-16,Consumer,Electronics,2,507.68,42.62,8.7,7,205.7,WH-Central,West,Ground Freight,Delivered,5.0,1,1.7,1,21.31,0.2072,23.64,0,1,0,0,1,0,0,0,0,0,0,0,1,0.0127,0.2237,0.1538,0.7421,0.0643,0.0823,0.0935
ORD-2024-1797,2024-01-30,2024-01-31,Corporate,Apparel,5,384.92,213.47,2.9,1,863.1,WH-East,North,Same-Day Courier,Delayed,3.0,1,1.9,1,42.69,0.2473,297.62,0,0,1,0,0,1,0,0,0,0,1,0,0,0.0506,0.1662,0.9129,0.2172,0.4302,0.175,0.1128
ORD-2024-1225,2024-03-19,2024-03-21,Consumer,Industrial Machinery,25,2165.61,110.91,5.2,5,1164.6,WH-Central,South,Standard Delivery,Delivered,5.0,2,0.2,1,4.44,0.0952,223.96,0,0,0,1,1,0,0,0,0,0,0,1,0,0.3038,1.0,0.4572,0.4253,0.598,0.0092,0.0395
ORD-2024-1026,2024-05-02,2024-05-05,Consumer,Electronics,4,851.65,61.41,6.0,5,910.3,WH-West,North,Standard Delivery,Delivered,3.0,3,1.0,1,15.35,0.0675,151.72,0,0,0,1,1,0,0,0,0,0,1,0,0,0.038,0.3847,0.2373,0.4977,0.4565,0.0565,0.0261
ORD-2024-1437,2024-01-04,2024-01-05,Home Office,Office Supplies,1,36.76,49.06,6.8,7,414.0,WH-East,East,Ground Freight,Delivered,4.0,1,-0.2,0,49.06,0.1185,60.88,0,1,0,0,0,0,1,0,0,1,0,0,0,0.0,0.0032,0.1824,0.5701,0.1802,0.2026,0.0507
ORD-2024-1229,2024-06-24,2024-06-28,Corporate,Office Supplies,2,72.48,146.85,3.6,2,1004.3,WH-South,East,Express Air,Delivered,5.0,4,1.6,1,73.42,0.1462,278.97,1,0,0,0,0,1,0,0,0,1,0,0,0,0.0127,0.0199,0.6169,0.2805,0.5088,0.3082,0.0641
ORD-2024-1037,2024-05-26,2024-05-27,Consumer,Office Supplies,5,177.87,233.07,2.6,1,1297.6,WH-East,North,Same-Day Courier,Delivered,4.0,1,1.6,1,46.61,0.1796,499.08,0,0,1,0,1,0,0,0,0,0,1,0,0,0.0506,0.0693,1.0,0.19,0.672,0.192,0.0802
ORD-2024-1749,2024-02-08,2024-02-12,Corporate,Electronics,1,304.2,82.82,1.0,2,342.5,WH-South,East,Express Air,Delivered,4.0,4,-1.0,0,82.82,0.2418,342.5,1,0,0,0,0,1,0,0,0,1,0,0,0,0.0,0.1284,0.3324,0.0452,0.1404,0.3489,0.1101
ORD-2024-1469,2024-05-20,2024-05-21,Small Business,Electronics,2,593.18,61.57,7.4,5,871.4,WH-South,East,Standard Delivery,Delivered,4.0,1,2.4,1,30.78,0.0707,117.76,0,0,0,1,0,0,0,1,0,1,0,0,0,0.0127,0.2637,0.238,0.6244,0.4348,0.1234,0.0277
ORD-2024-2090,2024-02-10,2024-02-11,Small Business,Apparel,1,78.88,47.64,5.9,5,784.4,WH-Central,Central,Standard Delivery,Delayed,2.0,1,0.9,1,47.64,0.0607,132.95,0,0,0,1,0,0,0,1,1,0,0,0,0,0.0,0.0229,0.1761,0.4887,0.3864,0.1964,0.0228
ORD-2024-1687,2024-03-17,2024-03-21,Consumer,Apparel,1,75.14,138.66,3.5,1,766.0,WH-West,South,Same-Day Courier,Delivered,4.0,4,2.5,1,138.66,0.181,218.86,0,0,1,0,1,0,0,0,0,0,0,1,0,0.0,0.0212,0.5805,0.2715,0.3761,0.5909,0.0808
ORD-2024-1639,2024-06-06,2024-06-07,Consumer,Healthcare Supplies,1,97.43,59.18,5.7,5,907.1,WH-North,North,Standard Delivery,Delivered,4.0,1,0.7,1,59.18,0.0652,159.14,0,0,0,1,1,0,0,0,0,0,1,0,0,0.0,0.0316,0.2274,0.4706,0.4547,0.2464,0.025
ORD-2024-2065,2024-03-07,2024-03-10,Corporate,Electronics,1,236.21,53.07,6.7,7,405.8,WH-Central,West,Ground Freight,Delivered,3.0,3,-0.3,0,53.07,0.1308,60.57,0,1,0,0,0,1,0,0,0,0,0,0,1,0.0,0.0966,0.2002,0.5611,0.1757,0.22,0.0566
ORD-2024-2156,2024-06-26,2024-06-30,Consumer,Office Supplies,8,268.75,133.41,1.0,2,587.7,WH-Central,South,Express Air,Delivered,4.0,4,-1.0,0,16.68,0.227,587.7,1,0,0,0,1,0,0,0,0,0,0,1,0,0.0886,0.1118,0.5572,0.0452,0.2769,0.0623,0.103
ORD-2024-1800,2024-02-17,2024-02-20,Corporate,Office Supplies,2,73.17,44.01,6.8,5,703.9,WH-Central,South,Standard Delivery,Delayed,2.0,3,1.8,1,22.0,0.0625,103.51,0,0,0,1,0,1,0,0,0,0,0,1,0,0.0127,0.0202,0.16,0.5701,0.3416,0.0853,0.0237
ORD-2024-1160,2024-05-19,2024-05-23,Consumer,Electronics,50,2165.61,233.07,2.7,2,1825.7,WH-North,East,Express Air,Delivered,3.0,4,0.7,1,4.66,0.1277,676.19,1,0,0,0,1,0,0,0,0,1,0,0,0,0.6203,1.0,1.0,0.1991,0.9659,0.0102,0.0551
ORD-2024-1956,2024-02-16,2024-02-17,Corporate,Electronics,5,1462.66,53.03,6.9,5,616.0,WH-West,East,Standard Delivery,Delayed,2.0,1,1.9,1,10.61,0.0861,89.28,0,0,0,1,0,1,0,0,0,1,0,0,0,0.0506,0.6708,0.2001,0.5792,0.2927,0.036,0.0351
ORD-2024-1821,2024-05-23,2024-05-24,Consumer,Office Supplies,8,247.48,73.59,6.8,5,1123.6,WH-West,North,Standard Delivery,Delivered,5.0,1,1.8,1,9.2,0.0655,165.24,0,0,0,1,1,0,0,0,0,0,1,0,0,0.0886,0.1019,0.2914,0.5701,0.5752,0.0299,0.0252
ORD-2024-2083,2024-03-16,2024-03-19,Home Office,Industrial Machinery,2,2165.61,37.8,6.0,5,422.5,WH-North,Central,Standard Delivery,Delayed,3.0,3,1.0,1,18.9,0.0895,70.42,0,0,0,1,0,0,1,0,1,0,0,0,0,0.0127,1.0,0.1324,0.4977,0.185,0.0719,0.0367
ORD-2024-1877,2024-01-19,2024-01-23,Corporate,Electronics,2,609.89,171.29,3.1,2,1362.5,WH-East,North,Express Air,Delivered,5.0,4,1.1,1,85.64,0.1257,439.52,1,0,0,0,0,1,0,0,0,0,1,0,0,0.0127,0.2715,0.7255,0.2353,0.7081,0.3611,0.0542
ORD-2024-1913,2024-05-19,2024-05-23,Consumer,Apparel,1,56.69,78.65,7.4,5,1350.3,WH-West,South,Standard Delivery,Delivered,4.0,4,2.4,1,78.65,0.0582,182.47,0,0,0,1,1,0,0,0,0,0,0,1,0,0.0,0.0125,0.3139,0.6244,0.7013,0.3308,0.0216
ORD-2024-1152,2024-04-02,2024-04-03,Consumer,Electronics,2,555.07,146.62,1.8,1,576.7,WH-Central,South,Same-Day Courier,Delivered,5.0,1,0.8,1,73.31,0.2542,320.39,0,0,1,0,1,0,0,0,0,0,0,1,0,0.0127,0.2459,0.6159,0.1176,0.2708,0.3077,0.1161
ORD-2024-2165,2024-03-30,2024-04-02,Home Office,Healthcare Supplies,4,479.84,72.96,6.6,5,1152.3,WH-Central,South,Standard Delivery,Delayed,2.0,3,1.6,1,18.24,0.0633,174.59,0,0,0,1,0,0,1,0,0,0,0,1,0,0.038,0.2107,0.2886,0.552,0.5911,0.069,0.0241
ORD-2024-1509,2024-01-22,2024-01-23,Corporate,Office Supplies,2,86.92,29.78,4.0,5,186.8,WH-South,North,Standard Delivery,Delivered,5.0,1,-1.0,0,14.89,0.1594,46.7,0,0,0,1,0,1,0,0,0,0,1,0,0,0.0127,0.0267,0.0968,0.3167,0.0538,0.0545,0.0704
ORD-2024-2070,2024-02-26,2024-02-27,Consumer,Healthcare Supplies,4,462.58,233.07,3.6,1,1280.6,WH-South,South,Same-Day Courier,Delivered,4.0,1,2.6,1,58.27,0.182,355.72,0,0,1,0,1,0,0,0,0,0,0,1,0,0.038,0.2026,1.0,0.2805,0.6626,0.2425,0.0813
ORD-2024-1103,2024-05-17,2024-05-20,Corporate,Apparel,1,75.37,51.9,7.0,5,733.2,WH-Central,South,Standard Delivery,Delivered,4.0,3,2.0,1,51.9,0.0708,104.74,0,0,0,1,0,1,0,0,0,0,0,1,0,0.0,0.0213,0.1951,0.5882,0.3579,0.2149,0.0277
ORD-2024-1586,2024-03-08,2024-03-09,Consumer,Electronics,3,755.53,119.7,8.2,5,1886.88,WH-East,South,Standard Delivery,Delayed,2.0,1,3.2,1,39.9,0.0634,230.11,0,0,0,1,1,0,0,0,0,0,0,1,0,0.0253,0.3397,0.4963,0.6968,1.0,0.1629,0.0241
ORD-2024-2128,2024-04-03,2024-04-04,Consumer,Office Supplies,1,32.35,55.68,6.3,5,1102.6,WH-South,West,Standard Delivery,Delayed,1.0,1,1.3,1,55.68,0.0505,175.02,0,0,0,1,1,0,0,0,0,0,0,0,1,0.0,0.0011,0.2118,0.5249,0.5635,0.2313,0.0179
ORD-2024-1053,2024-02-23,2024-02-27,Home Office,Office Supplies,1,39.47,47.06,5.2,5,701.9,WH-Central,Central,Standard Delivery,Delivered,3.0,4,0.2,1,47.06,0.067,134.98,0,0,0,1,0,0,1,0,1,0,0,0,0,0.0,0.0045,0.1735,0.4253,0.3405,0.1939,0.0259
ORD-2024-1151,2024-06-07,2024-06-11,Consumer,Electronics,2,981.93,92.5,8.5,5,1836.0,WH-South,South,Standard Delivery,Delayed,2.0,4,3.5,1,46.25,0.0504,216.0,0,0,0,1,1,0,0,0,0,0,0,1,0,0.0127,0.4458,0.3754,0.724,0.9717,0.1904,0.0179
ORD-2024-1403,2024-01-19,2024-01-21,Home Office,Office Supplies,1,38.51,29.71,3.6,5,264.1,WH-South,South,Standard Delivery,Delivered,5.0,2,-1.4,0,29.71,0.1125,73.36,0,0,0,1,0,0,1,0,0,0,0,1,0,0.0,0.004,0.0965,0.2805,0.0968,0.1187,0.0478
ORD-2024-1207,2024-05-02,2024-05-04,Corporate,Industrial Machinery,3,2165.61,63.44,5.1,5,1050.7,WH-South,South,Standard Delivery,Delivered,4.0,2,0.1,1,21.15,0.0604,206.02,0,0,0,1,0,1,0,0,0,0,0,1,0,0.0253,1.0,0.2463,0.4163,0.5346,0.0816,0.0227
ORD-2024-2206,2024-03-13,2024-03-15,Corporate,Office Supplies,5,175.86,99.35,7.5,5,1751.1,WH-South,West,Standard Delivery,Delayed,2.0,2,2.5,1,19.87,0.0567,233.48,0,0,0,1,0,1,0,0,0,0,0,0,1,0.0506,0.0683,0.4059,0.6335,0.9244,0.0761,0.0209
ORD-2024-1008,2024-03-08,2024-03-10,Corporate,Electronics,2,510.98,34.87,5.1,5,351.1,WH-South,West,Standard Delivery,Delivered,5.0,2,0.1,1,17.43,0.0993,68.84,0,0,0,1,0,1,0,0,0,0,0,0,1,0.0127,0.2252,0.1194,0.4163,0.1452,0.0655,0.0414
ORD-2024-2014,2024-02-20,2024-02-21,Corporate,Industrial Machinery,2,2165.61,78.74,7.0,5,1375.6,WH-East,Central,Standard Delivery,Delivered,4.0,1,2.0,1,39.37,0.0572,196.51,0,0,0,1,0,1,0,0,1,0,0,0,0,0.0127,1.0,0.3143,0.5882,0.7154,0.1606,0.0212
ORD-2024-2060,2024-02-23,2024-02-27,Home Office,Office Supplies,5,149.0,45.96,6.9,5,442.1,WH-North,South,Standard Delivery,Delayed,2.0,4,1.9,1,9.19,0.104,64.07,0,0,0,1,0,0,1,0,0,0,0,1,0,0.0506,0.0557,0.1687,0.5792,0.1959,0.0298,0.0437
ORD-2024-1452,2024-01-16,2024-01-17,Consumer,Office Supplies,1,33.29,40.4,4.8,5,558.1,WH-North,West,Standard Delivery,Delivered,4.0,1,-0.2,0,40.4,0.0724,116.27,0,0,0,1,1,0,0,0,0,0,0,0,1,0.0,0.0016,0.144,0.3891,0.2604,0.1651,0.0285
ORD-2024-1253,2024-03-10,2024-03-13,Consumer,Office Supplies,8,313.42,57.22,7.1,5,683.2,WH-North,South,Standard Delivery,Delayed,2.0,3,2.1,1,7.15,0.0838,96.23,0,0,0,1,1,0,0,0,0,0,0,1,0,0.0886,0.1327,0.2187,0.5973,0.3301,0.021,0.034
ORD-2024-1896,2024-02-10,2024-02-12,Consumer,Office Supplies,2,82.57,187.88,3.3,1,1062.0,WH-West,West,Same-Day Courier,Delayed,2.0,2,2.3,1,93.94,0.1769,321.82,0,0,1,0,1,0,0,0,0,0,0,0,1,0.0127,0.0246,0.7992,0.2534,0.5409,0.3971,0.0789
ORD-2024-2115,2024-04-19,2024-04-20,Corporate,Electronics,2,552.75,102.48,2.6,2,420.8,WH-East,North,Express Air,Delivered,4.0,1,0.6,1,51.24,0.2435,161.85,1,0,0,0,0,1,0,0,0,0,1,0,0,0.0127,0.2448,0.4198,0.19,0.184,0.212,0.111
ORD-2024-1880,2024-06-18,2024-06-22,Consumer,Electronics,3,841.52,71.53,6.1,5,1022.5,WH-North,South,Standard Delivery,Delayed,1.0,4,1.1,1,23.84,0.07,167.62,0,0,0,1,1,0,0,0,0,0,0,1,0,0.0253,0.38,0.2823,0.5068,0.5189,0.0933,0.0273
ORD-2024-2204,2024-02-10,2024-02-14,Corporate,Industrial Machinery,3,2165.61,81.63,7.0,5,1332.2,WH-East,Central,Standard Delivery,Delivered,4.0,4,2.0,1,27.21,0.0613,190.31,0,0,0,1,0,1,0,0,1,0,0,0,0,0.0253,1.0,0.3271,0.5882,0.6913,0.1079,0.0231
ORD-2024-1623,2024-05-21,2024-05-25,Corporate,Apparel,3,197.26,82.13,6.4,7,838.4,WH-South,East,Ground Freight,Delivered,5.0,4,-0.6,0,27.38,0.098,131.0,0,1,0,0,0,1,0,0,0,1,0,0,0,0.0253,0.0783,0.3294,0.5339,0.4164,0.1086,0.0408
ORD-2024-1345,2024-02-24,2024-02-25,Corporate,Industrial Machinery,5,2165.61,97.71,2.2,2,289.7,WH-East,South,Express Air,Delivered,3.0,1,0.2,1,19.54,0.3373,131.68,1,0,0,0,0,1,0,0,0,0,0,1,0,0.0506,1.0,0.3986,0.1538,0.111,0.0747,0.1562
ORD-2024-2096,2024-05-23,2024-05-27,Consumer,Industrial Machinery,5,2165.61,53.41,7.5,5,1886.88,WH-Central,North,Standard Delivery,Delivered,5.0,4,2.5,1,10.68,0.0283,251.58,0,0,0,1,1,0,0,0,0,0,1,0,0,0.0506,1.0,0.2018,0.6335,1.0,0.0363,0.0072
ORD-2024-1262,2024-05-02,2024-05-03,Consumer,Healthcare Supplies,1,117.58,105.27,2.4,2,512.6,WH-West,East,Express Air,Delivered,4.0,1,0.4,1,105.27,0.2054,213.58,1,0,0,0,1,0,0,0,0,1,0,0,0,0.0,0.041,0.4322,0.1719,0.2351,0.4462,0.0926
ORD-2024-1150,2024-05-20,2024-05-23,Small Business,Electronics,5,1201.38,37.1,4.1,5,359.0,WH-South,North,Standard Delivery,Delivered,4.0,3,-0.9,0,7.42,0.1033,87.56,0,0,0,1,0,0,0,1,0,0,1,0,0,0.0506,0.5485,0.1293,0.3258,0.1496,0.0221,0.0434
ORD-2024-1472,2024-03-17,2024-03-19,Consumer,Office Supplies,1,34.93,69.56,5.9,5,1499.1,WH-Central,West,Standard Delivery,Delayed,2.0,2,0.9,1,69.56,0.0464,254.08,0,0,0,1,1,0,0,0,0,0,0,0,1,0.0,0.0023,0.2735,0.4887,0.7842,0.2914,0.016
ORD-2024-1640,2024-04-29,2024-05-01,Consumer,Electronics,2,440.74,95.69,1.5,2,498.6,WH-North,South,Express Air,Delivered,5.0,2,-0.5,0,47.84,0.1919,332.4,1,0,0,0,1,0,0,0,0,0,0,1,0,0.0127,0.1923,0.3896,0.0905,0.2273,0.1973,0.0861
ORD-2024-2201,2024-01-11,2024-01-15,Consumer,Healthcare Supplies,4,427.05,37.8,6.7,5,369.3,WH-North,West,Standard Delivery,Delivered,3.0,4,1.7,1,9.45,0.1024,55.12,0,0,0,1,1,0,0,0,0,0,0,0,1,0.038,0.1859,0.1324,0.5611,0.1553,0.0309,0.0429
ORD-2024-1550,2024-01-15,2024-01-18,Corporate,Healthcare Supplies,5,660.41,52.54,5.1,5,767.4,WH-North,North,Standard Delivery,Delivered,3.0,3,0.1,1,10.51,0.0685,150.47,0,0,0,1,0,1,0,0,0,0,1,0,0,0.0506,0.2952,0.1979,0.4163,0.3769,0.0355,0.0266
ORD-2024-1928,2024-04-13,2024-04-14,Corporate,Industrial Machinery,1,1200.24,159.8,2.4,2,1016.1,WH-West,Central,Express Air,Delivered,5.0,1,0.4,1,159.8,0.1573,423.38,1,0,0,0,0,1,0,0,1,0,0,0,0,0.0,0.548,0.6745,0.1719,0.5153,0.6825,0.0694
ORD-2024-1488,2024-05-24,2024-05-25,Small Business,Office Supplies,3,129.51,169.09,4.7,2,932.3,WH-West,West,Express Air,Delivered,4.0,1,2.7,1,56.36,0.1814,198.36,1,0,0,0,0,0,0,1,0,0,0,0,1,0.0253,0.0466,0.7157,0.3801,0.4687,0.2342,0.081
ORD-2024-2149,2024-05-12,2024-05-13,Home Office,Industrial Machinery,1,1268.79,149.47,2.3,1,788.7,WH-Central,Central,Same-Day Courier,Delivered,4.0,1,1.3,1,149.47,0.1895,342.91,0,0,1,0,0,0,1,0,1,0,0,0,0,0.0,0.5801,0.6286,0.1629,0.3888,0.6377,0.0849
ORD-2024-1146,2024-05-31,2024-06-01,Corporate,Office Supplies,2,70.59,78.58,2.2,2,386.2,WH-North,Central,Express Air,Delivered,3.0,1,0.2,1,39.29,0.2035,175.55,1,0,0,0,0,1,0,0,1,0,0,0,0,0.0127,0.019,0.3136,0.1538,0.1647,0.1603,0.0917
ORD-2024-1402,2024-04-12,2024-04-13,Corporate,Electronics,8,1975.6,233.07,3.6,1,1886.88,WH-West,North,Same-Day Courier,Delayed,1.0,1,2.6,1,29.13,0.1235,524.13,0,0,1,0,0,1,0,0,0,0,1,0,0,0.0886,0.911,1.0,0.2805,1.0,0.1162,0.0531
ORD-2024-1954,2024-06-16,2024-06-19,Consumer,Apparel,3,191.82,52.4,6.2,5,763.9,WH-South,Central,Standard Delivery,Delivered,4.0,3,1.2,1,17.47,0.0686,123.21,0,0,0,1,1,0,0,0,1,0,0,0,0,0.0253,0.0758,0.1973,0.5158,0.375,0.0657,0.0267
ORD-2024-2196,2024-01-13,2024-01-14,Small Business,Electronics,2,457.82,53.41,5.2,5,287.3,WH-East,Central,Standard Delivery,Delivered,3.0,1,0.2,1,26.7,0.1859,55.25,0,0,0,1,0,0,0,1,1,0,0,0,0,0.0127,0.2003,0.2018,0.4253,0.1097,0.1057,0.0832
ORD-2024-1659,2024-05-25,2024-05-28,Corporate,Electronics,2,542.2,132.29,2.7,2,863.5,WH-East,South,Express Air,Delivered,3.0,3,0.7,1,66.14,0.1532,319.81,1,0,0,0,0,1,0,0,0,0,0,1,0,0.0127,0.2399,0.5522,0.1991,0.4304,0.2766,0.0674
ORD-2024-1463,2024-03-26,2024-03-29,Corporate,Office Supplies,1,30.45,84.27,5.3,5,1605.9,WH-North,Central,Standard Delivery,Delivered,4.0,3,0.3,1,84.27,0.0525,303.0,0,0,0,1,0,1,0,0,1,0,0,0,0,0.0,0.0002,0.3389,0.4344,0.8436,0.3552,0.0189
ORD-2024-1186,2024-04-18,2024-04-22,Home Office,Office Supplies,4,154.14,107.43,2.2,2,488.3,WH-South,North,Express Air,Delivered,4.0,4,0.2,1,26.86,0.22,221.95,1,0,0,0,0,0,1,0,0,0,1,0,0,0.038,0.0581,0.4418,0.1538,0.2216,0.1064,0.0996
ORD-2024-1608,2024-03-15,2024-03-18,Corporate,Apparel,2,120.98,37.12,5.5,5,342.3,WH-East,East,Standard Delivery,Delivered,5.0,3,0.5,1,18.56,0.1084,62.24,0,0,0,1,0,1,0,0,0,1,0,0,0,0.0127,0.0426,0.1294,0.4525,0.1403,0.0704,0.0458
ORD-2024-1143,2024-04-28,2024-04-30,Consumer,Office Supplies,1,36.1,65.64,7.4,7,848.0,WH-South,East,Ground Freight,Delivered,5.0,2,0.4,1,65.64,0.0774,114.59,0,1,0,0,1,0,0,0,0,1,0,0,0,0.0,0.0029,0.2561,0.6244,0.4218,0.2744,0.0309
ORD-2024-1751,2024-03-05,2024-03-06,Small Business,Electronics,50,2165.61,233.07,7.1,7,921.7,WH-East,North,Ground Freight,Delivered,5.0,1,0.1,1,4.66,0.2529,129.82,0,1,0,0,0,0,0,1,0,0,1,0,0,0.6203,1.0,1.0,0.5973,0.4628,0.0102,0.1155
ORD-2024-1981,2024-03-17,2024-03-18,Home Office,Electronics,2,585.75,53.68,5.1,5,865.0,WH-North,East,Standard Delivery,Delivered,4.0,1,0.1,1,26.84,0.0621,169.61,0,0,0,1,0,0,1,0,0,1,0,0,0,0.0127,0.2602,0.203,0.4163,0.4312,0.1063,0.0235
ORD-2024-1197,2024-02-11,2024-02-14,Home Office,Apparel,8,623.59,47.86,4.0,5,411.9,WH-East,South,Standard Delivery,Delivered,4.0,3,-1.0,0,5.98,0.1162,102.98,0,0,0,1,0,0,1,0,0,0,0,1,0,0.0886,0.278,0.1771,0.3167,0.1791,0.0159,0.0496
ORD-2024-1883,2024-02-16,2024-02-17,Consumer,Office Supplies,1,33.26,158.8,1.5,1,938.6,WH-Central,South,Same-Day Courier,Delivered,5.0,1,0.5,1,158.8,0.1692,625.73,0,0,1,0,1,0,0,0,0,0,0,1,0,0.0,0.0015,0.67,0.0905,0.4722,0.6782,0.0751
ORD-2024-1279,2024-05-01,2024-05-02,Home Office,Office Supplies,1,31.23,35.67,7.0,5,354.4,WH-South,North,Standard Delivery,Delayed,1.0,1,2.0,1,35.67,0.1006,50.63,0,0,0,1,0,0,1,0,0,0,1,0,0,0.0,0.0006,0.1229,0.5882,0.147,0.1446,0.0421
ORD-2024-1293,2024-04-17,2024-04-20,Consumer,Electronics,1,271.38,36.86,11.55,5,451.2,WH-East,South,Standard Delivery,Delivered,5.0,3,6.55,1,36.86,0.0817,39.06,0,0,0,1,1,0,0,0,0,0,0,1,0,0.0,0.113,0.1282,1.0,0.2009,0.1497,0.033
ORD-2024-2157,2024-05-23,2024-05-24,Home Office,Electronics,4,862.99,109.47,3.6,2,543.5,WH-North,East,Express Air,Delivered,4.0,1,1.6,1,27.37,0.2014,150.97,1,0,0,0,0,0,1,0,0,1,0,0,0,0.038,0.3901,0.4508,0.2805,0.2523,0.1086,0.0907
ORD-2024-1400,2024-06-05,2024-06-07,Consumer,Electronics,1,306.92,47.42,5.2,5,611.3,WH-North,North,Standard Delivery,Delivered,4.0,2,0.2,1,47.42,0.0776,117.56,0,0,0,1,1,0,0,0,0,0,1,0,0,0.0,0.1297,0.1751,0.4253,0.29,0.1955,0.031
ORD-2024-1122,2024-06-28,2024-07-02,Consumer,Apparel,1,77.48,39.35,5.5,5,469.7,WH-North,South,Standard Delivery,Delivered,3.0,4,0.5,1,39.35,0.0838,85.4,0,0,0,1,1,0,0,0,0,0,0,1,0,0.0,0.0223,0.1393,0.4525,0.2112,0.1605,0.034
ORD-2024-1202,2024-05-30,2024-06-01,Consumer,Apparel,4,322.86,102.8,2.0,2,386.1,WH-Central,North,Express Air,Delivered,4.0,2,0.0,0,25.7,0.2663,193.05,1,0,0,0,1,0,0,0,0,0,1,0,0,0.038,0.1371,0.4212,0.1357,0.1647,0.1014,0.1219
ORD-2024-1835,2024-05-26,2024-05-30,Consumer,Office Supplies,1,36.3,158.78,4.1,2,1159.2,WH-Central,West,Express Air,Delivered,3.0,4,2.1,1,158.78,0.137,282.73,1,0,0,0,1,0,0,0,0,0,0,0,1,0.0,0.003,0.6699,0.3258,0.595,0.6781,0.0596
ORD-2024-1246,2024-03-30,2024-04-01,Consumer,Industrial Machinery,1,1033.57,71.05,9.4,7,755.0,WH-South,East,Ground Freight,Delivered,4.0,2,2.4,1,71.05,0.0941,80.32,0,1,0,0,1,0,0,0,0,1,0,0,0,0.0,0.4699,0.2801,0.8054,0.37,0.2979,0.0389
ORD-2024-2211,2024-01-17,2024-01-19,Corporate,Apparel,3,206.75,54.83,5.5,5,878.5,WH-North,West,Standard Delivery,Delivered,3.0,2,0.5,1,18.28,0.0624,159.73,0,0,0,1,0,1,0,0,0,0,0,0,1,0.0253,0.0828,0.2081,0.4525,0.4388,0.0692,0.0237
ORD-2024-2199,2024-05-31,2024-06-03,Consumer,Office Supplies,1,36.21,34.0,4.8,5,485.1,WH-West,South,Standard Delivery,Delivered,5.0,3,-0.2,0,34.0,0.0701,101.06,0,0,0,1,1,0,0,0,0,0,0,1,0,0.0,0.0029,0.1155,0.3891,0.2198,0.1373,0.0274
ORD-2024-1384,2024-02-06,2024-02-10,Corporate,Healthcare Supplies,1,106.34,69.49,2.7,2,336.3,WH-East,North,Express Air,Delivered,3.0,4,0.7,1,69.49,0.2066,124.56,1,0,0,0,0,1,0,0,0,0,1,0,0,0.0,0.0358,0.2732,0.1991,0.137,0.2911,0.0932
ORD-2024-1854,2024-02-11,2024-02-13,Consumer,Apparel,3,216.97,81.44,5.7,5,1317.7,WH-West,North,Standard Delivery,Delivered,3.0,2,0.7,1,27.15,0.0618,231.18,0,0,0,1,1,0,0,0,0,0,1,0,0,0.0253,0.0876,0.3263,0.4706,0.6832,0.1076,0.0234
ORD-2024-1219,2024-04-09,2024-04-12,Home Office,Apparel,3,225.03,59.12,11.55,5,904.4,WH-South,North,Standard Delivery,Delivered,4.0,3,6.55,1,19.71,0.0654,78.3,0,0,0,1,0,0,1,0,0,0,1,0,0,0.0253,0.0913,0.2271,1.0,0.4532,0.0754,0.0251
ORD-2024-1641,2024-02-21,2024-02-23,Consumer,Office Supplies,15,535.74,119.09,7.4,7,729.5,WH-East,Central,Ground Freight,Delivered,5.0,2,0.4,1,7.94,0.1632,98.58,0,1,0,0,1,0,0,0,1,0,0,0,0,0.1772,0.2368,0.4936,0.6244,0.3558,0.0244,0.0722
ORD-2024-1001,2024-02-08,2024-02-09,Small Business,Office Supplies,1,43.4,49.19,5.5,5,759.0,WH-Central,West,Standard Delivery,Delivered,4.0,1,0.5,1,49.19,0.0648,138.0,0,0,0,1,0,0,0,1,0,0,0,0,1,0.0,0.0063,0.183,0.4525,0.3722,0.2032,0.0248
ORD-2024-1112,2024-02-25,2024-02-29,Small Business,Industrial Machinery,1,1445.24,99.0,1.5,2,484.1,WH-South,North,Express Air,Delivered,5.0,4,-0.5,0,99.0,0.2045,322.73,1,0,0,0,0,0,0,1,0,0,1,0,0,0.0,0.6627,0.4043,0.0905,0.2192,0.419,0.0922
ORD-2024-1698,2024-03-05,2024-03-06,Consumer,Office Supplies,2,74.96,195.19,2.5,1,979.1,WH-South,North,Same-Day Courier,Delayed,2.0,1,1.5,1,97.6,0.1994,391.64,0,0,1,0,1,0,0,0,0,0,1,0,0,0.0127,0.0211,0.8317,0.181,0.4947,0.4129,0.0897
ORD-2024-2218,2024-03-10,2024-03-13,Corporate,Office Supplies,1,43.17,99.89,8.1,5,1797.7,WH-Central,South,Standard Delivery,Delayed,2.0,3,3.1,1,99.89,0.0556,221.94,0,0,0,1,0,1,0,0,0,0,0,1,0,0.0,0.0062,0.4083,0.6878,0.9504,0.4229,0.0204
ORD-2024-1951,2024-01-04,2024-01-06,Corporate,Electronics,15,2165.61,98.35,5.7,5,1510.4,WH-North,West,Standard Delivery,Delayed,2.0,2,0.7,1,6.56,0.0651,264.98,0,0,0,1,0,1,0,0,0,0,0,0,1,0.1772,1.0,0.4014,0.4706,0.7905,0.0184,0.025
ORD-2024-2147,2024-03-12,2024-03-15,Corporate,Electronics,25,2165.61,93.37,4.8,5,793.0,WH-South,South,Standard Delivery,Delivered,4.0,3,-0.2,0,3.73,0.1177,165.21,0,0,0,1,0,1,0,0,0,0,0,1,0,0.3038,1.0,0.3793,0.3891,0.3912,0.0062,0.0503
ORD-2024-1441,2024-04-27,2024-05-01,Small Business,Office Supplies,1,34.28,49.69,5.9,5,863.0,WH-Central,East,Standard Delivery,Delivered,4.0,4,0.9,1,49.69,0.0576,146.27,0,0,0,1,0,0,0,1,0,1,0,0,0,0.0,0.002,0.1852,0.4887,0.4301,0.2053,0.0214
ORD-2024-1663,2024-05-13,2024-05-15,Consumer,Office Supplies,2,84.76,138.55,2.2,2,788.2,WH-East,East,Express Air,Delivered,3.0,2,0.2,1,69.28,0.1758,358.27,1,0,0,0,1,0,0,0,0,1,0,0,0,0.0127,0.0257,0.58,0.1538,0.3885,0.2902,0.0783
ORD-2024-2164,2024-05-23,2024-05-26,Consumer,Office Supplies,25,870.33,80.85,6.6,5,343.0,WH-North,East,Standard Delivery,Delivered,3.0,3,1.6,1,3.23,0.2357,51.97,0,0,0,1,1,0,0,0,0,1,0,0,0,0.3038,0.3935,0.3237,0.552,0.1407,0.004,0.1072
ORD-2024-1317,2024-02-09,2024-02-10,Consumer,Electronics,10,2165.61,219.52,2.6,1,584.3,WH-Central,North,Same-Day Courier,Delivered,5.0,1,1.6,1,21.95,0.3757,224.73,0,0,1,0,1,0,0,0,0,0,1,0,0,0.1139,1.0,0.9398,0.19,0.275,0.0851,0.1747
ORD-2024-1648,2024-05-08,2024-05-10,Home Office,Office Supplies,4,155.0,106.39,4.2,2,412.8,WH-North,West,Express Air,Delivered,3.0,2,2.2,1,26.6,0.2577,98.29,1,0,0,0,0,0,1,0,0,0,0,0,1,0.038,0.0585,0.4372,0.3348,0.1796,0.1053,0.1178
ORD-2024-1709,2024-03-11,2024-03-12,Corporate,Apparel,10,784.01,175.48,1.7,1,316.4,WH-East,East,Same-Day Courier,Delivered,3.0,1,0.7,1,17.55,0.5546,186.12,0,0,1,0,0,1,0,0,0,1,0,0,0,0.1139,0.3531,0.7441,0.1086,0.1259,0.066,0.2609
ORD-2024-1972,2024-06-02,2024-06-06,Corporate,Electronics,3,748.85,131.15,9.0,7,1531.5,WH-North,East,Standard Delivery,Delivered,3.0,4,2.0,1,43.72,0.0856,170.17,0,0,0,1,0,1,0,0,0,1,0,0,0,0.0253,0.3366,0.5472,0.7692,0.8022,0.1795,0.0348
ORD-2024-1627,2024-06-08,2024-06-11,Corporate,Office Supplies,2,59.53,47.21,7.0,5,757.2,WH-West,North,Standard Delivery,Delivered,4.0,3,2.0,1,23.6,0.0623,108.17,0,0,0,1,0,1,0,0,0,0,1,0,0,0.0127,0.0138,0.1742,0.5882,0.3712,0.0923,0.0236
ORD-2024-1632,2024-04-24,2024-04-25,Corporate,Industrial Machinery,1,1045.77,31.91,5.0,5,272.5,WH-East,Central,Standard Delivery,Delivered,4.0,1,0.0,0,31.91,0.1171,54.5,0,0,0,1,0,1,0,0,1,0,0,0,0,0.0,0.4756,0.1062,0.4072,0.1015,0.1283,0.05
ORD-2024-2243,2024-03-16,2024-03-20,Home Office,Office Supplies,5,155.16,115.26,2.2,2,628.0,WH-East,North,Express Air,Delivered,5.0,4,0.2,1,23.05,0.1835,285.45,1,0,0,0,0,0,1,0,0,0,1,0,0,0.0506,0.0586,0.4766,0.1538,0.2993,0.0899,0.082
ORD-2024-2175,2024-05-09,2024-05-11,Corporate,Healthcare Supplies,2,242.03,119.59,3.9,2,587.2,WH-South,South,Express Air,Delivered,4.0,2,1.9,1,59.8,0.2037,150.56,1,0,0,0,0,1,0,0,0,0,0,1,0,0.0127,0.0993,0.4958,0.3077,0.2766,0.2491,0.0918
ORD-2024-1795,2024-02-28,2024-02-29,Home Office,Apparel,3,213.73,69.68,6.3,7,754.9,WH-West,North,Ground Freight,Delivered,4.0,1,-0.7,0,23.23,0.0923,119.83,0,1,0,0,0,0,1,0,0,0,1,0,0,0.0253,0.086,0.274,0.5249,0.37,0.0907,0.0381
ORD-2024-1645,2024-02-03,2024-02-05,Home Office,Apparel,3,173.62,59.25,6.7,5,806.0,WH-West,South,Standard Delivery,Delivered,5.0,2,1.7,1,19.75,0.0735,120.3,0,0,0,1,0,0,1,0,0,0,0,1,0,0.0253,0.0673,0.2277,0.5611,0.3984,0.0756,0.029
ORD-2024-2012,2024-03-03,2024-03-07,Small Business,Apparel,1,81.15,127.35,1.5,1,635.2,WH-West,Central,Same-Day Courier,Delivered,4.0,4,0.5,1,127.35,0.2005,423.47,0,0,1,0,0,0,0,1,1,0,0,0,0,0.0,0.024,0.5303,0.0905,0.3033,0.5419,0.0902
ORD-2024-1556,2024-02-16,2024-02-18,Consumer,Industrial Machinery,1,1128.64,29.01,3.0,5,221.8,WH-East,East,Standard Delivery,Delivered,3.0,2,-2.0,0,29.01,0.1308,73.93,0,0,0,1,1,0,0,0,0,1,0,0,0,0.0,0.5144,0.0933,0.2262,0.0732,0.1157,0.0566
ORD-2024-1681,2024-03-22,2024-03-24,Consumer,Industrial Machinery,1,1459.24,64.44,5.4,5,1060.1,WH-East,South,Standard Delivery,Delivered,3.0,2,0.4,1,64.44,0.0608,196.31,0,0,0,1,1,0,0,0,0,0,0,1,0,0.0,0.6692,0.2508,0.4434,0.5398,0.2692,0.0229
ORD-2024-1577,2024-03-05,2024-03-06,Small Business,Healthcare Supplies,1,109.97,192.22,1.5,1,1039.3,WH-Central,North,Same-Day Courier,Delivered,4.0,1,0.5,1,192.22,0.185,692.87,0,0,1,0,0,0,0,1,0,0,1,0,0,0.0,0.0375,0.8185,0.0905,0.5283,0.823,0.0828
ORD-2024-2109,2024-05-20,2024-05-24,Consumer,Electronics,2,461.25,163.39,1.0,1,628.5,WH-Central,Central,Same-Day Courier,Delivered,5.0,4,0.0,0,81.69,0.26,628.5,0,0,1,0,1,0,0,0,1,0,0,0,0,0.0127,0.2019,0.6904,0.0452,0.2996,0.344,0.1189
ORD-2024-1524,2024-01-11,2024-01-13,Home Office,Apparel,3,218.71,109.06,1.8,2,548.7,WH-East,North,Express Air,Delivered,5.0,2,-0.2,0,36.35,0.1988,304.83,1,0,0,0,0,0,1,0,0,0,1,0,0,0.0253,0.0884,0.449,0.1176,0.2552,0.1475,0.0894
ORD-2024-2059,2024-04-11,2024-04-15,Corporate,Office Supplies,3,131.17,61.99,7.4,7,671.9,WH-Central,East,Ground Freight,Delivered,5.0,4,0.4,1,20.66,0.0923,90.8,0,1,0,0,0,1,0,0,0,1,0,0,0,0.0253,0.0474,0.2399,0.6244,0.3238,0.0795,0.0381
ORD-2024-1540,2024-02-24,2024-02-28,Small Business,Electronics,5,1478.92,53.41,5.7,5,1191.8,WH-East,North,Standard Delivery,Delayed,1.0,4,0.7,1,10.68,0.0448,209.09,0,0,0,1,0,0,0,1,0,0,1,0,0,0.0506,0.6785,0.2018,0.4706,0.6131,0.0363,0.0152
ORD-2024-1748,2024-01-01,2024-01-03,Small Business,Electronics,10,2165.61,233.07,3.4,1,1036.1,WH-South,Central,Same-Day Courier,Delayed,2.0,2,2.4,1,23.31,0.2249,304.74,0,0,1,0,0,0,0,1,1,0,0,0,0,0.1139,1.0,1.0,0.2624,0.5265,0.091,0.102
ORD-2024-2178,2024-04-08,2024-04-11,Home Office,Office Supplies,5,207.51,50.18,6.3,5,728.8,WH-West,West,Standard Delivery,Delayed,3.0,3,1.3,1,10.04,0.0689,115.68,0,0,0,1,0,0,1,0,0,0,0,0,1,0.0506,0.0831,0.1874,0.5249,0.3554,0.0335,0.0268
ORD-2024-1484,2024-01-12,2024-01-16,Corporate,Electronics,2,516.22,91.62,1.0,2,436.8,WH-North,East,Express Air,Delivered,5.0,4,-1.0,0,45.81,0.2098,436.8,1,0,0,0,0,1,0,0,0,1,0,0,0,0.0127,0.2277,0.3715,0.0452,0.1929,0.1885,0.0947
ORD-2024-1095,2024-01-20,2024-01-22,Corporate,Office Supplies,3,89.45,76.97,5.6,5,1137.3,WH-East,West,Standard Delivery,Delivered,4.0,2,0.6,1,25.66,0.0677,203.09,0,0,0,1,0,1,0,0,0,0,0,0,1,0.0253,0.0279,0.3064,0.4615,0.5828,0.1012,0.0262
ORD-2024-2020,2024-04-01,2024-04-05,Corporate,Electronics,5,1497.95,45.49,4.5,5,538.7,WH-North,North,Standard Delivery,Delivered,5.0,4,-0.5,0,9.1,0.0844,119.71,0,0,0,1,0,1,0,0,0,0,1,0,0,0.0506,0.6874,0.1666,0.362,0.2496,0.0294,0.0343
ORD-2024-1563,2024-04-25,2024-04-29,Consumer,Electronics,2,580.56,104.43,5.8,5,1868.1,WH-Central,East,Standard Delivery,Delayed,1.0,4,0.8,1,52.22,0.0559,322.09,0,0,0,1,1,0,0,0,0,1,0,0,0,0.0127,0.2578,0.4284,0.4796,0.9895,0.2163,0.0205
ORD-2024-1742,2024-01-29,2024-01-31,Corporate,Industrial Machinery,2,2165.61,102.43,9.7,7,1348.6,WH-East,East,Ground Freight,Delivered,5.0,2,2.7,1,51.22,0.076,139.03,0,1,0,0,0,1,0,0,0,1,0,0,0,0.0127,1.0,0.4196,0.8326,0.7004,0.212,0.0302
ORD-2024-1863,2024-01-19,2024-01-23,Consumer,Apparel,3,213.59,49.02,5.4,5,714.2,WH-North,South,Standard Delivery,Delivered,3.0,4,0.4,1,16.34,0.0686,132.26,0,0,0,1,1,0,0,0,0,0,0,1,0,0.0253,0.086,0.1823,0.4434,0.3473,0.0608,0.0267
ORD-2024-1891,2024-06-17,2024-06-20,Home Office,Office Supplies,5,160.95,178.39,2.9,2,1185.1,WH-South,Central,Express Air,Delayed,1.0,3,0.9,1,35.68,0.1505,408.66,1,0,0,0,0,0,1,0,1,0,0,0,0,0.0506,0.0613,0.7571,0.2172,0.6094,0.1446,0.0661
ORD-2024-2038,2024-01-20,2024-01-22,Consumer,Office Supplies,3,50.0,39.0,4.5,5,346.7,WH-East,West,Standard Delivery,Delivered,5.0,2,-0.5,0,13.0,0.1125,77.04,0,0,0,1,1,0,0,0,0,0,0,0,1,0.0253,0.0094,0.1377,0.362,0.1428,0.0463,0.0478
ORD-2024-1206,2024-03-04,2024-03-05,Consumer,Industrial Machinery,1,1384.29,92.99,5.6,7,1148.3,WH-Central,North,Ground Freight,Delivered,4.0,1,-1.4,0,92.99,0.081,205.05,0,1,0,0,1,0,0,0,0,0,1,0,0,0.0,0.6342,0.3776,0.4615,0.5889,0.393,0.0326
ORD-2024-1392,2024-03-17,2024-03-19,Consumer,Office Supplies,15,653.81,97.36,9.7,7,417.6,WH-North,West,Ground Freight,Delivered,5.0,2,2.7,1,6.49,0.2331,43.05,0,1,0,0,1,0,0,0,0,0,0,0,1,0.1772,0.2921,0.397,0.8326,0.1822,0.0181,0.1059
ORD-2024-1794,2024-05-28,2024-06-01,Consumer,Apparel,5,370.13,153.04,3.2,2,792.5,WH-South,Central,Express Air,Delivered,5.0,4,1.2,1,30.61,0.1931,247.66,1,0,0,0,1,0,0,0,1,0,0,0,0,0.0506,0.1593,0.6444,0.2443,0.3909,0.1226,0.0867
ORD-2024-1870,2024-04-13,2024-04-14,Consumer,Apparel,10,739.1,76.74,5.7,5,816.8,WH-Central,North,Standard Delivery,Delivered,5.0,1,0.7,1,7.67,0.094,143.3,0,0,0,1,1,0,0,0,0,0,1,0,0,0.1139,0.332,0.3054,0.4706,0.4044,0.0232,0.0389
ORD-2024-1397,2024-04-12,2024-04-16,Consumer,Apparel,3,212.49,35.27,7.7,5,409.8,WH-South,South,Standard Delivery,Delayed,3.0,4,2.7,1,11.76,0.0861,53.22,0,0,0,1,1,0,0,0,0,0,0,1,0,0.0253,0.0855,0.1212,0.6516,0.1779,0.041,0.0351
ORD-2024-1766,2024-01-10,2024-01-11,Home Office,Office Supplies,3,124.36,52.63,5.7,5,755.0,WH-East,East,Standard Delivery,Delayed,2.0,1,0.7,1,17.54,0.0697,132.46,0,0,0,1,0,0,1,0,0,1,0,0,0,0.0253,0.0442,0.1983,0.4706,0.37,0.066,0.0272
ORD-2024-2168,2024-01-14,2024-01-18,Consumer,Electronics,1,303.97,38.13,6.9,5,419.3,WH-West,North,Standard Delivery,Delivered,4.0,4,1.9,1,38.13,0.0909,60.77,0,0,0,1,1,0,0,0,0,0,1,0,0,0.0,0.1283,0.1339,0.5792,0.1832,0.1552,0.0374
ORD-2024-2028,2024-06-22,2024-06-24,Consumer,Industrial Machinery,2,2165.61,80.28,3.0,2,383.1,WH-North,Central,Express Air,Delivered,5.0,2,1.0,1,40.14,0.2096,127.7,1,0,0,0,1,0,0,0,1,0,0,0,0,0.0127,1.0,0.3211,0.2262,0.163,0.1639,0.0946
ORD-2024-1642,2024-03-31,2024-04-04,Consumer,Apparel,1,79.84,42.61,7.0,5,512.6,WH-East,East,Standard Delivery,Delivered,3.0,4,2.0,1,42.61,0.0831,73.23,0,0,0,1,1,0,0,0,0,1,0,0,0,0.0,0.0234,0.1538,0.5882,0.2351,0.1746,0.0336
ORD-2024-1612,2024-01-29,2024-01-30,Corporate,Electronics,2,456.54,86.56,8.9,7,906.5,WH-West,West,Ground Freight,Delivered,5.0,1,1.9,1,43.28,0.0955,101.85,0,1,0,0,0,1,0,0,0,0,0,0,1,0.0127,0.1997,0.349,0.7602,0.4543,0.1775,0.0396
ORD-2024-1960,2024-03-31,2024-04-04,Consumer,Apparel,2,127.88,43.81,4.8,5,699.3,WH-South,South,Standard Delivery,Delivered,4.0,4,-0.2,0,21.9,0.0626,145.69,0,0,0,1,1,0,0,0,0,0,0,1,0,0.0127,0.0459,0.1591,0.3891,0.339,0.0849,0.0238
ORD-2024-1725,2024-06-17,2024-06-20,Home Office,Healthcare Supplies,1,104.07,97.97,1.3,2,515.1,WH-East,Central,Express Air,Delivered,4.0,3,-0.7,0,97.97,0.1902,396.23,1,0,0,0,0,0,1,0,1,0,0,0,0,0.0,0.0347,0.3997,0.0724,0.2365,0.4145,0.0853
ORD-2024-1683,2024-05-31,2024-06-01,Corporate,Industrial Machinery,1,1414.76,38.16,4.1,5,612.5,WH-Central,North,Standard Delivery,Delivered,5.0,1,-0.9,0,38.16,0.0623,149.39,0,0,0,1,0,1,0,0,0,0,1,0,0,0.0,0.6484,0.134,0.3258,0.2907,0.1554,0.0236
ORD-2024-1098,2024-05-15,2024-05-19,Consumer,Healthcare Supplies,2,269.6,53.41,5.7,5,1052.0,WH-West,South,Standard Delivery,Delivered,5.0,4,0.7,1,26.7,0.0508,184.56,0,0,0,1,1,0,0,0,0,0,0,1,0,0.0127,0.1122,0.2018,0.4706,0.5353,0.1057,0.0181
ORD-2024-1804,2024-05-11,2024-05-14,Consumer,Apparel,1,58.91,42.24,4.9,5,504.8,WH-East,North,Standard Delivery,Delivered,5.0,3,-0.1,0,42.24,0.0837,103.02,0,0,0,1,1,0,0,0,0,0,1,0,0,0.0,0.0136,0.1521,0.3982,0.2308,0.173,0.0339
ORD-2024-1406,2024-04-22,2024-04-23,Consumer,Industrial Machinery,5,2165.61,233.07,2.0,1,1886.88,WH-East,Central,Same-Day Courier,Delayed,1.0,1,1.0,1,46.61,0.1235,943.44,0,0,1,0,1,0,0,0,1,0,0,0,0,0.0506,1.0,1.0,0.1357,1.0,0.192,0.0531
ORD-2024-1502,2024-01-23,2024-01-27,Consumer,Electronics,3,760.87,36.09,4.1,5,311.0,WH-South,South,Standard Delivery,Delivered,4.0,4,-0.9,0,12.03,0.116,75.85,0,0,0,1,1,0,0,0,0,0,0,1,0,0.0253,0.3422,0.1248,0.3258,0.1229,0.0421,0.0495
ORD-2024-2071,2024-01-27,2024-01-31,Consumer,Apparel,3,237.99,74.91,7.5,5,1254.4,WH-South,East,Standard Delivery,Delivered,3.0,4,2.5,1,24.97,0.0597,167.25,0,0,0,1,1,0,0,0,0,1,0,0,0,0.0253,0.0974,0.2973,0.6335,0.648,0.0982,0.0224
ORD-2024-2056,2024-01-15,2024-01-16,Home Office,Electronics,1,309.83,51.46,5.6,5,717.2,WH-North,South,Standard Delivery,Delayed,2.0,1,0.6,1,51.46,0.0718,128.07,0,0,0,1,0,0,1,0,0,0,0,1,0,0.0,0.131,0.1931,0.4615,0.349,0.213,0.0282
ORD-2024-1929,2024-06-18,2024-06-22,Consumer,Office Supplies,1,31.3,52.23,7.3,7,603.6,WH-East,East,Ground Freight,Delivered,3.0,4,0.3,1,52.23,0.0865,82.68,0,1,0,0,1,0,0,0,0,1,0,0,0,0.0,0.0006,0.1965,0.6154,0.2857,0.2163,0.0353
ORD-2024-1779,2024-04-22,2024-04-26,Corporate,Industrial Machinery,2,2165.61,49.45,5.2,5,677.0,WH-North,West,Standard Delivery,Delivered,4.0,4,0.2,1,24.72,0.073,130.19,0,0,0,1,0,1,0,0,0,0,0,0,1,0.0127,1.0,0.1842,0.4253,0.3266,0.0971,0.0288
ORD-2024-1200,2024-06-03,2024-06-04,Corporate,Office Supplies,1,35.45,53.41,4.6,5,319.3,WH-North,East,Standard Delivery,Delivered,4.0,1,-0.4,0,53.41,0.1673,69.41,0,0,0,1,0,1,0,0,0,1,0,0,0,0.0,0.0026,0.2018,0.371,0.1275,0.2214,0.0742
ORD-2024-1134,2024-05-19,2024-05-20,Small Business,Industrial Machinery,1,1440.89,129.25,1.7,1,570.4,WH-Central,West,Same-Day Courier,Delivered,4.0,1,0.7,1,129.25,0.2266,335.53,0,0,1,0,0,0,0,1,0,0,0,0,1,0.0,0.6607,0.5387,0.1086,0.2673,0.5501,0.1028
ORD-2024-2051,2024-01-08,2024-01-09,Corporate,Industrial Machinery,1,1427.72,143.9,1.8,1,679.9,WH-North,North,Same-Day Courier,Delivered,5.0,1,0.8,1,143.9,0.2116,377.72,0,0,1,0,0,1,0,0,0,0,1,0,0,0.0,0.6545,0.6038,0.1176,0.3282,0.6136,0.0956
ORD-2024-1040,2024-02-02,2024-02-05,Consumer,Office Supplies,2,62.04,75.28,8.0,7,786.4,WH-North,West,Ground Freight,Delivered,3.0,3,1.0,1,37.64,0.0957,98.3,0,1,0,0,1,0,0,0,0,0,0,0,1,0.0127,0.015,0.2989,0.6787,0.3875,0.1531,0.0397
ORD-2024-2017,2024-03-16,2024-03-17,Corporate,Apparel,2,142.38,126.63,1.8,2,830.5,WH-North,South,Express Air,Delivered,4.0,1,-0.2,0,63.32,0.1525,461.39,1,0,0,0,0,1,0,0,0,0,0,1,0,0.0127,0.0526,0.5271,0.1176,0.412,0.2644,0.0671
ORD-2024-1230,2024-05-19,2024-05-23,Home Office,Apparel,1,71.2,140.98,2.7,2,798.5,WH-West,West,Express Air,Delayed,2.0,4,0.7,1,140.98,0.1766,295.74,1,0,0,0,0,0,1,0,0,0,0,0,1,0.0,0.0193,0.5908,0.1991,0.3942,0.6009,0.0787
ORD-2024-1378,2024-04-12,2024-04-14,Home Office,Electronics,3,838.99,71.37,8.1,7,1042.4,WH-South,East,Ground Freight,Delivered,5.0,2,1.1,1,23.79,0.0685,128.69,0,1,0,0,0,0,1,0,0,1,0,0,0,0.0253,0.3788,0.2816,0.6878,0.53,0.0931,0.0266
ORD-2024-1288,2024-06-14,2024-06-18,Consumer,Electronics,1,263.53,35.92,5.3,5,438.8,WH-East,Central,Standard Delivery,Delivered,4.0,4,0.3,1,35.92,0.0819,82.79,0,0,0,1,1,0,0,0,1,0,0,0,0,0.0,0.1094,0.1241,0.4344,0.194,0.1456,0.0331
ORD-2024-1418,2024-04-01,2024-04-03,Corporate,Electronics,2,426.66,36.0,5.1,5,470.1,WH-South,South,Standard Delivery,Delivered,3.0,2,0.1,1,18.0,0.0766,92.18,0,0,0,1,0,1,0,0,0,0,0,1,0,0.0127,0.1858,0.1244,0.4163,0.2114,0.068,0.0305
ORD-2024-1391,2024-05-15,2024-05-19,Consumer,Apparel,2,131.84,172.58,4.3,2,1233.0,WH-North,West,Express Air,Delivered,3.0,4,2.3,1,86.29,0.14,286.74,1,0,0,0,1,0,0,0,0,0,0,0,1,0.0127,0.0477,0.7312,0.3439,0.6361,0.3639,0.0611
ORD-2024-1592,2024-05-08,2024-05-12,Consumer,Office Supplies,2,68.91,76.99,5.7,5,1297.3,WH-West,South,Standard Delivery,Delivered,5.0,4,0.7,1,38.49,0.0593,227.6,0,0,0,1,1,0,0,0,0,0,0,1,0,0.0127,0.0182,0.3065,0.4706,0.6719,0.1568,0.0222
ORD-2024-2162,2024-03-30,2024-03-31,Consumer,Office Supplies,3,97.41,46.06,7.1,5,498.3,WH-East,North,Standard Delivery,Delayed,3.0,1,2.1,1,15.35,0.0924,70.18,0,0,0,1,1,0,0,0,0,0,1,0,0,0.0253,0.0316,0.1691,0.5973,0.2271,0.0565,0.0381
ORD-2024-2086,2024-06-13,2024-06-14,Corporate,Office Supplies,2,85.96,50.93,5.4,7,316.1,WH-South,East,Ground Freight,Delivered,4.0,1,-1.6,0,25.46,0.1611,58.54,0,1,0,0,0,1,0,0,0,1,0,0,0,0.0127,0.0262,0.1907,0.4434,0.1257,0.1003,0.0712
ORD-2024-1647,2024-02-18,2024-02-19,Corporate,Electronics,10,2165.61,191.8,3.0,2,865.7,WH-North,West,Express Air,Delivered,4.0,1,1.0,1,19.18,0.2216,288.57,1,0,0,0,0,1,0,0,0,0,0,0,1,0.1139,1.0,0.8166,0.2262,0.4316,0.0731,0.1004
ORD-2024-2152,2024-01-23,2024-01-26,Corporate,Office Supplies,3,131.2,58.84,4.9,5,1010.0,WH-North,West,Standard Delivery,Delivered,4.0,3,-0.1,0,19.61,0.0583,206.12,0,0,0,1,0,1,0,0,0,0,0,0,1,0.0253,0.0474,0.2259,0.3982,0.5119,0.075,0.0217
ORD-2024-1520,2024-02-29,2024-03-01,Corporate,Office Supplies,1,43.44,59.33,6.8,7,639.6,WH-East,South,Ground Freight,Delivered,4.0,1,-0.2,0,59.33,0.0928,94.06,0,1,0,0,0,1,0,0,0,0,0,1,0,0.0,0.0063,0.2281,0.5701,0.3058,0.2471,0.0383
ORD-2024-1064,2024-02-08,2024-02-11,Consumer,Office Supplies,1,37.42,70.61,1.5,2,267.9,WH-South,South,Express Air,Delivered,4.0,3,-0.5,0,70.61,0.2636,178.6,1,0,0,0,1,0,0,0,0,0,0,1,0,0.0,0.0035,0.2782,0.0905,0.0989,0.296,0.1206
ORD-2024-1014,2024-03-23,2024-03-24,Consumer,Electronics,1,303.99,44.72,7.1,5,671.8,WH-East,East,Standard Delivery,Delayed,1.0,1,2.1,1,44.72,0.0666,94.62,0,0,0,1,1,0,0,0,0,1,0,0,0,0.0,0.1283,0.1631,0.5973,0.3237,0.1838,0.0257
ORD-2024-2180,2024-01-23,2024-01-24,Small Business,Industrial Machinery,3,2165.61,99.38,1.0,2,345.7,WH-South,West,Express Air,Delivered,4.0,1,-1.0,0,33.13,0.2875,345.7,1,0,0,0,0,0,0,1,0,0,0,0,1,0.0253,1.0,0.406,0.0452,0.1422,0.1336,0.1322
ORD-2024-2064,2024-03-22,2024-03-24,Consumer,Healthcare Supplies,1,96.17,34.38,4.4,5,367.1,WH-West,East,Standard Delivery,Delivered,4.0,2,-0.6,0,34.38,0.0937,83.43,0,0,0,1,1,0,0,0,0,1,0,0,0,0.0,0.031,0.1172,0.3529,0.1541,0.139,0.0388
ORD-2024-1492,2024-02-26,2024-02-27,Consumer,Apparel,4,290.0,150.15,3.8,2,1004.1,WH-West,East,Express Air,Delivered,4.0,1,1.8,1,37.54,0.1495,264.24,1,0,0,0,1,0,0,0,0,1,0,0,0,0.038,0.1218,0.6316,0.2986,0.5087,0.1527,0.0656
ORD-2024-1379,2024-03-15,2024-03-16,Consumer,Office Supplies,1,35.2,68.99,6.0,5,1074.8,WH-North,North,Standard Delivery,Delivered,4.0,1,1.0,1,68.99,0.0642,179.13,0,0,0,1,1,0,0,0,0,0,1,0,0,0.0,0.0025,0.271,0.4977,0.548,0.289,0.0245
ORD-2024-1187,2024-06-15,2024-06-17,Corporate,Apparel,3,209.91,74.77,9.0,5,1174.6,WH-North,South,Standard Delivery,Delayed,3.0,2,4.0,1,24.92,0.0637,130.51,0,0,0,1,0,1,0,0,0,0,0,1,0,0.0253,0.0843,0.2967,0.7692,0.6036,0.098,0.0243
ORD-2024-1763,2024-02-02,2024-02-03,Corporate,Electronics,8,2165.61,44.5,3.9,5,392.0,WH-East,North,Standard Delivery,Delivered,5.0,1,-1.1,0,5.56,0.1135,100.51,0,0,0,1,0,1,0,0,0,0,1,0,0,0.0886,1.0,0.1622,0.3077,0.168,0.0141,0.0483
ORD-2024-1216,2024-02-07,2024-02-09,Consumer,Healthcare Supplies,1,114.31,33.11,6.3,5,395.4,WH-South,East,Standard Delivery,Delayed,3.0,2,1.3,1,33.11,0.0837,62.76,0,0,0,1,1,0,0,0,0,1,0,0,0,0.0,0.0395,0.1116,0.5249,0.1699,0.1335,0.0339
ORD-2024-1791,2024-03-21,2024-03-24,Corporate,Industrial Machinery,1,1372.35,144.55,2.8,2,900.9,WH-East,Central,Express Air,Delayed,1.0,3,0.8,1,144.55,0.1605,321.75,1,0,0,0,0,1,0,0,1,0,0,0,0,0.0,0.6286,0.6067,0.2081,0.4512,0.6164,0.0709
ORD-2024-2076,2024-02-26,2024-02-27,Consumer,Apparel,50,2165.61,148.56,4.5,5,725.7,WH-West,North,Standard Delivery,Delivered,4.0,1,-0.5,0,2.97,0.2047,161.27,0,0,0,1,1,0,0,0,0,0,1,0,0,0.6203,1.0,0.6245,0.362,0.3537,0.0029,0.0922
ORD-2024-1878,2024-06-07,2024-06-09,Consumer,Apparel,5,375.35,54.03,6.4,5,691.3,WH-East,North,Standard Delivery,Delivered,4.0,2,1.4,1,10.81,0.0782,108.02,0,0,0,1,1,0,0,0,0,0,1,0,0,0.0506,0.1617,0.2045,0.5339,0.3346,0.0368,0.0313
ORD-2024-1337,2024-02-24,2024-02-28,Corporate,Office Supplies,1,42.33,148.37,2.8,2,1075.2,WH-East,North,Express Air,Delivered,4.0,4,0.8,1,148.37,0.138,384.0,1,0,0,0,0,1,0,0,0,0,1,0,0,0.0,0.0058,0.6237,0.2081,0.5482,0.633,0.0601
ORD-2024-1719,2024-05-04,2024-05-07,Corporate,Electronics,80,2165.61,216.29,3.4,5,167.7,WH-Central,West,Standard Delivery,Delivered,5.0,3,-1.6,0,2.7,1.2897,49.32,0,0,0,1,0,1,0,0,0,0,0,0,1,1.0,1.0,0.9254,0.2624,0.0431,0.0017,0.6152
ORD-2024-1295,2024-01-17,2024-01-21,Corporate,Office Supplies,15,540.68,91.19,5.1,5,1054.2,WH-South,East,Standard Delivery,Delivered,4.0,4,0.1,1,6.08,0.0865,206.71,0,0,0,1,0,1,0,0,0,1,0,0,0,0.1772,0.2391,0.3696,0.4163,0.5365,0.0163,0.0353
ORD-2024-2016,2024-01-30,2024-02-01,Consumer,Industrial Machinery,3,2165.61,55.27,2.9,5,791.5,WH-Central,North,Standard Delivery,Delivered,4.0,2,-2.1,0,18.42,0.0698,272.93,0,0,0,1,1,0,0,0,0,0,1,0,0,0.0253,1.0,0.21,0.2172,0.3903,0.0698,0.0272
ORD-2024-1455,2024-06-05,2024-06-06,Corporate,Electronics,1,233.66,69.25,5.6,5,1157.0,WH-East,West,Standard Delivery,Delayed,1.0,1,0.6,1,69.25,0.0599,206.61,0,0,0,1,0,1,0,0,0,0,0,0,1,0.0,0.0954,0.2721,0.4615,0.5938,0.2901,0.0225
ORD-2024-1815,2024-01-22,2024-01-23,Corporate,Apparel,1,58.18,39.12,5.2,5,567.4,WH-Central,West,Standard Delivery,Delivered,4.0,1,0.2,1,39.12,0.0689,109.12,0,0,0,1,0,1,0,0,0,0,0,0,1,0.0,0.0132,0.1383,0.4253,0.2656,0.1595,0.0268
ORD-2024-1269,2024-06-10,2024-06-13,Consumer,Healthcare Supplies,3,328.32,74.75,8.6,5,1146.5,WH-North,West,Standard Delivery,Delayed,2.0,3,3.6,1,24.92,0.0652,133.31,0,0,0,1,1,0,0,0,0,0,0,0,1,0.0253,0.1397,0.2966,0.733,0.5879,0.098,0.025
ORD-2024-1995,2024-05-24,2024-05-25,Consumer,Office Supplies,3,93.74,105.62,2.9,2,614.1,WH-North,North,Express Air,Delivered,4.0,1,0.9,1,35.21,0.172,211.76,1,0,0,0,1,0,0,0,0,0,1,0,0,0.0253,0.0299,0.4337,0.2172,0.2916,0.1426,0.0765
ORD-2024-1201,2024-05-15,2024-05-18,Consumer,Industrial Machinery,3,2165.61,233.07,3.2,1,1372.9,WH-West,Central,Same-Day Courier,Delayed,1.0,3,2.2,1,77.69,0.1698,429.03,0,0,1,0,1,0,0,0,1,0,0,0,0,0.0253,1.0,1.0,0.2443,0.7139,0.3267,0.0754
ORD-2024-1161,2024-04-10,2024-04-13,Corporate,Electronics,1,85.5,40.0,3.3,5,521.2,WH-South,Central,Standard Delivery,Delivered,4.0,3,-1.7,0,40.0,0.0767,157.94,0,0,0,1,0,1,0,0,1,0,0,0,0,0.0,0.026,0.1422,0.2534,0.2399,0.1633,0.0306
ORD-2024-1729,2024-06-12,2024-06-13,Consumer,Apparel,5,372.21,159.76,2.5,1,767.4,WH-East,North,Same-Day Courier,Delivered,3.0,1,1.5,1,31.95,0.2082,306.96,0,0,1,0,1,0,0,0,0,0,1,0,0,0.0506,0.1603,0.6743,0.181,0.3769,0.1284,0.0939
ORD-2024-1401,2024-04-16,2024-04-20,Small Business,Office Supplies,1,38.0,102.93,2.0,1,414.0,WH-North,West,Same-Day Courier,Delivered,5.0,4,1.0,1,102.93,0.2486,207.0,0,0,1,0,0,0,0,1,0,0,0,0,1,0.0,0.0038,0.4218,0.1357,0.1802,0.436,0.1134
ORD-2024-1702,2024-04-20,2024-04-22,Consumer,Industrial Machinery,5,2165.61,132.29,4.6,2,744.7,WH-West,North,Express Air,Delayed,3.0,2,2.6,1,26.46,0.1776,161.89,1,0,0,0,1,0,0,0,0,0,1,0,0,0.0506,1.0,0.5522,0.371,0.3643,0.1047,0.0792
ORD-2024-2129,2024-03-03,2024-03-05,Consumer,Apparel,8,494.99,60.15,6.9,5,651.0,WH-West,East,Standard Delivery,Delivered,3.0,2,1.9,1,7.52,0.0924,94.35,0,0,0,1,1,0,0,0,0,1,0,0,0,0.0886,0.2177,0.2317,0.5792,0.3121,0.0226,0.0381
ORD-2024-1565,2024-03-28,2024-03-30,Corporate,Healthcare Supplies,2,208.54,44.9,6.5,5,686.3,WH-North,South,Standard Delivery,Delivered,4.0,2,1.5,1,22.45,0.0654,105.58,0,0,0,1,0,1,0,0,0,0,0,1,0,0.0127,0.0836,0.1639,0.543,0.3318,0.0873,0.0251
ORD-2024-2021,2024-01-23,2024-01-24,Consumer,Office Supplies,4,130.95,136.48,8.7,7,1572.5,WH-South,East,Ground Freight,Delivered,5.0,1,1.7,1,34.12,0.0868,180.75,0,1,0,0,1,0,0,0,0,1,0,0,0,0.038,0.0473,0.5708,0.7421,0.825,0.1378,0.0354
ORD-2024-2025,2024-01-15,2024-01-17,Corporate,Industrial Machinery,1,1192.02,44.29,4.8,5,614.0,WH-West,North,Standard Delivery,Delivered,4.0,2,-0.2,0,44.29,0.0721,127.92,0,0,0,1,0,1,0,0,0,0,1,0,0,0.0,0.5441,0.1612,0.3891,0.2915,0.1819,0.0283
ORD-2024-2104,2024-02-07,2024-02-09,Small Business,Apparel,1,55.51,75.22,6.8,5,1259.9,WH-East,North,Standard Delivery,Delayed,1.0,2,1.8,1,75.22,0.0597,185.28,0,0,0,1,0,0,0,1,0,0,1,0,0,0.0,0.012,0.2987,0.5701,0.651,0.316,0.0224
ORD-2024-1205,2024-04-22,2024-04-26,Consumer,Healthcare Supplies,10,1307.93,74.17,5.1,5,747.1,WH-Central,West,Standard Delivery,Delivered,4.0,4,0.1,1,7.42,0.0993,146.49,0,0,0,1,1,0,0,0,0,0,0,0,1,0.1139,0.5984,0.294,0.4163,0.3656,0.0221,0.0414
ORD-2024-1034,2024-01-06,2024-01-07,Small Business,Office Supplies,2,70.37,43.88,5.7,5,526.0,WH-West,West,Standard Delivery,Delivered,4.0,1,0.7,1,21.94,0.0834,92.28,0,0,0,1,0,0,0,1,0,0,0,0,1,0.0127,0.0189,0.1594,0.4706,0.2426,0.0851,0.0338
ORD-2024-1775,2024-01-23,2024-01-27,Consumer,Electronics,2,575.64,69.45,4.7,5,1126.4,WH-South,West,Standard Delivery,Delivered,5.0,4,-0.3,0,34.72,0.0617,239.66,0,0,0,1,1,0,0,0,0,0,0,0,1,0.0127,0.2555,0.273,0.3801,0.5767,0.1404,0.0233
ORD-2024-1508,2024-06-26,2024-06-27,Small Business,Electronics,3,928.82,53.41,7.0,5,726.6,WH-South,West,Standard Delivery,Delayed,2.0,1,2.0,1,17.8,0.0735,103.8,0,0,0,1,0,0,0,1,0,0,0,0,1,0.0253,0.4209,0.2018,0.5882,0.3542,0.0671,0.029
ORD-2024-1091,2024-04-24,2024-04-25,Corporate,Office Supplies,3,95.78,69.24,7.7,5,1116.6,WH-North,West,Standard Delivery,Delivered,3.0,1,2.7,1,23.08,0.062,145.01,0,0,0,1,0,1,0,0,0,0,0,0,1,0.0253,0.0308,0.2721,0.6516,0.5713,0.09,0.0235
ORD-2024-1897,2024-04-21,2024-04-25,Home Office,Office Supplies,1,36.48,21.83,5.8,5,153.1,WH-South,West,Standard Delivery,Delayed,2.0,4,0.8,1,21.83,0.1426,26.4,0,0,0,1,0,0,1,0,0,0,0,0,1,0.0,0.0031,0.0614,0.4796,0.035,0.0846,0.0623
ORD-2024-1564,2024-04-14,2024-04-17,Consumer,Electronics,2,484.19,123.8,1.0,1,583.2,WH-Central,East,Same-Day Courier,Delivered,4.0,3,0.0,0,61.9,0.2123,583.2,0,0,1,0,1,0,0,0,0,1,0,0,0,0.0127,0.2127,0.5145,0.0452,0.2744,0.2582,0.0959
ORD-2024-1776,2024-04-18,2024-04-20,Consumer,Apparel,2,125.81,126.26,1.0,2,738.6,WH-West,West,Express Air,Delivered,5.0,2,-1.0,0,63.13,0.1709,738.6,1,0,0,0,1,0,0,0,0,0,0,0,1,0.0127,0.0449,0.5254,0.0452,0.3609,0.2636,0.076
ORD-2024-1241,2024-05-23,2024-05-25,Small Business,Office Supplies,4,172.81,52.73,7.2,5,723.8,WH-North,North,Standard Delivery,Delivered,3.0,2,2.2,1,13.18,0.0729,100.53,0,0,0,1,0,0,0,1,0,0,1,0,0,0.038,0.0669,0.1987,0.6063,0.3527,0.0471,0.0287
ORD-2024-1013,2024-05-17,2024-05-19,Consumer,Office Supplies,8,341.0,123.61,1.0,2,435.7,WH-South,East,Express Air,Delivered,4.0,2,-1.0,0,15.45,0.2837,435.7,1,0,0,0,1,0,0,0,0,1,0,0,0,0.0886,0.1456,0.5137,0.0452,0.1923,0.0569,0.1303
ORD-2024-1315,2024-05-24,2024-05-25,Corporate,Office Supplies,3,107.85,31.33,6.3,5,202.7,WH-North,West,Standard Delivery,Delayed,3.0,1,1.3,1,10.44,0.1546,32.17,0,0,0,1,0,1,0,0,0,0,0,0,1,0.0253,0.0365,0.1037,0.5249,0.0626,0.0352,0.0681
ORD-2024-1600,2024-04-04,2024-04-08,Consumer,Electronics,4,1172.69,42.68,4.6,5,410.7,WH-West,North,Standard Delivery,Delivered,5.0,4,-0.4,0,10.67,0.1039,89.28,0,0,0,1,1,0,0,0,0,0,1,0,0,0.038,0.5351,0.1541,0.371,0.1784,0.0362,0.0437
ORD-2024-1387,2024-06-20,2024-06-24,Consumer,Electronics,15,2165.61,200.04,3.1,1,214.5,WH-South,South,Same-Day Courier,Delivered,5.0,4,2.1,1,13.34,0.9326,69.19,0,0,1,0,1,0,0,0,0,0,0,1,0,0.1772,1.0,0.8532,0.2353,0.0692,0.0478,0.4431
ORD-2024-1166,2024-06-01,2024-06-03,Consumer,Electronics,2,491.28,53.41,1.9,5,399.0,WH-West,North,Standard Delivery,Delivered,4.0,2,-3.1,0,26.7,0.1339,210.0,0,0,0,1,1,0,0,0,0,0,1,0,0,0.0127,0.216,0.2018,0.1267,0.1719,0.1057,0.0581
ORD-2024-1840,2024-02-12,2024-02-13,Consumer,Apparel,2,145.15,53.47,5.6,5,756.1,WH-East,Central,Standard Delivery,Delayed,1.0,1,0.6,1,26.74,0.0707,135.02,0,0,0,1,1,0,0,0,1,0,0,0,0,0.0127,0.0539,0.202,0.4615,0.3706,0.1059,0.0277
ORD-2024-1020,2024-06-24,2024-06-27,Corporate,Industrial Machinery,3,2165.61,155.69,4.8,2,989.3,WH-East,West,Express Air,Delivered,4.0,3,2.8,1,51.9,0.1574,206.1,1,0,0,0,0,1,0,0,0,0,0,0,1,0.0253,1.0,0.6562,0.3891,0.5004,0.2149,0.0695
ORD-2024-1646,2024-04-19,2024-04-22,Corporate,Industrial Machinery,1,1310.67,58.75,7.1,5,992.7,WH-South,Central,Standard Delivery,Delivered,4.0,3,2.1,1,58.75,0.0592,139.82,0,0,0,1,0,1,0,0,1,0,0,0,0,0.0,0.5997,0.2255,0.5973,0.5023,0.2446,0.0221
ORD-2024-2154,2024-04-27,2024-04-29,Corporate,Industrial Machinery,10,2165.61,85.27,6.5,5,955.6,WH-Central,North,Standard Delivery,Delayed,3.0,2,1.5,1,8.53,0.0892,147.02,0,0,0,1,0,1,0,0,0,0,1,0,0,0.1139,1.0,0.3433,0.543,0.4817,0.027,0.0366
ORD-2024-1831,2024-03-14,2024-03-15,Corporate,Electronics,3,735.66,63.41,6.6,5,987.5,WH-South,West,Standard Delivery,Delayed,3.0,1,1.6,1,21.14,0.0642,149.62,0,0,0,1,0,1,0,0,0,0,0,0,1,0.0253,0.3304,0.2462,0.552,0.4994,0.0816,0.0245
ORD-2024-1562,2024-03-22,2024-03-25,Consumer,Electronics,1,311.51,41.4,6.4,5,667.7,WH-North,East,Standard Delivery,Delayed,2.0,3,1.4,1,41.4,0.062,104.33,0,0,0,1,1,0,0,0,0,1,0,0,0,0.0,0.1318,0.1484,0.5339,0.3214,0.1694,0.0235
ORD-2024-2242,2024-02-25,2024-02-26,Home Office,Apparel,10,651.83,168.85,3.6,2,563.4,WH-South,West,Express Air,Delivered,4.0,1,1.6,1,16.88,0.2997,156.5,1,0,0,0,0,0,1,0,0,0,0,0,1,0.1139,0.2912,0.7147,0.2805,0.2634,0.0631,0.138
ORD-2024-1686,2024-05-11,2024-05-13,Corporate,Electronics,3,700.06,233.07,5.9,2,1886.88,WH-South,South,Express Air,Delayed,3.0,2,3.9,1,77.69,0.1235,319.81,1,0,0,0,0,1,0,0,0,0,0,1,0,0.0253,0.3138,1.0,0.4887,1.0,0.3267,0.0531
ORD-2024-1957,2024-04-03,2024-04-05,Consumer,Apparel,1,71.49,42.1,3.8,5,584.5,WH-North,West,Standard Delivery,Delivered,5.0,2,-1.2,0,42.1,0.072,153.82,0,0,0,1,1,0,0,0,0,0,0,0,1,0.0,0.0194,0.1515,0.2986,0.2751,0.1724,0.0283
ORD-2024-1189,2024-04-28,2024-04-29,Consumer,Industrial Machinery,1,1283.64,50.89,7.5,5,908.9,WH-South,South,Standard Delivery,Delivered,4.0,1,2.5,1,50.89,0.056,121.19,0,0,0,1,1,0,0,0,0,0,0,1,0,0.0,0.587,0.1906,0.6335,0.4557,0.2105,0.0206
ORD-2024-1975,2024-03-17,2024-03-20,Consumer,Office Supplies,1,35.84,146.6,3.7,1,629.7,WH-North,West,Same-Day Courier,Delayed,2.0,3,2.7,1,146.6,0.2328,170.19,0,0,1,0,1,0,0,0,0,0,0,0,1,0.0,0.0028,0.6158,0.2896,0.3003,0.6253,0.1058
ORD-2024-1699,2024-02-11,2024-02-12,Corporate,Office Supplies,1,37.56,36.86,4.8,5,530.4,WH-West,South,Standard Delivery,Delivered,4.0,1,-0.2,0,36.86,0.0695,110.5,0,0,0,1,0,1,0,0,0,0,0,1,0,0.0,0.0036,0.1282,0.3891,0.245,0.1497,0.0271
ORD-2024-1510,2024-04-14,2024-04-17,Corporate,Office Supplies,5,194.59,58.56,5.7,5,753.1,WH-North,East,Standard Delivery,Delivered,4.0,3,0.7,1,11.71,0.0778,132.12,0,0,0,1,0,1,0,0,0,1,0,0,0,0.0506,0.0771,0.2246,0.4706,0.369,0.0407,0.0311
ORD-2024-2082,2024-04-28,2024-05-02,Consumer,Industrial Machinery,1,1064.76,44.14,5.1,5,572.7,WH-East,South,Standard Delivery,Delivered,4.0,4,0.1,1,44.14,0.0771,112.29,0,0,0,1,1,0,0,0,0,0,0,1,0,0.0,0.4845,0.1606,0.4163,0.2686,0.1813,0.0307
ORD-2024-1474,2024-04-30,2024-05-01,Corporate,Industrial Machinery,4,2165.61,44.44,6.4,5,590.8,WH-East,South,Standard Delivery,Delivered,3.0,1,1.4,1,11.11,0.0752,92.31,0,0,0,1,0,1,0,0,0,0,0,1,0,0.038,1.0,0.1619,0.5339,0.2786,0.0381,0.0298
ORD-2024-1856,2024-03-10,2024-03-12,Consumer,Apparel,4,259.82,52.26,5.4,5,625.8,WH-West,West,Standard Delivery,Delivered,4.0,2,0.4,1,13.06,0.0835,115.89,0,0,0,1,1,0,0,0,0,0,0,0,1,0.038,0.1076,0.1966,0.4434,0.2981,0.0466,0.0338
ORD-2024-1747,2024-06-15,2024-06-19,Corporate,Electronics,2,465.81,194.28,3.4,1,877.4,WH-North,South,Same-Day Courier,Delivered,5.0,4,2.4,1,97.14,0.2214,258.06,0,0,1,0,0,1,0,0,0,0,0,1,0,0.0127,0.2041,0.8277,0.2624,0.4381,0.4109,0.1003
ORD-2024-1252,2024-04-01,2024-04-04,Home Office,Electronics,2,452.61,170.44,11.55,2,1315.9,WH-West,South,Express Air,Delayed,2.0,3,9.55,1,85.22,0.1295,113.93,1,0,0,0,0,0,1,0,0,0,0,1,0,0.0127,0.1979,0.7217,1.0,0.6822,0.3593,0.056
ORD-2024-1021,2024-01-02,2024-01-04,Consumer,Apparel,1,61.25,49.49,5.4,5,773.0,WH-Central,North,Standard Delivery,Delivered,4.0,2,0.4,1,49.49,0.064,143.15,0,0,0,1,1,0,0,0,0,0,1,0,0,0.0,0.0147,0.1843,0.4434,0.38,0.2045,0.0244
ORD-2024-1459,2024-01-19,2024-01-22,Consumer,Industrial Machinery,3,2165.61,131.42,1.0,1,453.1,WH-North,West,Same-Day Courier,Delivered,5.0,3,0.0,0,43.81,0.29,453.1,0,0,1,0,1,0,0,0,0,0,0,0,1,0.0253,1.0,0.5484,0.0452,0.202,0.1798,0.1334
ORD-2024-2184,2024-04-15,2024-04-19,Consumer,Healthcare Supplies,25,2165.61,74.6,3.6,5,128.6,WH-East,West,Standard Delivery,Delivered,4.0,4,-1.4,0,2.98,0.5801,35.72,0,0,0,1,1,0,0,0,0,0,0,0,1,0.3038,1.0,0.2959,0.2805,0.0214,0.0029,0.2732
ORD-2024-1276,2024-02-23,2024-02-27,Home Office,Electronics,5,1081.5,86.34,4.6,5,1462.3,WH-South,North,Standard Delivery,Delivered,5.0,4,-0.4,0,17.27,0.059,317.89,0,0,0,1,0,0,1,0,0,0,1,0,0,0.0506,0.4924,0.3481,0.371,0.7637,0.0648,0.022
ORD-2024-1955,2024-04-11,2024-04-13,Consumer,Healthcare Supplies,8,821.18,111.69,2.9,2,410.9,WH-South,North,Express Air,Delivered,5.0,2,0.9,1,13.96,0.2718,141.69,1,0,0,0,1,0,0,0,0,0,1,0,0,0.0886,0.3705,0.4607,0.2172,0.1785,0.0505,0.1246
ORD-2024-2215,2024-03-03,2024-03-04,Consumer,Electronics,1,264.71,85.01,10.9,7,1055.6,WH-North,South,Ground Freight,Returned,1.0,1,3.9,1,85.01,0.0805,96.84,0,1,0,0,1,0,0,0,0,0,0,1,0,0.0,0.1099,0.3422,0.9412,0.5373,0.3584,0.0324
ORD-2024-1385,2024-03-21,2024-03-24,Home Office,Electronics,4,1156.04,198.41,3.2,2,1453.8,WH-North,Central,Express Air,Delivered,3.0,3,1.2,1,49.6,0.1365,454.31,1,0,0,0,0,0,1,0,1,0,0,0,0,0.038,0.5273,0.846,0.2443,0.759,0.2049,0.0594
ORD-2024-1805,2024-04-09,2024-04-13,Corporate,Industrial Machinery,8,2165.61,59.43,6.4,5,506.7,WH-East,South,Standard Delivery,Delayed,1.0,4,1.4,1,7.43,0.1173,79.17,0,0,0,1,0,1,0,0,0,0,0,1,0,0.0886,1.0,0.2285,0.5339,0.2318,0.0222,0.0501
ORD-2024-1343,2024-04-25,2024-04-27,Consumer,Electronics,1,305.23,75.59,6.3,5,1417.5,WH-Central,Central,Standard Delivery,Delivered,5.0,2,1.3,1,75.59,0.0533,225.0,0,0,0,1,1,0,0,0,1,0,0,0,0,0.0,0.1289,0.3003,0.5249,0.7388,0.3176,0.0193
ORD-2024-1769,2024-03-17,2024-03-19,Home Office,Industrial Machinery,1,1069.45,156.96,1.0,1,638.7,WH-North,West,Same-Day Courier,Delivered,4.0,2,0.0,0,156.96,0.2457,638.7,0,0,1,0,0,0,1,0,0,0,0,0,1,0.0,0.4867,0.6618,0.0452,0.3053,0.6702,0.112
ORD-2024-1130,2024-03-15,2024-03-18,Consumer,Electronics,2,525.48,81.34,1.0,2,293.5,WH-East,East,Express Air,Delivered,4.0,3,-1.0,0,40.67,0.2771,293.5,1,0,0,0,1,0,0,0,0,1,0,0,0,0.0127,0.232,0.3259,0.0452,0.1132,0.1662,0.1271
ORD-2024-1871,2024-03-15,2024-03-16,Consumer,Office Supplies,10,383.08,82.29,7.5,5,975.1,WH-West,East,Standard Delivery,Delayed,2.0,1,2.5,1,8.23,0.0844,130.01,0,0,0,1,1,0,0,0,0,1,0,0,0,0.1139,0.1653,0.3301,0.6335,0.4925,0.0257,0.0343
ORD-2024-2123,2024-05-27,2024-05-31,Home Office,Office Supplies,3,117.61,163.83,2.0,1,595.8,WH-North,Central,Same-Day Courier,Delivered,5.0,4,1.0,1,54.61,0.275,297.9,0,0,1,0,0,0,1,0,1,0,0,0,0,0.0253,0.041,0.6924,0.1357,0.2814,0.2266,0.1261
ORD-2024-1087,2024-05-28,2024-05-31,Corporate,Industrial Machinery,1,1104.11,92.89,6.9,5,1886.88,WH-North,West,Standard Delivery,Delayed,1.0,3,1.9,1,92.89,0.0492,273.46,0,0,0,1,0,1,0,0,0,0,0,0,1,0.0,0.503,0.3772,0.5792,1.0,0.3925,0.0173
ORD-2024-1330,2024-02-08,2024-02-10,Consumer,Electronics,1,273.99,63.07,5.2,5,1153.1,WH-West,East,Standard Delivery,Delivered,3.0,2,0.2,1,63.07,0.0547,221.75,0,0,0,1,1,0,0,0,0,1,0,0,0,0.0,0.1143,0.2447,0.4253,0.5916,0.2633,0.02
ORD-2024-2238,2024-03-07,2024-03-09,Small Business,Industrial Machinery,3,2165.61,56.17,7.4,7,413.4,WH-West,West,Ground Freight,Delivered,5.0,2,0.4,1,18.72,0.1359,55.86,0,1,0,0,0,0,0,1,0,0,0,0,1,0.0253,1.0,0.214,0.6244,0.1799,0.0711,0.0591
ORD-2024-1466,2024-02-15,2024-02-19,Consumer,Electronics,4,1182.23,56.25,8.1,7,451.2,WH-North,West,Ground Freight,Delayed,1.0,4,1.1,1,14.06,0.1247,55.7,0,1,0,0,1,0,0,0,0,0,0,0,1,0.038,0.5395,0.2144,0.6878,0.2009,0.0509,0.0537
ORD-2024-1121,2024-03-17,2024-03-21,Home Office,Electronics,1,270.19,233.07,4.3,1,1482.4,WH-North,Central,Same-Day Courier,Delayed,2.0,4,3.3,1,233.07,0.1572,344.74,0,0,1,0,0,0,1,0,1,0,0,0,0,0.0,0.1125,1.0,0.3439,0.7749,1.0,0.0694
ORD-2024-2044,2024-04-07,2024-04-09,Home Office,Electronics,3,717.1,193.08,4.3,2,1407.3,WH-South,Central,Express Air,Delivered,3.0,2,2.3,1,64.36,0.1372,327.28,1,0,0,0,0,0,1,0,1,0,0,0,0,0.0253,0.3217,0.8223,0.3439,0.7331,0.2689,0.0597
ORD-2024-2095,2024-01-23,2024-01-25,Consumer,Industrial Machinery,3,2165.61,105.34,1.0,2,691.5,WH-South,East,Express Air,Delivered,5.0,2,-1.0,0,35.11,0.1523,691.5,1,0,0,0,1,0,0,0,0,1,0,0,0,0.0253,1.0,0.4325,0.0452,0.3347,0.1421,0.067
ORD-2024-2130,2024-03-24,2024-03-27,Corporate,Apparel,1,63.18,36.68,5.0,5,507.2,WH-North,West,Standard Delivery,Delivered,3.0,3,0.0,0,36.68,0.0723,101.44,0,0,0,1,0,1,0,0,0,0,0,0,1,0.0,0.0156,0.1274,0.4072,0.2321,0.1489,0.0284
ORD-2024-1860,2024-04-21,2024-04-24,Home Office,Electronics,2,455.15,68.64,6.5,5,1288.6,WH-South,West,Standard Delivery,Delivered,3.0,3,1.5,1,34.32,0.0533,198.25,0,0,0,1,0,0,1,0,0,0,0,0,1,0.0127,0.1991,0.2694,0.543,0.667,0.1387,0.0193
ORD-2024-2126,2024-05-19,2024-05-23,Consumer,Office Supplies,1,30.31,91.36,4.0,2,564.9,WH-East,North,Express Air,Delivered,4.0,4,2.0,1,91.36,0.1617,141.22,1,0,0,0,1,0,0,0,0,0,1,0,0,0.0,0.0002,0.3704,0.3167,0.2642,0.3859,0.0715
